iso3,window_start,window_end,usd_paid_committed,plan_ids,retrieved_at,source
ARE,2022-10-01,2023-09-30,15000000,1186;1156;1273;1510,2026-09-28T06:57:17Z,src_20260928_fts_plan-1186-p1;src_20260928_fts_plan-1156-p1;src_20260928_fts_plan-1156-p2;src_20260928_fts_plan-1273-p1;src_20260928_fts_plan-1273-p2;src_20260928_fts_plan-1510-p1;src_20260928_fts_plan-1510-p2;src_20260928_fts_locations
ARE,2022-11-01,2023-10-31,77638890,1186;1156;1273;1510,2026-09-28T06:57:17Z,src_20260928_fts_plan-1186-p1;src_20260928_fts_plan-1156-p1;src_20260928_fts_plan-1156-p2;src_20260928_fts_plan-1273-p1;src_20260928_fts_plan-1273-p2;src_20260928_fts_plan-1510-p1;src_20260928_fts_plan-1510-p2;src_20260928_fts_locations
ARE,2022-12-01,2023-11-30,79613494,1186;1156;1273;1510,2026-09-28T06:57:17Z,src_20260928_fts_plan-1186-p1;src_20260928_fts_plan-1156-p1;src_20260928_fts_plan-1156-p2;src_20260928_fts_plan-1273-p1;src_20260928_fts_plan-1273-p2;src_20260928_fts_plan-1510-p1;src_20260928_fts_plan-1510-p2;src_20260928_fts_locations
ARE,2023-01-01,2023-12-31,79613494,1186;1156;1273;1510,2026-09-28T06:57:17Z,src_20260928_fts_plan-1186-p1;src_20260928_fts_plan-1156-p1;src_20260928_fts_plan-1156-p2;src_20260928_fts_plan-1273-p1;src_20260928_fts_plan-1273-p2;src_20260928_fts_plan-1510-p1;src_20260928_fts_plan-1510-p2;src_20260928_fts_locations
ARE,2023-02-01,2024-01-31,91325494,1186;1156;1273;1510,2026-09-28T06:57:17Z,src_20260928_fts_plan-1186-p1;src_20260928_fts_plan-1156-p1;src_20260928_fts_plan-1156-p2;src_20260928_fts_plan-1273-p1;src_20260928_fts_plan-1273-p2;src_20260928_fts_plan-1510-p1;src_20260928_fts_plan-1510-p2;src_20260928_fts_locations
ARE,2023-03-01,2024-02-29,91325494,1186;1156;1273;1510,2026-09-28T06:57:17Z,src_20260928_fts_plan-1186-p1;src_20260928_fts_plan-1156-p1;src_20260928_fts_plan-1156-p2;src_20260928_fts_plan-1273-p1;src_20260928_fts_plan-1273-p2;src_20260928_fts_plan-1510-p1;src_20260928_fts_plan-1510-p2;src_20260928_fts_locations
ARE,2023-04-01,2024-03-31,91325494,1186;1156;1273;1510,2026-09-28T06:57:17Z,src_20260928_fts_plan-1186-p1;src_20260928_fts_plan-1156-p1;src_20260928_fts_plan-1156-p2;src_20260928_fts_plan-1273-p1;src_20260928_fts_plan-1273-p2;src_20260928_fts_plan-1510-p1;src_20260928_fts_plan-1510-p2;src_20260928_fts_locations
ARE,2023-05-01,2024-04-30,199383556,1186;1156;1273;1510,2026-09-28T06:57:17Z,src_20260928_fts_plan-1186-p1;src_20260928_fts_plan-1156-p1;src_20260928_fts_plan-1156-p2;src_20260928_fts_plan-1273-p1;src_20260928_fts_plan-1273-p2;src_20260928_fts_plan-1510-p1;src_20260928_fts_plan-1510-p2;src_20260928_fts_locations
ARE,2023-06-01,2024-05-31,221132640,1186;1156;1273;1510,2026-09-28T06:57:17Z,src_20260928_fts_plan-1186-p1;src_20260928_fts_plan-1156-p1;src_20260928_fts_plan-1156-p2;src_20260928_fts_plan-1273-p1;src_20260928_fts_plan-1273-p2;src_20260928_fts_plan-1510-p1;src_20260928_fts_plan-1510-p2;src_20260928_fts_locations
ARE,2023-07-01,2024-06-30,221132640,1186;1156;1273;1510,2026-09-28T06:57:17Z,src_20260928_fts_plan-1186-p1;src_20260928_fts_plan-1156-p1;src_20260928_fts_plan-1156-p2;src_20260928_fts_plan-1273-p1;src_20260928_fts_plan-1273-p2;src_20260928_fts_plan-1510-p1;src_20260928_fts_plan-1510-p2;src_20260928_fts_locations
ARE,2023-08-01,2024-07-31,221132640,1186;1156;1273;1510,2026-09-28T06:57:17Z,src_20260928_fts_plan-1186-p1;src_20260928_fts_plan-1156-p1;src_20260928_fts_plan-1156-p2;src_20260928_fts_plan-1273-p1;src_20260928_fts_plan-1273-p2;src_20260928_fts_plan-1510-p1;src_20260928_fts_plan-1510-p2;src_20260928_fts_locations
ARE,2023-09-01,2024-08-31,206132640,1186;1156;1273;1510,2026-09-28T06:57:17Z,src_20260928_fts_plan-1186-p1;src_20260928_fts_plan-1156-p1;src_20260928_fts_plan-1156-p2;src_20260928_fts_plan-1273-p1;src_20260928_fts_plan-1273-p2;src_20260928_fts_plan-1510-p1;src_20260928_fts_plan-1510-p2;src_20260928_fts_locations
ARE,2023-10-01,2024-09-30,236170697,1186;1156;1273;1510,2026-09-28T06:57:17Z,src_20260928_fts_plan-1186-p1;src_20260928_fts_plan-1156-p1;src_20260928_fts_plan-1156-p2;src_20260928_fts_plan-1273-p1;src_20260928_fts_plan-1273-p2;src_20260928_fts_plan-1510-p1;src_20260928_fts_plan-1510-p2;src_20260928_fts_locations
ARE,2023-11-01,2024-10-31,173531807,1186;1156;1273;1510,2026-09-28T06:57:17Z,src_20260928_fts_plan-1186-p1;src_20260928_fts_plan-1156-p1;src_20260928_fts_plan-1156-p2;src_20260928_fts_plan-1273-p1;src_20260928_fts_plan-1273-p2;src_20260928_fts_plan-1510-p1;src_20260928_fts_plan-1510-p2;src_20260928_fts_locations
ARE,2023-12-01,2024-11-30,177601482,1186;1156;1273;1510,2026-09-28T06:57:17Z,src_20260928_fts_plan-1186-p1;src_20260928_fts_plan-1156-p1;src_20260928_fts_plan-1156-p2;src_20260928_fts_plan-1273-p1;src_20260928_fts_plan-1273-p2;src_20260928_fts_plan-1510-p1;src_20260928_fts_plan-1510-p2;src_20260928_fts_locations
ARE,2024-01-01,2024-12-31,177601482,1186;1156;1273;1510,2026-09-28T06:57:17Z,src_20260928_fts_plan-1186-p1;src_20260928_fts_plan-1156-p1;src_20260928_fts_plan-1156-p2;src_20260928_fts_plan-1273-p1;src_20260928_fts_plan-1273-p2;src_20260928_fts_plan-1510-p1;src_20260928_fts_plan-1510-p2;src_20260928_fts_locations
ARE,2024-02-01,2025-01-31,165889482,1186;1156;1273;1510,2026-09-28T06:57:17Z,src_20260928_fts_plan-1186-p1;src_20260928_fts_plan-1156-p1;src_20260928_fts_plan-1156-p2;src_20260928_fts_plan-1273-p1;src_20260928_fts_plan-1273-p2;src_20260928_fts_plan-1510-p1;src_20260928_fts_plan-1510-p2;src_20260928_fts_locations
ARE,2024-03-01,2025-02-28,165889482,1186;1156;1273;1510,2026-09-28T06:57:17Z,src_20260928_fts_plan-1186-p1;src_20260928_fts_plan-1156-p1;src_20260928_fts_plan-1156-p2;src_20260928_fts_plan-1273-p1;src_20260928_fts_plan-1273-p2;src_20260928_fts_plan-1510-p1;src_20260928_fts_plan-1510-p2;src_20260928_fts_locations
ARE,2024-04-01,2025-03-31,165889482,1186;1156;1273;1510,2026-09-28T06:57:17Z,src_20260928_fts_plan-1186-p1;src_20260928_fts_plan-1156-p1;src_20260928_fts_plan-1156-p2;src_20260928_fts_plan-1273-p1;src_20260928_fts_plan-1273-p2;src_20260928_fts_plan-1510-p1;src_20260928_fts_plan-1510-p2;src_20260928_fts_locations
ARE,2024-05-01,2025-04-30,57831420,1186;1156;1273;1510,2026-09-28T06:57:17Z,src_20260928_fts_plan-1186-p1;src_20260928_fts_plan-1156-p1;src_20260928_fts_plan-1156-p2;src_20260928_fts_plan-1273-p1;src_20260928_fts_plan-1273-p2;src_20260928_fts_plan-1510-p1;src_20260928_fts_plan-1510-p2;src_20260928_fts_locations
ARE,2024-06-01,2025-05-31,56082337,1186;1156;1273;1510,2026-09-28T06:57:17Z,src_20260928_fts_plan-1186-p1;src_20260928_fts_plan-1156-p1;src_20260928_fts_plan-1156-p2;src_20260928_fts_plan-1273-p1;src_20260928_fts_plan-1273-p2;src_20260928_fts_plan-1510-p1;src_20260928_fts_plan-1510-p2;src_20260928_fts_locations
ARE,2024-07-01,2025-06-30,66082337,1186;1156;1273;1510,2026-09-28T06:57:17Z,src_20260928_fts_plan-1186-p1;src_20260928_fts_plan-1156-p1;src_20260928_fts_plan-1156-p2;src_20260928_fts_plan-1273-p1;src_20260928_fts_plan-1273-p2;src_20260928_fts_plan-1510-p1;src_20260928_fts_plan-1510-p2;src_20260928_fts_locations
ARE,2024-08-01,2025-07-31,66082337,1186;1156;1273;1510,2026-09-28T06:57:17Z,src_20260928_fts_plan-1186-p1;src_20260928_fts_plan-1156-p1;src_20260928_fts_plan-1156-p2;src_20260928_fts_plan-1273-p1;src_20260928_fts_plan-1273-p2;src_20260928_fts_plan-1510-p1;src_20260928_fts_plan-1510-p2;src_20260928_fts_locations
ARE,2024-09-01,2025-08-31,68916550,1186;1156;1273;1510,2026-09-28T06:57:17Z,src_20260928_fts_plan-1186-p1;src_20260928_fts_plan-1156-p1;src_20260928_fts_plan-1156-p2;src_20260928_fts_plan-1273-p1;src_20260928_fts_plan-1273-p2;src_20260928_fts_plan-1510-p1;src_20260928_fts_plan-1510-p2;src_20260928_fts_locations
ARE,2024-10-01,2025-09-30,38878493,1186;1156;1273;1510,2026-09-28T06:57:17Z,src_20260928_fts_plan-1186-p1;src_20260928_fts_plan-1156-p1;src_20260928_fts_plan-1156-p2;src_20260928_fts_plan-1273-p1;src_20260928_fts_plan-1273-p2;src_20260928_fts_plan-1510-p1;src_20260928_fts_plan-1510-p2;src_20260928_fts_locations
ARE,2024-11-01,2025-10-31,39398493,1186;1156;1273;1510,2026-09-28T06:57:17Z,src_20260928_fts_plan-1186-p1;src_20260928_fts_plan-1156-p1;src_20260928_fts_plan-1156-p2;src_20260928_fts_plan-1273-p1;src_20260928_fts_plan-1273-p2;src_20260928_fts_plan-1510-p1;src_20260928_fts_plan-1510-p2;src_20260928_fts_locations
ARE,2024-12-01,2025-11-30,112922886,1186;1156;1273;1510,2026-09-28T06:57:17Z,src_20260928_fts_plan-1186-p1;src_20260928_fts_plan-1156-p1;src_20260928_fts_plan-1156-p2;src_20260928_fts_plan-1273-p1;src_20260928_fts_plan-1273-p2;src_20260928_fts_plan-1510-p1;src_20260928_fts_plan-1510-p2;src_20260928_fts_locations
ARE,2025-01-01,2025-12-31,112922886,1186;1156;1273;1510,2026-09-28T06:57:17Z,src_20260928_fts_plan-1186-p1;src_20260928_fts_plan-1156-p1;src_20260928_fts_plan-1156-p2;src_20260928_fts_plan-1273-p1;src_20260928_fts_plan-1273-p2;src_20260928_fts_plan-1510-p1;src_20260928_fts_plan-1510-p2;src_20260928_fts_locations
ARE,2025-02-01,2026-01-31,418163615,1186;1156;1273;1510,2026-09-28T06:57:17Z,src_20260928_fts_plan-1186-p1;src_20260928_fts_plan-1156-p1;src_20260928_fts_plan-1156-p2;src_20260928_fts_plan-1273-p1;src_20260928_fts_plan-1273-p2;src_20260928_fts_plan-1510-p1;src_20260928_fts_plan-1510-p2;src_20260928_fts_locations
ARE,2025-03-01,2026-02-28,418163615,1186;1156;1273;1510,2026-09-28T06:57:17Z,src_20260928_fts_plan-1186-p1;src_20260928_fts_plan-1156-p1;src_20260928_fts_plan-1156-p2;src_20260928_fts_plan-1273-p1;src_20260928_fts_plan-1273-p2;src_20260928_fts_plan-1510-p1;src_20260928_fts_plan-1510-p2;src_20260928_fts_locations
ARE,2025-04-01,2026-03-31,418163615,1186;1156;1273;1510,2026-09-28T06:57:17Z,src_20260928_fts_plan-1186-p1;src_20260928_fts_plan-1156-p1;src_20260928_fts_plan-1156-p2;src_20260928_fts_plan-1273-p1;src_20260928_fts_plan-1273-p2;src_20260928_fts_plan-1510-p1;src_20260928_fts_plan-1510-p2;src_20260928_fts_locations
ARE,2025-05-01,2026-04-30,418163615,1186;1156;1273;1510,2026-09-28T06:57:17Z,src_20260928_fts_plan-1186-p1;src_20260928_fts_plan-1156-p1;src_20260928_fts_plan-1156-p2;src_20260928_fts_plan-1273-p1;src_20260928_fts_plan-1273-p2;src_20260928_fts_plan-1510-p1;src_20260928_fts_plan-1510-p2;src_20260928_fts_locations
ARE,2025-06-01,2026-05-31,398163614,1186;1156;1273;1510,2026-09-28T06:57:17Z,src_20260928_fts_plan-1186-p1;src_20260928_fts_plan-1156-p1;src_20260928_fts_plan-1156-p2;src_20260928_fts_plan-1273-p1;src_20260928_fts_plan-1273-p2;src_20260928_fts_plan-1510-p1;src_20260928_fts_plan-1510-p2;src_20260928_fts_locations
ARE,2025-07-01,2026-06-30,388492584,1186;1156;1273;1510,2026-09-28T06:57:17Z,src_20260928_fts_plan-1186-p1;src_20260928_fts_plan-1156-p1;src_20260928_fts_plan-1156-p2;src_20260928_fts_plan-1273-p1;src_20260928_fts_plan-1273-p2;src_20260928_fts_plan-1510-p1;src_20260928_fts_plan-1510-p2;src_20260928_fts_locations
ARE,2025-08-01,2026-07-31,786335946,1186;1156;1273;1510,2026-09-28T06:57:17Z,src_20260928_fts_plan-1186-p1;src_20260928_fts_plan-1156-p1;src_20260928_fts_plan-1156-p2;src_20260928_fts_plan-1273-p1;src_20260928_fts_plan-1273-p2;src_20260928_fts_plan-1510-p1;src_20260928_fts_plan-1510-p2;src_20260928_fts_locations
ARE,2025-09-01,2026-08-31,783501733,1186;1156;1273;1510,2026-09-28T06:57:17Z,src_20260928_fts_plan-1186-p1;src_20260928_fts_plan-1156-p1;src_20260928_fts_plan-1156-p2;src_20260928_fts_plan-1273-p1;src_20260928_fts_plan-1273-p2;src_20260928_fts_plan-1510-p1;src_20260928_fts_plan-1510-p2;src_20260928_fts_locations
AUS,2022-10-01,2023-09-30,1586135,1186;1156;1273;1510,2026-09-28T06:57:17Z,src_20260928_fts_plan-1186-p1;src_20260928_fts_plan-1156-p1;src_20260928_fts_plan-1156-p2;src_20260928_fts_plan-1273-p1;src_20260928_fts_plan-1273-p2;src_20260928_fts_plan-1510-p1;src_20260928_fts_plan-1510-p2;src_20260928_fts_locations
AUS,2022-11-01,2023-10-31,20136053,1186;1156;1273;1510,2026-09-28T06:57:17Z,src_20260928_fts_plan-1186-p1;src_20260928_fts_plan-1156-p1;src_20260928_fts_plan-1156-p2;src_20260928_fts_plan-1273-p1;src_20260928_fts_plan-1273-p2;src_20260928_fts_plan-1510-p1;src_20260928_fts_plan-1510-p2;src_20260928_fts_locations
AUS,2022-12-01,2023-11-30,21496597,1186;1156;1273;1510,2026-09-28T06:57:17Z,src_20260928_fts_plan-1186-p1;src_20260928_fts_plan-1156-p1;src_20260928_fts_plan-1156-p2;src_20260928_fts_plan-1273-p1;src_20260928_fts_plan-1273-p2;src_20260928_fts_plan-1510-p1;src_20260928_fts_plan-1510-p2;src_20260928_fts_locations
AUS,2023-01-01,2023-12-31,21496597,1186;1156;1273;1510,2026-09-28T06:57:17Z,src_20260928_fts_plan-1186-p1;src_20260928_fts_plan-1156-p1;src_20260928_fts_plan-1156-p2;src_20260928_fts_plan-1273-p1;src_20260928_fts_plan-1273-p2;src_20260928_fts_plan-1510-p1;src_20260928_fts_plan-1510-p2;src_20260928_fts_locations
AUS,2023-02-01,2024-01-31,21496597,1186;1156;1273;1510,2026-09-28T06:57:17Z,src_20260928_fts_plan-1186-p1;src_20260928_fts_plan-1156-p1;src_20260928_fts_plan-1156-p2;src_20260928_fts_plan-1273-p1;src_20260928_fts_plan-1273-p2;src_20260928_fts_plan-1510-p1;src_20260928_fts_plan-1510-p2;src_20260928_fts_locations
AUS,2023-03-01,2024-02-29,21496597,1186;1156;1273;1510,2026-09-28T06:57:17Z,src_20260928_fts_plan-1186-p1;src_20260928_fts_plan-1156-p1;src_20260928_fts_plan-1156-p2;src_20260928_fts_plan-1273-p1;src_20260928_fts_plan-1273-p2;src_20260928_fts_plan-1510-p1;src_20260928_fts_plan-1510-p2;src_20260928_fts_locations
AUS,2023-04-01,2024-03-31,19910462,1186;1156;1273;1510,2026-09-28T06:57:17Z,src_20260928_fts_plan-1186-p1;src_20260928_fts_plan-1156-p1;src_20260928_fts_plan-1156-p2;src_20260928_fts_plan-1273-p1;src_20260928_fts_plan-1273-p2;src_20260928_fts_plan-1510-p1;src_20260928_fts_plan-1510-p2;src_20260928_fts_locations
AUS,2023-05-01,2024-04-30,22557715,1186;1156;1273;1510,2026-09-28T06:57:17Z,src_20260928_fts_plan-1186-p1;src_20260928_fts_plan-1156-p1;src_20260928_fts_plan-1156-p2;src_20260928_fts_plan-1273-p1;src_20260928_fts_plan-1273-p2;src_20260928_fts_plan-1510-p1;src_20260928_fts_plan-1510-p2;src_20260928_fts_locations
AUS,2023-06-01,2024-05-31,25766271,1186;1156;1273;1510,2026-09-28T06:57:17Z,src_20260928_fts_plan-1186-p1;src_20260928_fts_plan-1156-p1;src_20260928_fts_plan-1156-p2;src_20260928_fts_plan-1273-p1;src_20260928_fts_plan-1273-p2;src_20260928_fts_plan-1510-p1;src_20260928_fts_plan-1510-p2;src_20260928_fts_locations
AUS,2023-07-01,2024-06-30,32406377,1186;1156;1273;1510,2026-09-28T06:57:17Z,src_20260928_fts_plan-1186-p1;src_20260928_fts_plan-1156-p1;src_20260928_fts_plan-1156-p2;src_20260928_fts_plan-1273-p1;src_20260928_fts_plan-1273-p2;src_20260928_fts_plan-1510-p1;src_20260928_fts_plan-1510-p2;src_20260928_fts_locations
AUS,2023-08-01,2024-07-31,32406377,1186;1156;1273;1510,2026-09-28T06:57:17Z,src_20260928_fts_plan-1186-p1;src_20260928_fts_plan-1156-p1;src_20260928_fts_plan-1156-p2;src_20260928_fts_plan-1273-p1;src_20260928_fts_plan-1273-p2;src_20260928_fts_plan-1510-p1;src_20260928_fts_plan-1510-p2;src_20260928_fts_locations
AUS,2023-09-01,2024-08-31,32406377,1186;1156;1273;1510,2026-09-28T06:57:17Z,src_20260928_fts_plan-1186-p1;src_20260928_fts_plan-1156-p1;src_20260928_fts_plan-1156-p2;src_20260928_fts_plan-1273-p1;src_20260928_fts_plan-1273-p2;src_20260928_fts_plan-1510-p1;src_20260928_fts_plan-1510-p2;src_20260928_fts_locations
AUS,2023-10-01,2024-09-30,32406377,1186;1156;1273;1510,2026-09-28T06:57:17Z,src_20260928_fts_plan-1186-p1;src_20260928_fts_plan-1156-p1;src_20260928_fts_plan-1156-p2;src_20260928_fts_plan-1273-p1;src_20260928_fts_plan-1273-p2;src_20260928_fts_plan-1510-p1;src_20260928_fts_plan-1510-p2;src_20260928_fts_locations
AUS,2023-11-01,2024-10-31,13856459,1186;1156;1273;1510,2026-09-28T06:57:17Z,src_20260928_fts_plan-1186-p1;src_20260928_fts_plan-1156-p1;src_20260928_fts_plan-1156-p2;src_20260928_fts_plan-1273-p1;src_20260928_fts_plan-1273-p2;src_20260928_fts_plan-1510-p1;src_20260928_fts_plan-1510-p2;src_20260928_fts_locations
AUS,2023-12-01,2024-11-30,12495915,1186;1156;1273;1510,2026-09-28T06:57:17Z,src_20260928_fts_plan-1186-p1;src_20260928_fts_plan-1156-p1;src_20260928_fts_plan-1156-p2;src_20260928_fts_plan-1273-p1;src_20260928_fts_plan-1273-p2;src_20260928_fts_plan-1510-p1;src_20260928_fts_plan-1510-p2;src_20260928_fts_locations
AUS,2024-01-01,2024-12-31,12495915,1186;1156;1273;1510,2026-09-28T06:57:17Z,src_20260928_fts_plan-1186-p1;src_20260928_fts_plan-1156-p1;src_20260928_fts_plan-1156-p2;src_20260928_fts_plan-1273-p1;src_20260928_fts_plan-1273-p2;src_20260928_fts_plan-1510-p1;src_20260928_fts_plan-1510-p2;src_20260928_fts_locations
AUS,2024-02-01,2025-01-31,17800088,1186;1156;1273;1510,2026-09-28T06:57:17Z,src_20260928_fts_plan-1186-p1;src_20260928_fts_plan-1156-p1;src_20260928_fts_plan-1156-p2;src_20260928_fts_plan-1273-p1;src_20260928_fts_plan-1273-p2;src_20260928_fts_plan-1510-p1;src_20260928_fts_plan-1510-p2;src_20260928_fts_locations
AUS,2024-03-01,2025-02-28,17800088,1186;1156;1273;1510,2026-09-28T06:57:17Z,src_20260928_fts_plan-1186-p1;src_20260928_fts_plan-1156-p1;src_20260928_fts_plan-1156-p2;src_20260928_fts_plan-1273-p1;src_20260928_fts_plan-1273-p2;src_20260928_fts_plan-1510-p1;src_20260928_fts_plan-1510-p2;src_20260928_fts_locations
AUS,2024-04-01,2025-03-31,17800088,1186;1156;1273;1510,2026-09-28T06:57:17Z,src_20260928_fts_plan-1186-p1;src_20260928_fts_plan-1156-p1;src_20260928_fts_plan-1156-p2;src_20260928_fts_plan-1273-p1;src_20260928_fts_plan-1273-p2;src_20260928_fts_plan-1510-p1;src_20260928_fts_plan-1510-p2;src_20260928_fts_locations
AUS,2024-05-01,2025-04-30,15152835,1186;1156;1273;1510,2026-09-28T06:57:17Z,src_20260928_fts_plan-1186-p1;src_20260928_fts_plan-1156-p1;src_20260928_fts_plan-1156-p2;src_20260928_fts_plan-1273-p1;src_20260928_fts_plan-1273-p2;src_20260928_fts_plan-1510-p1;src_20260928_fts_plan-1510-p2;src_20260928_fts_locations
AUS,2024-06-01,2025-05-31,11944279,1186;1156;1273;1510,2026-09-28T06:57:17Z,src_20260928_fts_plan-1186-p1;src_20260928_fts_plan-1156-p1;src_20260928_fts_plan-1156-p2;src_20260928_fts_plan-1273-p1;src_20260928_fts_plan-1273-p2;src_20260928_fts_plan-1510-p1;src_20260928_fts_plan-1510-p2;src_20260928_fts_locations
AUS,2024-07-01,2025-06-30,8446851,1186;1156;1273;1510,2026-09-28T06:57:17Z,src_20260928_fts_plan-1186-p1;src_20260928_fts_plan-1156-p1;src_20260928_fts_plan-1156-p2;src_20260928_fts_plan-1273-p1;src_20260928_fts_plan-1273-p2;src_20260928_fts_plan-1510-p1;src_20260928_fts_plan-1510-p2;src_20260928_fts_locations
AUS,2024-08-01,2025-07-31,14959819,1186;1156;1273;1510,2026-09-28T06:57:17Z,src_20260928_fts_plan-1186-p1;src_20260928_fts_plan-1156-p1;src_20260928_fts_plan-1156-p2;src_20260928_fts_plan-1273-p1;src_20260928_fts_plan-1273-p2;src_20260928_fts_plan-1510-p1;src_20260928_fts_plan-1510-p2;src_20260928_fts_locations
AUS,2024-09-01,2025-08-31,14959819,1186;1156;1273;1510,2026-09-28T06:57:17Z,src_20260928_fts_plan-1186-p1;src_20260928_fts_plan-1156-p1;src_20260928_fts_plan-1156-p2;src_20260928_fts_plan-1273-p1;src_20260928_fts_plan-1273-p2;src_20260928_fts_plan-1510-p1;src_20260928_fts_plan-1510-p2;src_20260928_fts_locations
AUS,2024-10-01,2025-09-30,14959819,1186;1156;1273;1510,2026-09-28T06:57:17Z,src_20260928_fts_plan-1186-p1;src_20260928_fts_plan-1156-p1;src_20260928_fts_plan-1156-p2;src_20260928_fts_plan-1273-p1;src_20260928_fts_plan-1273-p2;src_20260928_fts_plan-1510-p1;src_20260928_fts_plan-1510-p2;src_20260928_fts_locations
AUS,2024-11-01,2025-10-31,22037699,1186;1156;1273;1510,2026-09-28T06:57:17Z,src_20260928_fts_plan-1186-p1;src_20260928_fts_plan-1156-p1;src_20260928_fts_plan-1156-p2;src_20260928_fts_plan-1273-p1;src_20260928_fts_plan-1273-p2;src_20260928_fts_plan-1510-p1;src_20260928_fts_plan-1510-p2;src_20260928_fts_locations
AUS,2024-12-01,2025-11-30,22037699,1186;1156;1273;1510,2026-09-28T06:57:17Z,src_20260928_fts_plan-1186-p1;src_20260928_fts_plan-1156-p1;src_20260928_fts_plan-1156-p2;src_20260928_fts_plan-1273-p1;src_20260928_fts_plan-1273-p2;src_20260928_fts_plan-1510-p1;src_20260928_fts_plan-1510-p2;src_20260928_fts_locations
AUS,2025-01-01,2025-12-31,22037699,1186;1156;1273;1510,2026-09-28T06:57:17Z,src_20260928_fts_plan-1186-p1;src_20260928_fts_plan-1156-p1;src_20260928_fts_plan-1156-p2;src_20260928_fts_plan-1273-p1;src_20260928_fts_plan-1273-p2;src_20260928_fts_plan-1510-p1;src_20260928_fts_plan-1510-p2;src_20260928_fts_locations
AUS,2025-02-01,2026-01-31,16733526,1186;1156;1273;1510,2026-09-28T06:57:17Z,src_20260928_fts_plan-1186-p1;src_20260928_fts_plan-1156-p1;src_20260928_fts_plan-1156-p2;src_20260928_fts_plan-1273-p1;src_20260928_fts_plan-1273-p2;src_20260928_fts_plan-1510-p1;src_20260928_fts_plan-1510-p2;src_20260928_fts_locations
AUS,2025-03-01,2026-02-28,16733526,1186;1156;1273;1510,2026-09-28T06:57:17Z,src_20260928_fts_plan-1186-p1;src_20260928_fts_plan-1156-p1;src_20260928_fts_plan-1156-p2;src_20260928_fts_plan-1273-p1;src_20260928_fts_plan-1273-p2;src_20260928_fts_plan-1510-p1;src_20260928_fts_plan-1510-p2;src_20260928_fts_locations
AUS,2025-04-01,2026-03-31,16733526,1186;1156;1273;1510,2026-09-28T06:57:17Z,src_20260928_fts_plan-1186-p1;src_20260928_fts_plan-1156-p1;src_20260928_fts_plan-1156-p2;src_20260928_fts_plan-1273-p1;src_20260928_fts_plan-1273-p2;src_20260928_fts_plan-1510-p1;src_20260928_fts_plan-1510-p2;src_20260928_fts_locations
AUS,2025-05-01,2026-04-30,16733526,1186;1156;1273;1510,2026-09-28T06:57:17Z,src_20260928_fts_plan-1186-p1;src_20260928_fts_plan-1156-p1;src_20260928_fts_plan-1156-p2;src_20260928_fts_plan-1273-p1;src_20260928_fts_plan-1273-p2;src_20260928_fts_plan-1510-p1;src_20260928_fts_plan-1510-p2;src_20260928_fts_locations
AUS,2025-06-01,2026-05-31,16733526,1186;1156;1273;1510,2026-09-28T06:57:17Z,src_20260928_fts_plan-1186-p1;src_20260928_fts_plan-1156-p1;src_20260928_fts_plan-1156-p2;src_20260928_fts_plan-1273-p1;src_20260928_fts_plan-1273-p2;src_20260928_fts_plan-1510-p1;src_20260928_fts_plan-1510-p2;src_20260928_fts_locations
AUS,2025-07-01,2026-06-30,22133823,1186;1156;1273;1510,2026-09-28T06:57:17Z,src_20260928_fts_plan-1186-p1;src_20260928_fts_plan-1156-p1;src_20260928_fts_plan-1156-p2;src_20260928_fts_plan-1273-p1;src_20260928_fts_plan-1273-p2;src_20260928_fts_plan-1510-p1;src_20260928_fts_plan-1510-p2;src_20260928_fts_locations
AUS,2025-08-01,2026-07-31,15620855,1186;1156;1273;1510,2026-09-28T06:57:17Z,src_20260928_fts_plan-1186-p1;src_20260928_fts_plan-1156-p1;src_20260928_fts_plan-1156-p2;src_20260928_fts_plan-1273-p1;src_20260928_fts_plan-1273-p2;src_20260928_fts_plan-1510-p1;src_20260928_fts_plan-1510-p2;src_20260928_fts_locations
AUS,2025-09-01,2026-08-31,17733174,1186;1156;1273;1510,2026-09-28T06:57:17Z,src_20260928_fts_plan-1186-p1;src_20260928_fts_plan-1156-p1;src_20260928_fts_plan-1156-p2;src_20260928_fts_plan-1273-p1;src_20260928_fts_plan-1273-p2;src_20260928_fts_plan-1510-p1;src_20260928_fts_plan-1510-p2;src_20260928_fts_locations
AUT,2022-10-01,2023-09-30,1504733,1186;1156;1273;1510,2026-09-28T06:57:17Z,src_20260928_fts_plan-1186-p1;src_20260928_fts_plan-1156-p1;src_20260928_fts_plan-1156-p2;src_20260928_fts_plan-1273-p1;src_20260928_fts_plan-1273-p2;src_20260928_fts_plan-1510-p1;src_20260928_fts_plan-1510-p2;src_20260928_fts_locations
AUT,2022-11-01,2023-10-31,1504733,1186;1156;1273;1510,2026-09-28T06:57:17Z,src_20260928_fts_plan-1186-p1;src_20260928_fts_plan-1156-p1;src_20260928_fts_plan-1156-p2;src_20260928_fts_plan-1273-p1;src_20260928_fts_plan-1273-p2;src_20260928_fts_plan-1510-p1;src_20260928_fts_plan-1510-p2;src_20260928_fts_locations
AUT,2022-12-01,2023-11-30,1504733,1186;1156;1273;1510,2026-09-28T06:57:17Z,src_20260928_fts_plan-1186-p1;src_20260928_fts_plan-1156-p1;src_20260928_fts_plan-1156-p2;src_20260928_fts_plan-1273-p1;src_20260928_fts_plan-1273-p2;src_20260928_fts_plan-1510-p1;src_20260928_fts_plan-1510-p2;src_20260928_fts_locations
AUT,2023-01-01,2023-12-31,1504733,1186;1156;1273;1510,2026-09-28T06:57:17Z,src_20260928_fts_plan-1186-p1;src_20260928_fts_plan-1156-p1;src_20260928_fts_plan-1156-p2;src_20260928_fts_plan-1273-p1;src_20260928_fts_plan-1273-p2;src_20260928_fts_plan-1510-p1;src_20260928_fts_plan-1510-p2;src_20260928_fts_locations
AUT,2023-02-01,2024-01-31,0,1186;1156;1273;1510,2026-09-28T06:57:17Z,src_20260928_fts_plan-1186-p1;src_20260928_fts_plan-1156-p1;src_20260928_fts_plan-1156-p2;src_20260928_fts_plan-1273-p1;src_20260928_fts_plan-1273-p2;src_20260928_fts_plan-1510-p1;src_20260928_fts_plan-1510-p2;src_20260928_fts_locations
AUT,2023-03-01,2024-02-29,2169197,1186;1156;1273;1510,2026-09-28T06:57:17Z,src_20260928_fts_plan-1186-p1;src_20260928_fts_plan-1156-p1;src_20260928_fts_plan-1156-p2;src_20260928_fts_plan-1273-p1;src_20260928_fts_plan-1273-p2;src_20260928_fts_plan-1510-p1;src_20260928_fts_plan-1510-p2;src_20260928_fts_locations
AUT,2023-04-01,2024-03-31,2169197,1186;1156;1273;1510,2026-09-28T06:57:17Z,src_20260928_fts_plan-1186-p1;src_20260928_fts_plan-1156-p1;src_20260928_fts_plan-1156-p2;src_20260928_fts_plan-1273-p1;src_20260928_fts_plan-1273-p2;src_20260928_fts_plan-1510-p1;src_20260928_fts_plan-1510-p2;src_20260928_fts_locations
AUT,2023-05-01,2024-04-30,3242158,1186;1156;1273;1510,2026-09-28T06:57:17Z,src_20260928_fts_plan-1186-p1;src_20260928_fts_plan-1156-p1;src_20260928_fts_plan-1156-p2;src_20260928_fts_plan-1273-p1;src_20260928_fts_plan-1273-p2;src_20260928_fts_plan-1510-p1;src_20260928_fts_plan-1510-p2;src_20260928_fts_locations
AUT,2023-06-01,2024-05-31,6461042,1186;1156;1273;1510,2026-09-28T06:57:17Z,src_20260928_fts_plan-1186-p1;src_20260928_fts_plan-1156-p1;src_20260928_fts_plan-1156-p2;src_20260928_fts_plan-1273-p1;src_20260928_fts_plan-1273-p2;src_20260928_fts_plan-1510-p1;src_20260928_fts_plan-1510-p2;src_20260928_fts_locations
AUT,2023-07-01,2024-06-30,6461042,1186;1156;1273;1510,2026-09-28T06:57:17Z,src_20260928_fts_plan-1186-p1;src_20260928_fts_plan-1156-p1;src_20260928_fts_plan-1156-p2;src_20260928_fts_plan-1273-p1;src_20260928_fts_plan-1273-p2;src_20260928_fts_plan-1510-p1;src_20260928_fts_plan-1510-p2;src_20260928_fts_locations
AUT,2023-08-01,2024-07-31,6461042,1186;1156;1273;1510,2026-09-28T06:57:17Z,src_20260928_fts_plan-1186-p1;src_20260928_fts_plan-1156-p1;src_20260928_fts_plan-1156-p2;src_20260928_fts_plan-1273-p1;src_20260928_fts_plan-1273-p2;src_20260928_fts_plan-1510-p1;src_20260928_fts_plan-1510-p2;src_20260928_fts_locations
AUT,2023-09-01,2024-08-31,6461042,1186;1156;1273;1510,2026-09-28T06:57:17Z,src_20260928_fts_plan-1186-p1;src_20260928_fts_plan-1156-p1;src_20260928_fts_plan-1156-p2;src_20260928_fts_plan-1273-p1;src_20260928_fts_plan-1273-p2;src_20260928_fts_plan-1510-p1;src_20260928_fts_plan-1510-p2;src_20260928_fts_locations
AUT,2023-10-01,2024-09-30,6461042,1186;1156;1273;1510,2026-09-28T06:57:17Z,src_20260928_fts_plan-1186-p1;src_20260928_fts_plan-1156-p1;src_20260928_fts_plan-1156-p2;src_20260928_fts_plan-1273-p1;src_20260928_fts_plan-1273-p2;src_20260928_fts_plan-1510-p1;src_20260928_fts_plan-1510-p2;src_20260928_fts_locations
AUT,2023-11-01,2024-10-31,6461042,1186;1156;1273;1510,2026-09-28T06:57:17Z,src_20260928_fts_plan-1186-p1;src_20260928_fts_plan-1156-p1;src_20260928_fts_plan-1156-p2;src_20260928_fts_plan-1273-p1;src_20260928_fts_plan-1273-p2;src_20260928_fts_plan-1510-p1;src_20260928_fts_plan-1510-p2;src_20260928_fts_locations
AUT,2023-12-01,2024-11-30,6461042,1186;1156;1273;1510,2026-09-28T06:57:17Z,src_20260928_fts_plan-1186-p1;src_20260928_fts_plan-1156-p1;src_20260928_fts_plan-1156-p2;src_20260928_fts_plan-1273-p1;src_20260928_fts_plan-1273-p2;src_20260928_fts_plan-1510-p1;src_20260928_fts_plan-1510-p2;src_20260928_fts_locations
AUT,2024-01-01,2024-12-31,6461042,1186;1156;1273;1510,2026-09-28T06:57:17Z,src_20260928_fts_plan-1186-p1;src_20260928_fts_plan-1156-p1;src_20260928_fts_plan-1156-p2;src_20260928_fts_plan-1273-p1;src_20260928_fts_plan-1273-p2;src_20260928_fts_plan-1510-p1;src_20260928_fts_plan-1510-p2;src_20260928_fts_locations
AUT,2024-02-01,2025-01-31,6461042,1186;1156;1273;1510,2026-09-28T06:57:17Z,src_20260928_fts_plan-1186-p1;src_20260928_fts_plan-1156-p1;src_20260928_fts_plan-1156-p2;src_20260928_fts_plan-1273-p1;src_20260928_fts_plan-1273-p2;src_20260928_fts_plan-1510-p1;src_20260928_fts_plan-1510-p2;src_20260928_fts_locations
AUT,2024-03-01,2025-02-28,4291845,1186;1156;1273;1510,2026-09-28T06:57:17Z,src_20260928_fts_plan-1186-p1;src_20260928_fts_plan-1156-p1;src_20260928_fts_plan-1156-p2;src_20260928_fts_plan-1273-p1;src_20260928_fts_plan-1273-p2;src_20260928_fts_plan-1510-p1;src_20260928_fts_plan-1510-p2;src_20260928_fts_locations
AUT,2024-04-01,2025-03-31,4291845,1186;1156;1273;1510,2026-09-28T06:57:17Z,src_20260928_fts_plan-1186-p1;src_20260928_fts_plan-1156-p1;src_20260928_fts_plan-1156-p2;src_20260928_fts_plan-1273-p1;src_20260928_fts_plan-1273-p2;src_20260928_fts_plan-1510-p1;src_20260928_fts_plan-1510-p2;src_20260928_fts_locations
AUT,2024-05-01,2025-04-30,3218884,1186;1156;1273;1510,2026-09-28T06:57:17Z,src_20260928_fts_plan-1186-p1;src_20260928_fts_plan-1156-p1;src_20260928_fts_plan-1156-p2;src_20260928_fts_plan-1273-p1;src_20260928_fts_plan-1273-p2;src_20260928_fts_plan-1510-p1;src_20260928_fts_plan-1510-p2;src_20260928_fts_locations
AUT,2024-06-01,2025-05-31,0,1186;1156;1273;1510,2026-09-28T06:57:17Z,src_20260928_fts_plan-1186-p1;src_20260928_fts_plan-1156-p1;src_20260928_fts_plan-1156-p2;src_20260928_fts_plan-1273-p1;src_20260928_fts_plan-1273-p2;src_20260928_fts_plan-1510-p1;src_20260928_fts_plan-1510-p2;src_20260928_fts_locations
AUT,2024-07-01,2025-06-30,0,1186;1156;1273;1510,2026-09-28T06:57:17Z,src_20260928_fts_plan-1186-p1;src_20260928_fts_plan-1156-p1;src_20260928_fts_plan-1156-p2;src_20260928_fts_plan-1273-p1;src_20260928_fts_plan-1273-p2;src_20260928_fts_plan-1510-p1;src_20260928_fts_plan-1510-p2;src_20260928_fts_locations
AUT,2024-08-01,2025-07-31,0,1186;1156;1273;1510,2026-09-28T06:57:17Z,src_20260928_fts_plan-1186-p1;src_20260928_fts_plan-1156-p1;src_20260928_fts_plan-1156-p2;src_20260928_fts_plan-1273-p1;src_20260928_fts_plan-1273-p2;src_20260928_fts_plan-1510-p1;src_20260928_fts_plan-1510-p2;src_20260928_fts_locations
AUT,2024-09-01,2025-08-31,0,1186;1156;1273;1510,2026-09-28T06:57:17Z,src_20260928_fts_plan-1186-p1;src_20260928_fts_plan-1156-p1;src_20260928_fts_plan-1156-p2;src_20260928_fts_plan-1273-p1;src_20260928_fts_plan-1273-p2;src_20260928_fts_plan-1510-p1;src_20260928_fts_plan-1510-p2;src_20260928_fts_locations
AUT,2024-10-01,2025-09-30,0,1186;1156;1273;1510,2026-09-28T06:57:17Z,src_20260928_fts_plan-1186-p1;src_20260928_fts_plan-1156-p1;src_20260928_fts_plan-1156-p2;src_20260928_fts_plan-1273-p1;src_20260928_fts_plan-1273-p2;src_20260928_fts_plan-1510-p1;src_20260928_fts_plan-1510-p2;src_20260928_fts_locations
AUT,2024-11-01,2025-10-31,0,1186;1156;1273;1510,2026-09-28T06:57:17Z,src_20260928_fts_plan-1186-p1;src_20260928_fts_plan-1156-p1;src_20260928_fts_plan-1156-p2;src_20260928_fts_plan-1273-p1;src_20260928_fts_plan-1273-p2;src_20260928_fts_plan-1510-p1;src_20260928_fts_plan-1510-p2;src_20260928_fts_locations
AUT,2024-12-01,2025-11-30,2640845,1186;1156;1273;1510,2026-09-28T06:57:17Z,src_20260928_fts_plan-1186-p1;src_20260928_fts_plan-1156-p1;src_20260928_fts_plan-1156-p2;src_20260928_fts_plan-1273-p1;src_20260928_fts_plan-1273-p2;src_20260928_fts_plan-1510-p1;src_20260928_fts_plan-1510-p2;src_20260928_fts_locations
AUT,2025-01-01,2025-12-31,2640845,1186;1156;1273;1510,2026-09-28T06:57:17Z,src_20260928_fts_plan-1186-p1;src_20260928_fts_plan-1156-p1;src_20260928_fts_plan-1156-p2;src_20260928_fts_plan-1273-p1;src_20260928_fts_plan-1273-p2;src_20260928_fts_plan-1510-p1;src_20260928_fts_plan-1510-p2;src_20260928_fts_locations
AUT,2025-02-01,2026-01-31,2640845,1186;1156;1273;1510,2026-09-28T06:57:17Z,src_20260928_fts_plan-1186-p1;src_20260928_fts_plan-1156-p1;src_20260928_fts_plan-1156-p2;src_20260928_fts_plan-1273-p1;src_20260928_fts_plan-1273-p2;src_20260928_fts_plan-1510-p1;src_20260928_fts_plan-1510-p2;src_20260928_fts_locations
AUT,2025-03-01,2026-02-28,2640845,1186;1156;1273;1510,2026-09-28T06:57:17Z,src_20260928_fts_plan-1186-p1;src_20260928_fts_plan-1156-p1;src_20260928_fts_plan-1156-p2;src_20260928_fts_plan-1273-p1;src_20260928_fts_plan-1273-p2;src_20260928_fts_plan-1510-p1;src_20260928_fts_plan-1510-p2;src_20260928_fts_locations
AUT,2025-04-01,2026-03-31,2640845,1186;1156;1273;1510,2026-09-28T06:57:17Z,src_20260928_fts_plan-1186-p1;src_20260928_fts_plan-1156-p1;src_20260928_fts_plan-1156-p2;src_20260928_fts_plan-1273-p1;src_20260928_fts_plan-1273-p2;src_20260928_fts_plan-1510-p1;src_20260928_fts_plan-1510-p2;src_20260928_fts_locations
AUT,2025-05-01,2026-04-30,2640845,1186;1156;1273;1510,2026-09-28T06:57:17Z,src_20260928_fts_plan-1186-p1;src_20260928_fts_plan-1156-p1;src_20260928_fts_plan-1156-p2;src_20260928_fts_plan-1273-p1;src_20260928_fts_plan-1273-p2;src_20260928_fts_plan-1510-p1;src_20260928_fts_plan-1510-p2;src_20260928_fts_locations
AUT,2025-06-01,2026-05-31,2640845,1186;1156;1273;1510,2026-09-28T06:57:17Z,src_20260928_fts_plan-1186-p1;src_20260928_fts_plan-1156-p1;src_20260928_fts_plan-1156-p2;src_20260928_fts_plan-1273-p1;src_20260928_fts_plan-1273-p2;src_20260928_fts_plan-1510-p1;src_20260928_fts_plan-1510-p2;src_20260928_fts_locations
AUT,2025-07-01,2026-06-30,8433364,1186;1156;1273;1510,2026-09-28T06:57:17Z,src_20260928_fts_plan-1186-p1;src_20260928_fts_plan-1156-p1;src_20260928_fts_plan-1156-p2;src_20260928_fts_plan-1273-p1;src_20260928_fts_plan-1273-p2;src_20260928_fts_plan-1510-p1;src_20260928_fts_plan-1510-p2;src_20260928_fts_locations
AUT,2025-08-01,2026-07-31,8433364,1186;1156;1273;1510,2026-09-28T06:57:17Z,src_20260928_fts_plan-1186-p1;src_20260928_fts_plan-1156-p1;src_20260928_fts_plan-1156-p2;src_20260928_fts_plan-1273-p1;src_20260928_fts_plan-1273-p2;src_20260928_fts_plan-1510-p1;src_20260928_fts_plan-1510-p2;src_20260928_fts_locations
AUT,2025-09-01,2026-08-31,8433364,1186;1156;1273;1510,2026-09-28T06:57:17Z,src_20260928_fts_plan-1186-p1;src_20260928_fts_plan-1156-p1;src_20260928_fts_plan-1156-p2;src_20260928_fts_plan-1273-p1;src_20260928_fts_plan-1273-p2;src_20260928_fts_plan-1510-p1;src_20260928_fts_plan-1510-p2;src_20260928_fts_locations
BEL,2022-10-01,2023-09-30,3222342,1186;1156;1273;1510,2026-09-28T06:57:17Z,src_20260928_fts_plan-1186-p1;src_20260928_fts_plan-1156-p1;src_20260928_fts_plan-1156-p2;src_20260928_fts_plan-1273-p1;src_20260928_fts_plan-1273-p2;src_20260928_fts_plan-1510-p1;src_20260928_fts_plan-1510-p2;src_20260928_fts_locations
BEL,2022-11-01,2023-10-31,4619811,1186;1156;1273;1510,2026-09-28T06:57:17Z,src_20260928_fts_plan-1186-p1;src_20260928_fts_plan-1156-p1;src_20260928_fts_plan-1156-p2;src_20260928_fts_plan-1273-p1;src_20260928_fts_plan-1273-p2;src_20260928_fts_plan-1510-p1;src_20260928_fts_plan-1510-p2;src_20260928_fts_locations
BEL,2022-12-01,2023-11-30,7636658,1186;1156;1273;1510,2026-09-28T06:57:17Z,src_20260928_fts_plan-1186-p1;src_20260928_fts_plan-1156-p1;src_20260928_fts_plan-1156-p2;src_20260928_fts_plan-1273-p1;src_20260928_fts_plan-1273-p2;src_20260928_fts_plan-1510-p1;src_20260928_fts_plan-1510-p2;src_20260928_fts_locations
BEL,2023-01-01,2023-12-31,9794155,1186;1156;1273;1510,2026-09-28T06:57:17Z,src_20260928_fts_plan-1186-p1;src_20260928_fts_plan-1156-p1;src_20260928_fts_plan-1156-p2;src_20260928_fts_plan-1273-p1;src_20260928_fts_plan-1273-p2;src_20260928_fts_plan-1510-p1;src_20260928_fts_plan-1510-p2;src_20260928_fts_locations
BEL,2023-02-01,2024-01-31,9794155,1186;1156;1273;1510,2026-09-28T06:57:17Z,src_20260928_fts_plan-1186-p1;src_20260928_fts_plan-1156-p1;src_20260928_fts_plan-1156-p2;src_20260928_fts_plan-1273-p1;src_20260928_fts_plan-1273-p2;src_20260928_fts_plan-1510-p1;src_20260928_fts_plan-1510-p2;src_20260928_fts_locations
BEL,2023-03-01,2024-02-29,14750443,1186;1156;1273;1510,2026-09-28T06:57:17Z,src_20260928_fts_plan-1186-p1;src_20260928_fts_plan-1156-p1;src_20260928_fts_plan-1156-p2;src_20260928_fts_plan-1273-p1;src_20260928_fts_plan-1273-p2;src_20260928_fts_plan-1510-p1;src_20260928_fts_plan-1510-p2;src_20260928_fts_locations
BEL,2023-04-01,2024-03-31,14750443,1186;1156;1273;1510,2026-09-28T06:57:17Z,src_20260928_fts_plan-1186-p1;src_20260928_fts_plan-1156-p1;src_20260928_fts_plan-1156-p2;src_20260928_fts_plan-1273-p1;src_20260928_fts_plan-1273-p2;src_20260928_fts_plan-1510-p1;src_20260928_fts_plan-1510-p2;src_20260928_fts_locations
BEL,2023-05-01,2024-04-30,14750443,1186;1156;1273;1510,2026-09-28T06:57:17Z,src_20260928_fts_plan-1186-p1;src_20260928_fts_plan-1156-p1;src_20260928_fts_plan-1156-p2;src_20260928_fts_plan-1273-p1;src_20260928_fts_plan-1273-p2;src_20260928_fts_plan-1510-p1;src_20260928_fts_plan-1510-p2;src_20260928_fts_locations
BEL,2023-06-01,2024-05-31,17990184,1186;1156;1273;1510,2026-09-28T06:57:17Z,src_20260928_fts_plan-1186-p1;src_20260928_fts_plan-1156-p1;src_20260928_fts_plan-1156-p2;src_20260928_fts_plan-1273-p1;src_20260928_fts_plan-1273-p2;src_20260928_fts_plan-1510-p1;src_20260928_fts_plan-1510-p2;src_20260928_fts_locations
BEL,2023-07-01,2024-06-30,19344464,1186;1156;1273;1510,2026-09-28T06:57:17Z,src_20260928_fts_plan-1186-p1;src_20260928_fts_plan-1156-p1;src_20260928_fts_plan-1156-p2;src_20260928_fts_plan-1273-p1;src_20260928_fts_plan-1273-p2;src_20260928_fts_plan-1510-p1;src_20260928_fts_plan-1510-p2;src_20260928_fts_locations
BEL,2023-08-01,2024-07-31,19344464,1186;1156;1273;1510,2026-09-28T06:57:17Z,src_20260928_fts_plan-1186-p1;src_20260928_fts_plan-1156-p1;src_20260928_fts_plan-1156-p2;src_20260928_fts_plan-1273-p1;src_20260928_fts_plan-1273-p2;src_20260928_fts_plan-1510-p1;src_20260928_fts_plan-1510-p2;src_20260928_fts_locations
BEL,2023-09-01,2024-08-31,16122122,1186;1156;1273;1510,2026-09-28T06:57:17Z,src_20260928_fts_plan-1186-p1;src_20260928_fts_plan-1156-p1;src_20260928_fts_plan-1156-p2;src_20260928_fts_plan-1273-p1;src_20260928_fts_plan-1273-p2;src_20260928_fts_plan-1510-p1;src_20260928_fts_plan-1510-p2;src_20260928_fts_locations
BEL,2023-10-01,2024-09-30,18281949,1186;1156;1273;1510,2026-09-28T06:57:17Z,src_20260928_fts_plan-1186-p1;src_20260928_fts_plan-1156-p1;src_20260928_fts_plan-1156-p2;src_20260928_fts_plan-1273-p1;src_20260928_fts_plan-1273-p2;src_20260928_fts_plan-1510-p1;src_20260928_fts_plan-1510-p2;src_20260928_fts_locations
BEL,2023-11-01,2024-10-31,16884480,1186;1156;1273;1510,2026-09-28T06:57:17Z,src_20260928_fts_plan-1186-p1;src_20260928_fts_plan-1156-p1;src_20260928_fts_plan-1156-p2;src_20260928_fts_plan-1273-p1;src_20260928_fts_plan-1273-p2;src_20260928_fts_plan-1510-p1;src_20260928_fts_plan-1510-p2;src_20260928_fts_locations
BEL,2023-12-01,2024-11-30,13867633,1186;1156;1273;1510,2026-09-28T06:57:17Z,src_20260928_fts_plan-1186-p1;src_20260928_fts_plan-1156-p1;src_20260928_fts_plan-1156-p2;src_20260928_fts_plan-1273-p1;src_20260928_fts_plan-1273-p2;src_20260928_fts_plan-1510-p1;src_20260928_fts_plan-1510-p2;src_20260928_fts_locations
BEL,2024-01-01,2024-12-31,11710136,1186;1156;1273;1510,2026-09-28T06:57:17Z,src_20260928_fts_plan-1186-p1;src_20260928_fts_plan-1156-p1;src_20260928_fts_plan-1156-p2;src_20260928_fts_plan-1273-p1;src_20260928_fts_plan-1273-p2;src_20260928_fts_plan-1510-p1;src_20260928_fts_plan-1510-p2;src_20260928_fts_locations
BEL,2024-02-01,2025-01-31,11710136,1186;1156;1273;1510,2026-09-28T06:57:17Z,src_20260928_fts_plan-1186-p1;src_20260928_fts_plan-1156-p1;src_20260928_fts_plan-1156-p2;src_20260928_fts_plan-1273-p1;src_20260928_fts_plan-1273-p2;src_20260928_fts_plan-1510-p1;src_20260928_fts_plan-1510-p2;src_20260928_fts_locations
BEL,2024-03-01,2025-02-28,6753848,1186;1156;1273;1510,2026-09-28T06:57:17Z,src_20260928_fts_plan-1186-p1;src_20260928_fts_plan-1156-p1;src_20260928_fts_plan-1156-p2;src_20260928_fts_plan-1273-p1;src_20260928_fts_plan-1273-p2;src_20260928_fts_plan-1510-p1;src_20260928_fts_plan-1510-p2;src_20260928_fts_locations
BEL,2024-04-01,2025-03-31,6753848,1186;1156;1273;1510,2026-09-28T06:57:17Z,src_20260928_fts_plan-1186-p1;src_20260928_fts_plan-1156-p1;src_20260928_fts_plan-1156-p2;src_20260928_fts_plan-1273-p1;src_20260928_fts_plan-1273-p2;src_20260928_fts_plan-1510-p1;src_20260928_fts_plan-1510-p2;src_20260928_fts_locations
BEL,2024-05-01,2025-04-30,6753848,1186;1156;1273;1510,2026-09-28T06:57:17Z,src_20260928_fts_plan-1186-p1;src_20260928_fts_plan-1156-p1;src_20260928_fts_plan-1156-p2;src_20260928_fts_plan-1273-p1;src_20260928_fts_plan-1273-p2;src_20260928_fts_plan-1510-p1;src_20260928_fts_plan-1510-p2;src_20260928_fts_locations
BEL,2024-06-01,2025-05-31,3514107,1186;1156;1273;1510,2026-09-28T06:57:17Z,src_20260928_fts_plan-1186-p1;src_20260928_fts_plan-1156-p1;src_20260928_fts_plan-1156-p2;src_20260928_fts_plan-1273-p1;src_20260928_fts_plan-1273-p2;src_20260928_fts_plan-1510-p1;src_20260928_fts_plan-1510-p2;src_20260928_fts_locations
BEL,2024-07-01,2025-06-30,2159827,1186;1156;1273;1510,2026-09-28T06:57:17Z,src_20260928_fts_plan-1186-p1;src_20260928_fts_plan-1156-p1;src_20260928_fts_plan-1156-p2;src_20260928_fts_plan-1273-p1;src_20260928_fts_plan-1273-p2;src_20260928_fts_plan-1510-p1;src_20260928_fts_plan-1510-p2;src_20260928_fts_locations
BEL,2024-08-01,2025-07-31,2159827,1186;1156;1273;1510,2026-09-28T06:57:17Z,src_20260928_fts_plan-1186-p1;src_20260928_fts_plan-1156-p1;src_20260928_fts_plan-1156-p2;src_20260928_fts_plan-1273-p1;src_20260928_fts_plan-1273-p2;src_20260928_fts_plan-1510-p1;src_20260928_fts_plan-1510-p2;src_20260928_fts_locations
BEL,2024-09-01,2025-08-31,2159827,1186;1156;1273;1510,2026-09-28T06:57:17Z,src_20260928_fts_plan-1186-p1;src_20260928_fts_plan-1156-p1;src_20260928_fts_plan-1156-p2;src_20260928_fts_plan-1273-p1;src_20260928_fts_plan-1273-p2;src_20260928_fts_plan-1510-p1;src_20260928_fts_plan-1510-p2;src_20260928_fts_locations
BEL,2024-10-01,2025-09-30,0,1186;1156;1273;1510,2026-09-28T06:57:17Z,src_20260928_fts_plan-1186-p1;src_20260928_fts_plan-1156-p1;src_20260928_fts_plan-1156-p2;src_20260928_fts_plan-1273-p1;src_20260928_fts_plan-1273-p2;src_20260928_fts_plan-1510-p1;src_20260928_fts_plan-1510-p2;src_20260928_fts_locations
BEL,2024-11-01,2025-10-31,410317,1186;1156;1273;1510,2026-09-28T06:57:17Z,src_20260928_fts_plan-1186-p1;src_20260928_fts_plan-1156-p1;src_20260928_fts_plan-1156-p2;src_20260928_fts_plan-1273-p1;src_20260928_fts_plan-1273-p2;src_20260928_fts_plan-1510-p1;src_20260928_fts_plan-1510-p2;src_20260928_fts_locations
BEL,2024-12-01,2025-11-30,410317,1186;1156;1273;1510,2026-09-28T06:57:17Z,src_20260928_fts_plan-1186-p1;src_20260928_fts_plan-1156-p1;src_20260928_fts_plan-1156-p2;src_20260928_fts_plan-1273-p1;src_20260928_fts_plan-1273-p2;src_20260928_fts_plan-1510-p1;src_20260928_fts_plan-1510-p2;src_20260928_fts_locations
BEL,2025-01-01,2025-12-31,11093416,1186;1156;1273;1510,2026-09-28T06:57:17Z,src_20260928_fts_plan-1186-p1;src_20260928_fts_plan-1156-p1;src_20260928_fts_plan-1156-p2;src_20260928_fts_plan-1273-p1;src_20260928_fts_plan-1273-p2;src_20260928_fts_plan-1510-p1;src_20260928_fts_plan-1510-p2;src_20260928_fts_locations
BEL,2025-02-01,2026-01-31,11093416,1186;1156;1273;1510,2026-09-28T06:57:17Z,src_20260928_fts_plan-1186-p1;src_20260928_fts_plan-1156-p1;src_20260928_fts_plan-1156-p2;src_20260928_fts_plan-1273-p1;src_20260928_fts_plan-1273-p2;src_20260928_fts_plan-1510-p1;src_20260928_fts_plan-1510-p2;src_20260928_fts_locations
BEL,2025-03-01,2026-02-28,12542008,1186;1156;1273;1510,2026-09-28T06:57:17Z,src_20260928_fts_plan-1186-p1;src_20260928_fts_plan-1156-p1;src_20260928_fts_plan-1156-p2;src_20260928_fts_plan-1273-p1;src_20260928_fts_plan-1273-p2;src_20260928_fts_plan-1510-p1;src_20260928_fts_plan-1510-p2;src_20260928_fts_locations
BEL,2025-04-01,2026-03-31,12542008,1186;1156;1273;1510,2026-09-28T06:57:17Z,src_20260928_fts_plan-1186-p1;src_20260928_fts_plan-1156-p1;src_20260928_fts_plan-1156-p2;src_20260928_fts_plan-1273-p1;src_20260928_fts_plan-1273-p2;src_20260928_fts_plan-1510-p1;src_20260928_fts_plan-1510-p2;src_20260928_fts_locations
BEL,2025-05-01,2026-04-30,17225849,1186;1156;1273;1510,2026-09-28T06:57:17Z,src_20260928_fts_plan-1186-p1;src_20260928_fts_plan-1156-p1;src_20260928_fts_plan-1156-p2;src_20260928_fts_plan-1273-p1;src_20260928_fts_plan-1273-p2;src_20260928_fts_plan-1510-p1;src_20260928_fts_plan-1510-p2;src_20260928_fts_locations
BEL,2025-06-01,2026-05-31,17225849,1186;1156;1273;1510,2026-09-28T06:57:17Z,src_20260928_fts_plan-1186-p1;src_20260928_fts_plan-1156-p1;src_20260928_fts_plan-1156-p2;src_20260928_fts_plan-1273-p1;src_20260928_fts_plan-1273-p2;src_20260928_fts_plan-1510-p1;src_20260928_fts_plan-1510-p2;src_20260928_fts_locations
BEL,2025-07-01,2026-06-30,24509856,1186;1156;1273;1510,2026-09-28T06:57:17Z,src_20260928_fts_plan-1186-p1;src_20260928_fts_plan-1156-p1;src_20260928_fts_plan-1156-p2;src_20260928_fts_plan-1273-p1;src_20260928_fts_plan-1273-p2;src_20260928_fts_plan-1510-p1;src_20260928_fts_plan-1510-p2;src_20260928_fts_locations
BEL,2025-08-01,2026-07-31,24509856,1186;1156;1273;1510,2026-09-28T06:57:17Z,src_20260928_fts_plan-1186-p1;src_20260928_fts_plan-1156-p1;src_20260928_fts_plan-1156-p2;src_20260928_fts_plan-1273-p1;src_20260928_fts_plan-1273-p2;src_20260928_fts_plan-1510-p1;src_20260928_fts_plan-1510-p2;src_20260928_fts_locations
BEL,2025-09-01,2026-08-31,26811352,1186;1156;1273;1510,2026-09-28T06:57:17Z,src_20260928_fts_plan-1186-p1;src_20260928_fts_plan-1156-p1;src_20260928_fts_plan-1156-p2;src_20260928_fts_plan-1273-p1;src_20260928_fts_plan-1273-p2;src_20260928_fts_plan-1510-p1;src_20260928_fts_plan-1510-p2;src_20260928_fts_locations
BGD,2022-10-01,2023-09-30,0,1186;1156;1273;1510,2026-09-28T06:57:17Z,src_20260928_fts_plan-1186-p1;src_20260928_fts_plan-1156-p1;src_20260928_fts_plan-1156-p2;src_20260928_fts_plan-1273-p1;src_20260928_fts_plan-1273-p2;src_20260928_fts_plan-1510-p1;src_20260928_fts_plan-1510-p2;src_20260928_fts_locations
BGD,2022-11-01,2023-10-31,0,1186;1156;1273;1510,2026-09-28T06:57:17Z,src_20260928_fts_plan-1186-p1;src_20260928_fts_plan-1156-p1;src_20260928_fts_plan-1156-p2;src_20260928_fts_plan-1273-p1;src_20260928_fts_plan-1273-p2;src_20260928_fts_plan-1510-p1;src_20260928_fts_plan-1510-p2;src_20260928_fts_locations
BGD,2022-12-01,2023-11-30,0,1186;1156;1273;1510,2026-09-28T06:57:17Z,src_20260928_fts_plan-1186-p1;src_20260928_fts_plan-1156-p1;src_20260928_fts_plan-1156-p2;src_20260928_fts_plan-1273-p1;src_20260928_fts_plan-1273-p2;src_20260928_fts_plan-1510-p1;src_20260928_fts_plan-1510-p2;src_20260928_fts_locations
BGD,2023-01-01,2023-12-31,0,1186;1156;1273;1510,2026-09-28T06:57:17Z,src_20260928_fts_plan-1186-p1;src_20260928_fts_plan-1156-p1;src_20260928_fts_plan-1156-p2;src_20260928_fts_plan-1273-p1;src_20260928_fts_plan-1273-p2;src_20260928_fts_plan-1510-p1;src_20260928_fts_plan-1510-p2;src_20260928_fts_locations
BGD,2023-02-01,2024-01-31,0,1186;1156;1273;1510,2026-09-28T06:57:17Z,src_20260928_fts_plan-1186-p1;src_20260928_fts_plan-1156-p1;src_20260928_fts_plan-1156-p2;src_20260928_fts_plan-1273-p1;src_20260928_fts_plan-1273-p2;src_20260928_fts_plan-1510-p1;src_20260928_fts_plan-1510-p2;src_20260928_fts_locations
BGD,2023-03-01,2024-02-29,0,1186;1156;1273;1510,2026-09-28T06:57:17Z,src_20260928_fts_plan-1186-p1;src_20260928_fts_plan-1156-p1;src_20260928_fts_plan-1156-p2;src_20260928_fts_plan-1273-p1;src_20260928_fts_plan-1273-p2;src_20260928_fts_plan-1510-p1;src_20260928_fts_plan-1510-p2;src_20260928_fts_locations
BGD,2023-04-01,2024-03-31,10000,1186;1156;1273;1510,2026-09-28T06:57:17Z,src_20260928_fts_plan-1186-p1;src_20260928_fts_plan-1156-p1;src_20260928_fts_plan-1156-p2;src_20260928_fts_plan-1273-p1;src_20260928_fts_plan-1273-p2;src_20260928_fts_plan-1510-p1;src_20260928_fts_plan-1510-p2;src_20260928_fts_locations
BGD,2023-05-01,2024-04-30,10000,1186;1156;1273;1510,2026-09-28T06:57:17Z,src_20260928_fts_plan-1186-p1;src_20260928_fts_plan-1156-p1;src_20260928_fts_plan-1156-p2;src_20260928_fts_plan-1273-p1;src_20260928_fts_plan-1273-p2;src_20260928_fts_plan-1510-p1;src_20260928_fts_plan-1510-p2;src_20260928_fts_locations
BGD,2023-06-01,2024-05-31,10000,1186;1156;1273;1510,2026-09-28T06:57:17Z,src_20260928_fts_plan-1186-p1;src_20260928_fts_plan-1156-p1;src_20260928_fts_plan-1156-p2;src_20260928_fts_plan-1273-p1;src_20260928_fts_plan-1273-p2;src_20260928_fts_plan-1510-p1;src_20260928_fts_plan-1510-p2;src_20260928_fts_locations
BGD,2023-07-01,2024-06-30,10000,1186;1156;1273;1510,2026-09-28T06:57:17Z,src_20260928_fts_plan-1186-p1;src_20260928_fts_plan-1156-p1;src_20260928_fts_plan-1156-p2;src_20260928_fts_plan-1273-p1;src_20260928_fts_plan-1273-p2;src_20260928_fts_plan-1510-p1;src_20260928_fts_plan-1510-p2;src_20260928_fts_locations
BGD,2023-08-01,2024-07-31,10000,1186;1156;1273;1510,2026-09-28T06:57:17Z,src_20260928_fts_plan-1186-p1;src_20260928_fts_plan-1156-p1;src_20260928_fts_plan-1156-p2;src_20260928_fts_plan-1273-p1;src_20260928_fts_plan-1273-p2;src_20260928_fts_plan-1510-p1;src_20260928_fts_plan-1510-p2;src_20260928_fts_locations
BGD,2023-09-01,2024-08-31,10000,1186;1156;1273;1510,2026-09-28T06:57:17Z,src_20260928_fts_plan-1186-p1;src_20260928_fts_plan-1156-p1;src_20260928_fts_plan-1156-p2;src_20260928_fts_plan-1273-p1;src_20260928_fts_plan-1273-p2;src_20260928_fts_plan-1510-p1;src_20260928_fts_plan-1510-p2;src_20260928_fts_locations
BGD,2023-10-01,2024-09-30,10000,1186;1156;1273;1510,2026-09-28T06:57:17Z,src_20260928_fts_plan-1186-p1;src_20260928_fts_plan-1156-p1;src_20260928_fts_plan-1156-p2;src_20260928_fts_plan-1273-p1;src_20260928_fts_plan-1273-p2;src_20260928_fts_plan-1510-p1;src_20260928_fts_plan-1510-p2;src_20260928_fts_locations
BGD,2023-11-01,2024-10-31,10000,1186;1156;1273;1510,2026-09-28T06:57:17Z,src_20260928_fts_plan-1186-p1;src_20260928_fts_plan-1156-p1;src_20260928_fts_plan-1156-p2;src_20260928_fts_plan-1273-p1;src_20260928_fts_plan-1273-p2;src_20260928_fts_plan-1510-p1;src_20260928_fts_plan-1510-p2;src_20260928_fts_locations
BGD,2023-12-01,2024-11-30,10000,1186;1156;1273;1510,2026-09-28T06:57:17Z,src_20260928_fts_plan-1186-p1;src_20260928_fts_plan-1156-p1;src_20260928_fts_plan-1156-p2;src_20260928_fts_plan-1273-p1;src_20260928_fts_plan-1273-p2;src_20260928_fts_plan-1510-p1;src_20260928_fts_plan-1510-p2;src_20260928_fts_locations
BGD,2024-01-01,2024-12-31,10000,1186;1156;1273;1510,2026-09-28T06:57:17Z,src_20260928_fts_plan-1186-p1;src_20260928_fts_plan-1156-p1;src_20260928_fts_plan-1156-p2;src_20260928_fts_plan-1273-p1;src_20260928_fts_plan-1273-p2;src_20260928_fts_plan-1510-p1;src_20260928_fts_plan-1510-p2;src_20260928_fts_locations
BGD,2024-02-01,2025-01-31,10000,1186;1156;1273;1510,2026-09-28T06:57:17Z,src_20260928_fts_plan-1186-p1;src_20260928_fts_plan-1156-p1;src_20260928_fts_plan-1156-p2;src_20260928_fts_plan-1273-p1;src_20260928_fts_plan-1273-p2;src_20260928_fts_plan-1510-p1;src_20260928_fts_plan-1510-p2;src_20260928_fts_locations
BGD,2024-03-01,2025-02-28,10000,1186;1156;1273;1510,2026-09-28T06:57:17Z,src_20260928_fts_plan-1186-p1;src_20260928_fts_plan-1156-p1;src_20260928_fts_plan-1156-p2;src_20260928_fts_plan-1273-p1;src_20260928_fts_plan-1273-p2;src_20260928_fts_plan-1510-p1;src_20260928_fts_plan-1510-p2;src_20260928_fts_locations
BGD,2024-04-01,2025-03-31,0,1186;1156;1273;1510,2026-09-28T06:57:17Z,src_20260928_fts_plan-1186-p1;src_20260928_fts_plan-1156-p1;src_20260928_fts_plan-1156-p2;src_20260928_fts_plan-1273-p1;src_20260928_fts_plan-1273-p2;src_20260928_fts_plan-1510-p1;src_20260928_fts_plan-1510-p2;src_20260928_fts_locations
BGD,2024-05-01,2025-04-30,0,1186;1156;1273;1510,2026-09-28T06:57:17Z,src_20260928_fts_plan-1186-p1;src_20260928_fts_plan-1156-p1;src_20260928_fts_plan-1156-p2;src_20260928_fts_plan-1273-p1;src_20260928_fts_plan-1273-p2;src_20260928_fts_plan-1510-p1;src_20260928_fts_plan-1510-p2;src_20260928_fts_locations
BGD,2024-06-01,2025-05-31,0,1186;1156;1273;1510,2026-09-28T06:57:17Z,src_20260928_fts_plan-1186-p1;src_20260928_fts_plan-1156-p1;src_20260928_fts_plan-1156-p2;src_20260928_fts_plan-1273-p1;src_20260928_fts_plan-1273-p2;src_20260928_fts_plan-1510-p1;src_20260928_fts_plan-1510-p2;src_20260928_fts_locations
BGD,2024-07-01,2025-06-30,0,1186;1156;1273;1510,2026-09-28T06:57:17Z,src_20260928_fts_plan-1186-p1;src_20260928_fts_plan-1156-p1;src_20260928_fts_plan-1156-p2;src_20260928_fts_plan-1273-p1;src_20260928_fts_plan-1273-p2;src_20260928_fts_plan-1510-p1;src_20260928_fts_plan-1510-p2;src_20260928_fts_locations
BGD,2024-08-01,2025-07-31,0,1186;1156;1273;1510,2026-09-28T06:57:17Z,src_20260928_fts_plan-1186-p1;src_20260928_fts_plan-1156-p1;src_20260928_fts_plan-1156-p2;src_20260928_fts_plan-1273-p1;src_20260928_fts_plan-1273-p2;src_20260928_fts_plan-1510-p1;src_20260928_fts_plan-1510-p2;src_20260928_fts_locations
BGD,2024-09-01,2025-08-31,0,1186;1156;1273;1510,2026-09-28T06:57:17Z,src_20260928_fts_plan-1186-p1;src_20260928_fts_plan-1156-p1;src_20260928_fts_plan-1156-p2;src_20260928_fts_plan-1273-p1;src_20260928_fts_plan-1273-p2;src_20260928_fts_plan-1510-p1;src_20260928_fts_plan-1510-p2;src_20260928_fts_locations
BGD,2024-10-01,2025-09-30,0,1186;1156;1273;1510,2026-09-28T06:57:17Z,src_20260928_fts_plan-1186-p1;src_20260928_fts_plan-1156-p1;src_20260928_fts_plan-1156-p2;src_20260928_fts_plan-1273-p1;src_20260928_fts_plan-1273-p2;src_20260928_fts_plan-1510-p1;src_20260928_fts_plan-1510-p2;src_20260928_fts_locations
BGD,2024-11-01,2025-10-31,0,1186;1156;1273;1510,2026-09-28T06:57:17Z,src_20260928_fts_plan-1186-p1;src_20260928_fts_plan-1156-p1;src_20260928_fts_plan-1156-p2;src_20260928_fts_plan-1273-p1;src_20260928_fts_plan-1273-p2;src_20260928_fts_plan-1510-p1;src_20260928_fts_plan-1510-p2;src_20260928_fts_locations
BGD,2024-12-01,2025-11-30,0,1186;1156;1273;1510,2026-09-28T06:57:17Z,src_20260928_fts_plan-1186-p1;src_20260928_fts_plan-1156-p1;src_20260928_fts_plan-1156-p2;src_20260928_fts_plan-1273-p1;src_20260928_fts_plan-1273-p2;src_20260928_fts_plan-1510-p1;src_20260928_fts_plan-1510-p2;src_20260928_fts_locations
BGD,2025-01-01,2025-12-31,0,1186;1156;1273;1510,2026-09-28T06:57:17Z,src_20260928_fts_plan-1186-p1;src_20260928_fts_plan-1156-p1;src_20260928_fts_plan-1156-p2;src_20260928_fts_plan-1273-p1;src_20260928_fts_plan-1273-p2;src_20260928_fts_plan-1510-p1;src_20260928_fts_plan-1510-p2;src_20260928_fts_locations
BGD,2025-02-01,2026-01-31,0,1186;1156;1273;1510,2026-09-28T06:57:17Z,src_20260928_fts_plan-1186-p1;src_20260928_fts_plan-1156-p1;src_20260928_fts_plan-1156-p2;src_20260928_fts_plan-1273-p1;src_20260928_fts_plan-1273-p2;src_20260928_fts_plan-1510-p1;src_20260928_fts_plan-1510-p2;src_20260928_fts_locations
BGD,2025-03-01,2026-02-28,0,1186;1156;1273;1510,2026-09-28T06:57:17Z,src_20260928_fts_plan-1186-p1;src_20260928_fts_plan-1156-p1;src_20260928_fts_plan-1156-p2;src_20260928_fts_plan-1273-p1;src_20260928_fts_plan-1273-p2;src_20260928_fts_plan-1510-p1;src_20260928_fts_plan-1510-p2;src_20260928_fts_locations
BGD,2025-04-01,2026-03-31,0,1186;1156;1273;1510,2026-09-28T06:57:17Z,src_20260928_fts_plan-1186-p1;src_20260928_fts_plan-1156-p1;src_20260928_fts_plan-1156-p2;src_20260928_fts_plan-1273-p1;src_20260928_fts_plan-1273-p2;src_20260928_fts_plan-1510-p1;src_20260928_fts_plan-1510-p2;src_20260928_fts_locations
BGD,2025-05-01,2026-04-30,0,1186;1156;1273;1510,2026-09-28T06:57:17Z,src_20260928_fts_plan-1186-p1;src_20260928_fts_plan-1156-p1;src_20260928_fts_plan-1156-p2;src_20260928_fts_plan-1273-p1;src_20260928_fts_plan-1273-p2;src_20260928_fts_plan-1510-p1;src_20260928_fts_plan-1510-p2;src_20260928_fts_locations
BGD,2025-06-01,2026-05-31,0,1186;1156;1273;1510,2026-09-28T06:57:17Z,src_20260928_fts_plan-1186-p1;src_20260928_fts_plan-1156-p1;src_20260928_fts_plan-1156-p2;src_20260928_fts_plan-1273-p1;src_20260928_fts_plan-1273-p2;src_20260928_fts_plan-1510-p1;src_20260928_fts_plan-1510-p2;src_20260928_fts_locations
BGD,2025-07-01,2026-06-30,0,1186;1156;1273;1510,2026-09-28T06:57:17Z,src_20260928_fts_plan-1186-p1;src_20260928_fts_plan-1156-p1;src_20260928_fts_plan-1156-p2;src_20260928_fts_plan-1273-p1;src_20260928_fts_plan-1273-p2;src_20260928_fts_plan-1510-p1;src_20260928_fts_plan-1510-p2;src_20260928_fts_locations
BGD,2025-08-01,2026-07-31,0,1186;1156;1273;1510,2026-09-28T06:57:17Z,src_20260928_fts_plan-1186-p1;src_20260928_fts_plan-1156-p1;src_20260928_fts_plan-1156-p2;src_20260928_fts_plan-1273-p1;src_20260928_fts_plan-1273-p2;src_20260928_fts_plan-1510-p1;src_20260928_fts_plan-1510-p2;src_20260928_fts_locations
BGD,2025-09-01,2026-08-31,0,1186;1156;1273;1510,2026-09-28T06:57:17Z,src_20260928_fts_plan-1186-p1;src_20260928_fts_plan-1156-p1;src_20260928_fts_plan-1156-p2;src_20260928_fts_plan-1273-p1;src_20260928_fts_plan-1273-p2;src_20260928_fts_plan-1510-p1;src_20260928_fts_plan-1510-p2;src_20260928_fts_locations
BGR,2022-10-01,2023-09-30,0,1186;1156;1273;1510,2026-09-28T06:57:17Z,src_20260928_fts_plan-1186-p1;src_20260928_fts_plan-1156-p1;src_20260928_fts_plan-1156-p2;src_20260928_fts_plan-1273-p1;src_20260928_fts_plan-1273-p2;src_20260928_fts_plan-1510-p1;src_20260928_fts_plan-1510-p2;src_20260928_fts_locations
BGR,2022-11-01,2023-10-31,0,1186;1156;1273;1510,2026-09-28T06:57:17Z,src_20260928_fts_plan-1186-p1;src_20260928_fts_plan-1156-p1;src_20260928_fts_plan-1156-p2;src_20260928_fts_plan-1273-p1;src_20260928_fts_plan-1273-p2;src_20260928_fts_plan-1510-p1;src_20260928_fts_plan-1510-p2;src_20260928_fts_locations
BGR,2022-12-01,2023-11-30,0,1186;1156;1273;1510,2026-09-28T06:57:17Z,src_20260928_fts_plan-1186-p1;src_20260928_fts_plan-1156-p1;src_20260928_fts_plan-1156-p2;src_20260928_fts_plan-1273-p1;src_20260928_fts_plan-1273-p2;src_20260928_fts_plan-1510-p1;src_20260928_fts_plan-1510-p2;src_20260928_fts_locations
BGR,2023-01-01,2023-12-31,0,1186;1156;1273;1510,2026-09-28T06:57:17Z,src_20260928_fts_plan-1186-p1;src_20260928_fts_plan-1156-p1;src_20260928_fts_plan-1156-p2;src_20260928_fts_plan-1273-p1;src_20260928_fts_plan-1273-p2;src_20260928_fts_plan-1510-p1;src_20260928_fts_plan-1510-p2;src_20260928_fts_locations
BGR,2023-02-01,2024-01-31,0,1186;1156;1273;1510,2026-09-28T06:57:17Z,src_20260928_fts_plan-1186-p1;src_20260928_fts_plan-1156-p1;src_20260928_fts_plan-1156-p2;src_20260928_fts_plan-1273-p1;src_20260928_fts_plan-1273-p2;src_20260928_fts_plan-1510-p1;src_20260928_fts_plan-1510-p2;src_20260928_fts_locations
BGR,2023-03-01,2024-02-29,0,1186;1156;1273;1510,2026-09-28T06:57:17Z,src_20260928_fts_plan-1186-p1;src_20260928_fts_plan-1156-p1;src_20260928_fts_plan-1156-p2;src_20260928_fts_plan-1273-p1;src_20260928_fts_plan-1273-p2;src_20260928_fts_plan-1510-p1;src_20260928_fts_plan-1510-p2;src_20260928_fts_locations
BGR,2023-04-01,2024-03-31,0,1186;1156;1273;1510,2026-09-28T06:57:17Z,src_20260928_fts_plan-1186-p1;src_20260928_fts_plan-1156-p1;src_20260928_fts_plan-1156-p2;src_20260928_fts_plan-1273-p1;src_20260928_fts_plan-1273-p2;src_20260928_fts_plan-1510-p1;src_20260928_fts_plan-1510-p2;src_20260928_fts_locations
BGR,2023-05-01,2024-04-30,0,1186;1156;1273;1510,2026-09-28T06:57:17Z,src_20260928_fts_plan-1186-p1;src_20260928_fts_plan-1156-p1;src_20260928_fts_plan-1156-p2;src_20260928_fts_plan-1273-p1;src_20260928_fts_plan-1273-p2;src_20260928_fts_plan-1510-p1;src_20260928_fts_plan-1510-p2;src_20260928_fts_locations
BGR,2023-06-01,2024-05-31,0,1186;1156;1273;1510,2026-09-28T06:57:17Z,src_20260928_fts_plan-1186-p1;src_20260928_fts_plan-1156-p1;src_20260928_fts_plan-1156-p2;src_20260928_fts_plan-1273-p1;src_20260928_fts_plan-1273-p2;src_20260928_fts_plan-1510-p1;src_20260928_fts_plan-1510-p2;src_20260928_fts_locations
BGR,2023-07-01,2024-06-30,0,1186;1156;1273;1510,2026-09-28T06:57:17Z,src_20260928_fts_plan-1186-p1;src_20260928_fts_plan-1156-p1;src_20260928_fts_plan-1156-p2;src_20260928_fts_plan-1273-p1;src_20260928_fts_plan-1273-p2;src_20260928_fts_plan-1510-p1;src_20260928_fts_plan-1510-p2;src_20260928_fts_locations
BGR,2023-08-01,2024-07-31,0,1186;1156;1273;1510,2026-09-28T06:57:17Z,src_20260928_fts_plan-1186-p1;src_20260928_fts_plan-1156-p1;src_20260928_fts_plan-1156-p2;src_20260928_fts_plan-1273-p1;src_20260928_fts_plan-1273-p2;src_20260928_fts_plan-1510-p1;src_20260928_fts_plan-1510-p2;src_20260928_fts_locations
BGR,2023-09-01,2024-08-31,0,1186;1156;1273;1510,2026-09-28T06:57:17Z,src_20260928_fts_plan-1186-p1;src_20260928_fts_plan-1156-p1;src_20260928_fts_plan-1156-p2;src_20260928_fts_plan-1273-p1;src_20260928_fts_plan-1273-p2;src_20260928_fts_plan-1510-p1;src_20260928_fts_plan-1510-p2;src_20260928_fts_locations
BGR,2023-10-01,2024-09-30,0,1186;1156;1273;1510,2026-09-28T06:57:17Z,src_20260928_fts_plan-1186-p1;src_20260928_fts_plan-1156-p1;src_20260928_fts_plan-1156-p2;src_20260928_fts_plan-1273-p1;src_20260928_fts_plan-1273-p2;src_20260928_fts_plan-1510-p1;src_20260928_fts_plan-1510-p2;src_20260928_fts_locations
BGR,2023-11-01,2024-10-31,0,1186;1156;1273;1510,2026-09-28T06:57:17Z,src_20260928_fts_plan-1186-p1;src_20260928_fts_plan-1156-p1;src_20260928_fts_plan-1156-p2;src_20260928_fts_plan-1273-p1;src_20260928_fts_plan-1273-p2;src_20260928_fts_plan-1510-p1;src_20260928_fts_plan-1510-p2;src_20260928_fts_locations
BGR,2023-12-01,2024-11-30,0,1186;1156;1273;1510,2026-09-28T06:57:17Z,src_20260928_fts_plan-1186-p1;src_20260928_fts_plan-1156-p1;src_20260928_fts_plan-1156-p2;src_20260928_fts_plan-1273-p1;src_20260928_fts_plan-1273-p2;src_20260928_fts_plan-1510-p1;src_20260928_fts_plan-1510-p2;src_20260928_fts_locations
BGR,2024-01-01,2024-12-31,0,1186;1156;1273;1510,2026-09-28T06:57:17Z,src_20260928_fts_plan-1186-p1;src_20260928_fts_plan-1156-p1;src_20260928_fts_plan-1156-p2;src_20260928_fts_plan-1273-p1;src_20260928_fts_plan-1273-p2;src_20260928_fts_plan-1510-p1;src_20260928_fts_plan-1510-p2;src_20260928_fts_locations
BGR,2024-02-01,2025-01-31,0,1186;1156;1273;1510,2026-09-28T06:57:17Z,src_20260928_fts_plan-1186-p1;src_20260928_fts_plan-1156-p1;src_20260928_fts_plan-1156-p2;src_20260928_fts_plan-1273-p1;src_20260928_fts_plan-1273-p2;src_20260928_fts_plan-1510-p1;src_20260928_fts_plan-1510-p2;src_20260928_fts_locations
BGR,2024-03-01,2025-02-28,0,1186;1156;1273;1510,2026-09-28T06:57:17Z,src_20260928_fts_plan-1186-p1;src_20260928_fts_plan-1156-p1;src_20260928_fts_plan-1156-p2;src_20260928_fts_plan-1273-p1;src_20260928_fts_plan-1273-p2;src_20260928_fts_plan-1510-p1;src_20260928_fts_plan-1510-p2;src_20260928_fts_locations
BGR,2024-04-01,2025-03-31,0,1186;1156;1273;1510,2026-09-28T06:57:17Z,src_20260928_fts_plan-1186-p1;src_20260928_fts_plan-1156-p1;src_20260928_fts_plan-1156-p2;src_20260928_fts_plan-1273-p1;src_20260928_fts_plan-1273-p2;src_20260928_fts_plan-1510-p1;src_20260928_fts_plan-1510-p2;src_20260928_fts_locations
BGR,2024-05-01,2025-04-30,0,1186;1156;1273;1510,2026-09-28T06:57:17Z,src_20260928_fts_plan-1186-p1;src_20260928_fts_plan-1156-p1;src_20260928_fts_plan-1156-p2;src_20260928_fts_plan-1273-p1;src_20260928_fts_plan-1273-p2;src_20260928_fts_plan-1510-p1;src_20260928_fts_plan-1510-p2;src_20260928_fts_locations
BGR,2024-06-01,2025-05-31,218998,1186;1156;1273;1510,2026-09-28T06:57:17Z,src_20260928_fts_plan-1186-p1;src_20260928_fts_plan-1156-p1;src_20260928_fts_plan-1156-p2;src_20260928_fts_plan-1273-p1;src_20260928_fts_plan-1273-p2;src_20260928_fts_plan-1510-p1;src_20260928_fts_plan-1510-p2;src_20260928_fts_locations
BGR,2024-07-01,2025-06-30,218998,1186;1156;1273;1510,2026-09-28T06:57:17Z,src_20260928_fts_plan-1186-p1;src_20260928_fts_plan-1156-p1;src_20260928_fts_plan-1156-p2;src_20260928_fts_plan-1273-p1;src_20260928_fts_plan-1273-p2;src_20260928_fts_plan-1510-p1;src_20260928_fts_plan-1510-p2;src_20260928_fts_locations
BGR,2024-08-01,2025-07-31,218998,1186;1156;1273;1510,2026-09-28T06:57:17Z,src_20260928_fts_plan-1186-p1;src_20260928_fts_plan-1156-p1;src_20260928_fts_plan-1156-p2;src_20260928_fts_plan-1273-p1;src_20260928_fts_plan-1273-p2;src_20260928_fts_plan-1510-p1;src_20260928_fts_plan-1510-p2;src_20260928_fts_locations
BGR,2024-09-01,2025-08-31,218998,1186;1156;1273;1510,2026-09-28T06:57:17Z,src_20260928_fts_plan-1186-p1;src_20260928_fts_plan-1156-p1;src_20260928_fts_plan-1156-p2;src_20260928_fts_plan-1273-p1;src_20260928_fts_plan-1273-p2;src_20260928_fts_plan-1510-p1;src_20260928_fts_plan-1510-p2;src_20260928_fts_locations
BGR,2024-10-01,2025-09-30,218998,1186;1156;1273;1510,2026-09-28T06:57:17Z,src_20260928_fts_plan-1186-p1;src_20260928_fts_plan-1156-p1;src_20260928_fts_plan-1156-p2;src_20260928_fts_plan-1273-p1;src_20260928_fts_plan-1273-p2;src_20260928_fts_plan-1510-p1;src_20260928_fts_plan-1510-p2;src_20260928_fts_locations
BGR,2024-11-01,2025-10-31,218998,1186;1156;1273;1510,2026-09-28T06:57:17Z,src_20260928_fts_plan-1186-p1;src_20260928_fts_plan-1156-p1;src_20260928_fts_plan-1156-p2;src_20260928_fts_plan-1273-p1;src_20260928_fts_plan-1273-p2;src_20260928_fts_plan-1510-p1;src_20260928_fts_plan-1510-p2;src_20260928_fts_locations
BGR,2024-12-01,2025-11-30,218998,1186;1156;1273;1510,2026-09-28T06:57:17Z,src_20260928_fts_plan-1186-p1;src_20260928_fts_plan-1156-p1;src_20260928_fts_plan-1156-p2;src_20260928_fts_plan-1273-p1;src_20260928_fts_plan-1273-p2;src_20260928_fts_plan-1510-p1;src_20260928_fts_plan-1510-p2;src_20260928_fts_locations
BGR,2025-01-01,2025-12-31,218998,1186;1156;1273;1510,2026-09-28T06:57:17Z,src_20260928_fts_plan-1186-p1;src_20260928_fts_plan-1156-p1;src_20260928_fts_plan-1156-p2;src_20260928_fts_plan-1273-p1;src_20260928_fts_plan-1273-p2;src_20260928_fts_plan-1510-p1;src_20260928_fts_plan-1510-p2;src_20260928_fts_locations
BGR,2025-02-01,2026-01-31,392408,1186;1156;1273;1510,2026-09-28T06:57:17Z,src_20260928_fts_plan-1186-p1;src_20260928_fts_plan-1156-p1;src_20260928_fts_plan-1156-p2;src_20260928_fts_plan-1273-p1;src_20260928_fts_plan-1273-p2;src_20260928_fts_plan-1510-p1;src_20260928_fts_plan-1510-p2;src_20260928_fts_locations
BGR,2025-03-01,2026-02-28,392408,1186;1156;1273;1510,2026-09-28T06:57:17Z,src_20260928_fts_plan-1186-p1;src_20260928_fts_plan-1156-p1;src_20260928_fts_plan-1156-p2;src_20260928_fts_plan-1273-p1;src_20260928_fts_plan-1273-p2;src_20260928_fts_plan-1510-p1;src_20260928_fts_plan-1510-p2;src_20260928_fts_locations
BGR,2025-04-01,2026-03-31,450345,1186;1156;1273;1510,2026-09-28T06:57:17Z,src_20260928_fts_plan-1186-p1;src_20260928_fts_plan-1156-p1;src_20260928_fts_plan-1156-p2;src_20260928_fts_plan-1273-p1;src_20260928_fts_plan-1273-p2;src_20260928_fts_plan-1510-p1;src_20260928_fts_plan-1510-p2;src_20260928_fts_locations
BGR,2025-05-01,2026-04-30,450345,1186;1156;1273;1510,2026-09-28T06:57:17Z,src_20260928_fts_plan-1186-p1;src_20260928_fts_plan-1156-p1;src_20260928_fts_plan-1156-p2;src_20260928_fts_plan-1273-p1;src_20260928_fts_plan-1273-p2;src_20260928_fts_plan-1510-p1;src_20260928_fts_plan-1510-p2;src_20260928_fts_locations
BGR,2025-06-01,2026-05-31,231347,1186;1156;1273;1510,2026-09-28T06:57:17Z,src_20260928_fts_plan-1186-p1;src_20260928_fts_plan-1156-p1;src_20260928_fts_plan-1156-p2;src_20260928_fts_plan-1273-p1;src_20260928_fts_plan-1273-p2;src_20260928_fts_plan-1510-p1;src_20260928_fts_plan-1510-p2;src_20260928_fts_locations
BGR,2025-07-01,2026-06-30,231347,1186;1156;1273;1510,2026-09-28T06:57:17Z,src_20260928_fts_plan-1186-p1;src_20260928_fts_plan-1156-p1;src_20260928_fts_plan-1156-p2;src_20260928_fts_plan-1273-p1;src_20260928_fts_plan-1273-p2;src_20260928_fts_plan-1510-p1;src_20260928_fts_plan-1510-p2;src_20260928_fts_locations
BGR,2025-08-01,2026-07-31,305633,1186;1156;1273;1510,2026-09-28T06:57:17Z,src_20260928_fts_plan-1186-p1;src_20260928_fts_plan-1156-p1;src_20260928_fts_plan-1156-p2;src_20260928_fts_plan-1273-p1;src_20260928_fts_plan-1273-p2;src_20260928_fts_plan-1510-p1;src_20260928_fts_plan-1510-p2;src_20260928_fts_locations
BGR,2025-09-01,2026-08-31,305633,1186;1156;1273;1510,2026-09-28T06:57:17Z,src_20260928_fts_plan-1186-p1;src_20260928_fts_plan-1156-p1;src_20260928_fts_plan-1156-p2;src_20260928_fts_plan-1273-p1;src_20260928_fts_plan-1273-p2;src_20260928_fts_plan-1510-p1;src_20260928_fts_plan-1510-p2;src_20260928_fts_locations
BRN,2022-10-01,2023-09-30,0,1186;1156;1273;1510,2026-09-28T06:57:17Z,src_20260928_fts_plan-1186-p1;src_20260928_fts_plan-1156-p1;src_20260928_fts_plan-1156-p2;src_20260928_fts_plan-1273-p1;src_20260928_fts_plan-1273-p2;src_20260928_fts_plan-1510-p1;src_20260928_fts_plan-1510-p2;src_20260928_fts_locations
BRN,2022-11-01,2023-10-31,0,1186;1156;1273;1510,2026-09-28T06:57:17Z,src_20260928_fts_plan-1186-p1;src_20260928_fts_plan-1156-p1;src_20260928_fts_plan-1156-p2;src_20260928_fts_plan-1273-p1;src_20260928_fts_plan-1273-p2;src_20260928_fts_plan-1510-p1;src_20260928_fts_plan-1510-p2;src_20260928_fts_locations
BRN,2022-12-01,2023-11-30,0,1186;1156;1273;1510,2026-09-28T06:57:17Z,src_20260928_fts_plan-1186-p1;src_20260928_fts_plan-1156-p1;src_20260928_fts_plan-1156-p2;src_20260928_fts_plan-1273-p1;src_20260928_fts_plan-1273-p2;src_20260928_fts_plan-1510-p1;src_20260928_fts_plan-1510-p2;src_20260928_fts_locations
BRN,2023-01-01,2023-12-31,0,1186;1156;1273;1510,2026-09-28T06:57:17Z,src_20260928_fts_plan-1186-p1;src_20260928_fts_plan-1156-p1;src_20260928_fts_plan-1156-p2;src_20260928_fts_plan-1273-p1;src_20260928_fts_plan-1273-p2;src_20260928_fts_plan-1510-p1;src_20260928_fts_plan-1510-p2;src_20260928_fts_locations
BRN,2023-02-01,2024-01-31,0,1186;1156;1273;1510,2026-09-28T06:57:17Z,src_20260928_fts_plan-1186-p1;src_20260928_fts_plan-1156-p1;src_20260928_fts_plan-1156-p2;src_20260928_fts_plan-1273-p1;src_20260928_fts_plan-1273-p2;src_20260928_fts_plan-1510-p1;src_20260928_fts_plan-1510-p2;src_20260928_fts_locations
BRN,2023-03-01,2024-02-29,0,1186;1156;1273;1510,2026-09-28T06:57:17Z,src_20260928_fts_plan-1186-p1;src_20260928_fts_plan-1156-p1;src_20260928_fts_plan-1156-p2;src_20260928_fts_plan-1273-p1;src_20260928_fts_plan-1273-p2;src_20260928_fts_plan-1510-p1;src_20260928_fts_plan-1510-p2;src_20260928_fts_locations
BRN,2023-04-01,2024-03-31,0,1186;1156;1273;1510,2026-09-28T06:57:17Z,src_20260928_fts_plan-1186-p1;src_20260928_fts_plan-1156-p1;src_20260928_fts_plan-1156-p2;src_20260928_fts_plan-1273-p1;src_20260928_fts_plan-1273-p2;src_20260928_fts_plan-1510-p1;src_20260928_fts_plan-1510-p2;src_20260928_fts_locations
BRN,2023-05-01,2024-04-30,0,1186;1156;1273;1510,2026-09-28T06:57:17Z,src_20260928_fts_plan-1186-p1;src_20260928_fts_plan-1156-p1;src_20260928_fts_plan-1156-p2;src_20260928_fts_plan-1273-p1;src_20260928_fts_plan-1273-p2;src_20260928_fts_plan-1510-p1;src_20260928_fts_plan-1510-p2;src_20260928_fts_locations
BRN,2023-06-01,2024-05-31,0,1186;1156;1273;1510,2026-09-28T06:57:17Z,src_20260928_fts_plan-1186-p1;src_20260928_fts_plan-1156-p1;src_20260928_fts_plan-1156-p2;src_20260928_fts_plan-1273-p1;src_20260928_fts_plan-1273-p2;src_20260928_fts_plan-1510-p1;src_20260928_fts_plan-1510-p2;src_20260928_fts_locations
BRN,2023-07-01,2024-06-30,0,1186;1156;1273;1510,2026-09-28T06:57:17Z,src_20260928_fts_plan-1186-p1;src_20260928_fts_plan-1156-p1;src_20260928_fts_plan-1156-p2;src_20260928_fts_plan-1273-p1;src_20260928_fts_plan-1273-p2;src_20260928_fts_plan-1510-p1;src_20260928_fts_plan-1510-p2;src_20260928_fts_locations
BRN,2023-08-01,2024-07-31,0,1186;1156;1273;1510,2026-09-28T06:57:17Z,src_20260928_fts_plan-1186-p1;src_20260928_fts_plan-1156-p1;src_20260928_fts_plan-1156-p2;src_20260928_fts_plan-1273-p1;src_20260928_fts_plan-1273-p2;src_20260928_fts_plan-1510-p1;src_20260928_fts_plan-1510-p2;src_20260928_fts_locations
BRN,2023-09-01,2024-08-31,0,1186;1156;1273;1510,2026-09-28T06:57:17Z,src_20260928_fts_plan-1186-p1;src_20260928_fts_plan-1156-p1;src_20260928_fts_plan-1156-p2;src_20260928_fts_plan-1273-p1;src_20260928_fts_plan-1273-p2;src_20260928_fts_plan-1510-p1;src_20260928_fts_plan-1510-p2;src_20260928_fts_locations
BRN,2023-10-01,2024-09-30,0,1186;1156;1273;1510,2026-09-28T06:57:17Z,src_20260928_fts_plan-1186-p1;src_20260928_fts_plan-1156-p1;src_20260928_fts_plan-1156-p2;src_20260928_fts_plan-1273-p1;src_20260928_fts_plan-1273-p2;src_20260928_fts_plan-1510-p1;src_20260928_fts_plan-1510-p2;src_20260928_fts_locations
BRN,2023-11-01,2024-10-31,0,1186;1156;1273;1510,2026-09-28T06:57:17Z,src_20260928_fts_plan-1186-p1;src_20260928_fts_plan-1156-p1;src_20260928_fts_plan-1156-p2;src_20260928_fts_plan-1273-p1;src_20260928_fts_plan-1273-p2;src_20260928_fts_plan-1510-p1;src_20260928_fts_plan-1510-p2;src_20260928_fts_locations
BRN,2023-12-01,2024-11-30,0,1186;1156;1273;1510,2026-09-28T06:57:17Z,src_20260928_fts_plan-1186-p1;src_20260928_fts_plan-1156-p1;src_20260928_fts_plan-1156-p2;src_20260928_fts_plan-1273-p1;src_20260928_fts_plan-1273-p2;src_20260928_fts_plan-1510-p1;src_20260928_fts_plan-1510-p2;src_20260928_fts_locations
BRN,2024-01-01,2024-12-31,0,1186;1156;1273;1510,2026-09-28T06:57:17Z,src_20260928_fts_plan-1186-p1;src_20260928_fts_plan-1156-p1;src_20260928_fts_plan-1156-p2;src_20260928_fts_plan-1273-p1;src_20260928_fts_plan-1273-p2;src_20260928_fts_plan-1510-p1;src_20260928_fts_plan-1510-p2;src_20260928_fts_locations
BRN,2024-02-01,2025-01-31,0,1186;1156;1273;1510,2026-09-28T06:57:17Z,src_20260928_fts_plan-1186-p1;src_20260928_fts_plan-1156-p1;src_20260928_fts_plan-1156-p2;src_20260928_fts_plan-1273-p1;src_20260928_fts_plan-1273-p2;src_20260928_fts_plan-1510-p1;src_20260928_fts_plan-1510-p2;src_20260928_fts_locations
BRN,2024-03-01,2025-02-28,0,1186;1156;1273;1510,2026-09-28T06:57:17Z,src_20260928_fts_plan-1186-p1;src_20260928_fts_plan-1156-p1;src_20260928_fts_plan-1156-p2;src_20260928_fts_plan-1273-p1;src_20260928_fts_plan-1273-p2;src_20260928_fts_plan-1510-p1;src_20260928_fts_plan-1510-p2;src_20260928_fts_locations
BRN,2024-04-01,2025-03-31,0,1186;1156;1273;1510,2026-09-28T06:57:17Z,src_20260928_fts_plan-1186-p1;src_20260928_fts_plan-1156-p1;src_20260928_fts_plan-1156-p2;src_20260928_fts_plan-1273-p1;src_20260928_fts_plan-1273-p2;src_20260928_fts_plan-1510-p1;src_20260928_fts_plan-1510-p2;src_20260928_fts_locations
BRN,2024-05-01,2025-04-30,0,1186;1156;1273;1510,2026-09-28T06:57:17Z,src_20260928_fts_plan-1186-p1;src_20260928_fts_plan-1156-p1;src_20260928_fts_plan-1156-p2;src_20260928_fts_plan-1273-p1;src_20260928_fts_plan-1273-p2;src_20260928_fts_plan-1510-p1;src_20260928_fts_plan-1510-p2;src_20260928_fts_locations
BRN,2024-06-01,2025-05-31,0,1186;1156;1273;1510,2026-09-28T06:57:17Z,src_20260928_fts_plan-1186-p1;src_20260928_fts_plan-1156-p1;src_20260928_fts_plan-1156-p2;src_20260928_fts_plan-1273-p1;src_20260928_fts_plan-1273-p2;src_20260928_fts_plan-1510-p1;src_20260928_fts_plan-1510-p2;src_20260928_fts_locations
BRN,2024-07-01,2025-06-30,0,1186;1156;1273;1510,2026-09-28T06:57:17Z,src_20260928_fts_plan-1186-p1;src_20260928_fts_plan-1156-p1;src_20260928_fts_plan-1156-p2;src_20260928_fts_plan-1273-p1;src_20260928_fts_plan-1273-p2;src_20260928_fts_plan-1510-p1;src_20260928_fts_plan-1510-p2;src_20260928_fts_locations
BRN,2024-08-01,2025-07-31,100000,1186;1156;1273;1510,2026-09-28T06:57:17Z,src_20260928_fts_plan-1186-p1;src_20260928_fts_plan-1156-p1;src_20260928_fts_plan-1156-p2;src_20260928_fts_plan-1273-p1;src_20260928_fts_plan-1273-p2;src_20260928_fts_plan-1510-p1;src_20260928_fts_plan-1510-p2;src_20260928_fts_locations
BRN,2024-09-01,2025-08-31,100000,1186;1156;1273;1510,2026-09-28T06:57:17Z,src_20260928_fts_plan-1186-p1;src_20260928_fts_plan-1156-p1;src_20260928_fts_plan-1156-p2;src_20260928_fts_plan-1273-p1;src_20260928_fts_plan-1273-p2;src_20260928_fts_plan-1510-p1;src_20260928_fts_plan-1510-p2;src_20260928_fts_locations
BRN,2024-10-01,2025-09-30,100000,1186;1156;1273;1510,2026-09-28T06:57:17Z,src_20260928_fts_plan-1186-p1;src_20260928_fts_plan-1156-p1;src_20260928_fts_plan-1156-p2;src_20260928_fts_plan-1273-p1;src_20260928_fts_plan-1273-p2;src_20260928_fts_plan-1510-p1;src_20260928_fts_plan-1510-p2;src_20260928_fts_locations
BRN,2024-11-01,2025-10-31,100000,1186;1156;1273;1510,2026-09-28T06:57:17Z,src_20260928_fts_plan-1186-p1;src_20260928_fts_plan-1156-p1;src_20260928_fts_plan-1156-p2;src_20260928_fts_plan-1273-p1;src_20260928_fts_plan-1273-p2;src_20260928_fts_plan-1510-p1;src_20260928_fts_plan-1510-p2;src_20260928_fts_locations
BRN,2024-12-01,2025-11-30,100000,1186;1156;1273;1510,2026-09-28T06:57:17Z,src_20260928_fts_plan-1186-p1;src_20260928_fts_plan-1156-p1;src_20260928_fts_plan-1156-p2;src_20260928_fts_plan-1273-p1;src_20260928_fts_plan-1273-p2;src_20260928_fts_plan-1510-p1;src_20260928_fts_plan-1510-p2;src_20260928_fts_locations
BRN,2025-01-01,2025-12-31,100000,1186;1156;1273;1510,2026-09-28T06:57:17Z,src_20260928_fts_plan-1186-p1;src_20260928_fts_plan-1156-p1;src_20260928_fts_plan-1156-p2;src_20260928_fts_plan-1273-p1;src_20260928_fts_plan-1273-p2;src_20260928_fts_plan-1510-p1;src_20260928_fts_plan-1510-p2;src_20260928_fts_locations
BRN,2025-02-01,2026-01-31,100000,1186;1156;1273;1510,2026-09-28T06:57:17Z,src_20260928_fts_plan-1186-p1;src_20260928_fts_plan-1156-p1;src_20260928_fts_plan-1156-p2;src_20260928_fts_plan-1273-p1;src_20260928_fts_plan-1273-p2;src_20260928_fts_plan-1510-p1;src_20260928_fts_plan-1510-p2;src_20260928_fts_locations
BRN,2025-03-01,2026-02-28,100000,1186;1156;1273;1510,2026-09-28T06:57:17Z,src_20260928_fts_plan-1186-p1;src_20260928_fts_plan-1156-p1;src_20260928_fts_plan-1156-p2;src_20260928_fts_plan-1273-p1;src_20260928_fts_plan-1273-p2;src_20260928_fts_plan-1510-p1;src_20260928_fts_plan-1510-p2;src_20260928_fts_locations
BRN,2025-04-01,2026-03-31,100000,1186;1156;1273;1510,2026-09-28T06:57:17Z,src_20260928_fts_plan-1186-p1;src_20260928_fts_plan-1156-p1;src_20260928_fts_plan-1156-p2;src_20260928_fts_plan-1273-p1;src_20260928_fts_plan-1273-p2;src_20260928_fts_plan-1510-p1;src_20260928_fts_plan-1510-p2;src_20260928_fts_locations
BRN,2025-05-01,2026-04-30,100000,1186;1156;1273;1510,2026-09-28T06:57:17Z,src_20260928_fts_plan-1186-p1;src_20260928_fts_plan-1156-p1;src_20260928_fts_plan-1156-p2;src_20260928_fts_plan-1273-p1;src_20260928_fts_plan-1273-p2;src_20260928_fts_plan-1510-p1;src_20260928_fts_plan-1510-p2;src_20260928_fts_locations
BRN,2025-06-01,2026-05-31,100000,1186;1156;1273;1510,2026-09-28T06:57:17Z,src_20260928_fts_plan-1186-p1;src_20260928_fts_plan-1156-p1;src_20260928_fts_plan-1156-p2;src_20260928_fts_plan-1273-p1;src_20260928_fts_plan-1273-p2;src_20260928_fts_plan-1510-p1;src_20260928_fts_plan-1510-p2;src_20260928_fts_locations
BRN,2025-07-01,2026-06-30,100000,1186;1156;1273;1510,2026-09-28T06:57:17Z,src_20260928_fts_plan-1186-p1;src_20260928_fts_plan-1156-p1;src_20260928_fts_plan-1156-p2;src_20260928_fts_plan-1273-p1;src_20260928_fts_plan-1273-p2;src_20260928_fts_plan-1510-p1;src_20260928_fts_plan-1510-p2;src_20260928_fts_locations
BRN,2025-08-01,2026-07-31,0,1186;1156;1273;1510,2026-09-28T06:57:17Z,src_20260928_fts_plan-1186-p1;src_20260928_fts_plan-1156-p1;src_20260928_fts_plan-1156-p2;src_20260928_fts_plan-1273-p1;src_20260928_fts_plan-1273-p2;src_20260928_fts_plan-1510-p1;src_20260928_fts_plan-1510-p2;src_20260928_fts_locations
BRN,2025-09-01,2026-08-31,0,1186;1156;1273;1510,2026-09-28T06:57:17Z,src_20260928_fts_plan-1186-p1;src_20260928_fts_plan-1156-p1;src_20260928_fts_plan-1156-p2;src_20260928_fts_plan-1273-p1;src_20260928_fts_plan-1273-p2;src_20260928_fts_plan-1510-p1;src_20260928_fts_plan-1510-p2;src_20260928_fts_locations
CAN,2022-10-01,2023-09-30,0,1186;1156;1273;1510,2026-09-28T06:57:17Z,src_20260928_fts_plan-1186-p1;src_20260928_fts_plan-1156-p1;src_20260928_fts_plan-1156-p2;src_20260928_fts_plan-1273-p1;src_20260928_fts_plan-1273-p2;src_20260928_fts_plan-1510-p1;src_20260928_fts_plan-1510-p2;src_20260928_fts_locations
CAN,2022-11-01,2023-10-31,0,1186;1156;1273;1510,2026-09-28T06:57:17Z,src_20260928_fts_plan-1186-p1;src_20260928_fts_plan-1156-p1;src_20260928_fts_plan-1156-p2;src_20260928_fts_plan-1273-p1;src_20260928_fts_plan-1273-p2;src_20260928_fts_plan-1510-p1;src_20260928_fts_plan-1510-p2;src_20260928_fts_locations
CAN,2022-12-01,2023-11-30,29768522,1186;1156;1273;1510,2026-09-28T06:57:17Z,src_20260928_fts_plan-1186-p1;src_20260928_fts_plan-1156-p1;src_20260928_fts_plan-1156-p2;src_20260928_fts_plan-1273-p1;src_20260928_fts_plan-1273-p2;src_20260928_fts_plan-1510-p1;src_20260928_fts_plan-1510-p2;src_20260928_fts_locations
CAN,2023-01-01,2023-12-31,46029324,1186;1156;1273;1510,2026-09-28T06:57:17Z,src_20260928_fts_plan-1186-p1;src_20260928_fts_plan-1156-p1;src_20260928_fts_plan-1156-p2;src_20260928_fts_plan-1273-p1;src_20260928_fts_plan-1273-p2;src_20260928_fts_plan-1510-p1;src_20260928_fts_plan-1510-p2;src_20260928_fts_locations
CAN,2023-02-01,2024-01-31,46029324,1186;1156;1273;1510,2026-09-28T06:57:17Z,src_20260928_fts_plan-1186-p1;src_20260928_fts_plan-1156-p1;src_20260928_fts_plan-1156-p2;src_20260928_fts_plan-1273-p1;src_20260928_fts_plan-1273-p2;src_20260928_fts_plan-1510-p1;src_20260928_fts_plan-1510-p2;src_20260928_fts_locations
CAN,2023-03-01,2024-02-29,46029324,1186;1156;1273;1510,2026-09-28T06:57:17Z,src_20260928_fts_plan-1186-p1;src_20260928_fts_plan-1156-p1;src_20260928_fts_plan-1156-p2;src_20260928_fts_plan-1273-p1;src_20260928_fts_plan-1273-p2;src_20260928_fts_plan-1510-p1;src_20260928_fts_plan-1510-p2;src_20260928_fts_locations
CAN,2023-04-01,2024-03-31,47543347,1186;1156;1273;1510,2026-09-28T06:57:17Z,src_20260928_fts_plan-1186-p1;src_20260928_fts_plan-1156-p1;src_20260928_fts_plan-1156-p2;src_20260928_fts_plan-1273-p1;src_20260928_fts_plan-1273-p2;src_20260928_fts_plan-1510-p1;src_20260928_fts_plan-1510-p2;src_20260928_fts_locations
CAN,2023-05-01,2024-04-30,52028812,1186;1156;1273;1510,2026-09-28T06:57:17Z,src_20260928_fts_plan-1186-p1;src_20260928_fts_plan-1156-p1;src_20260928_fts_plan-1156-p2;src_20260928_fts_plan-1273-p1;src_20260928_fts_plan-1273-p2;src_20260928_fts_plan-1510-p1;src_20260928_fts_plan-1510-p2;src_20260928_fts_locations
CAN,2023-06-01,2024-05-31,52028812,1186;1156;1273;1510,2026-09-28T06:57:17Z,src_20260928_fts_plan-1186-p1;src_20260928_fts_plan-1156-p1;src_20260928_fts_plan-1156-p2;src_20260928_fts_plan-1273-p1;src_20260928_fts_plan-1273-p2;src_20260928_fts_plan-1510-p1;src_20260928_fts_plan-1510-p2;src_20260928_fts_locations
CAN,2023-07-01,2024-06-30,52028812,1186;1156;1273;1510,2026-09-28T06:57:17Z,src_20260928_fts_plan-1186-p1;src_20260928_fts_plan-1156-p1;src_20260928_fts_plan-1156-p2;src_20260928_fts_plan-1273-p1;src_20260928_fts_plan-1273-p2;src_20260928_fts_plan-1510-p1;src_20260928_fts_plan-1510-p2;src_20260928_fts_locations
CAN,2023-08-01,2024-07-31,64003351,1186;1156;1273;1510,2026-09-28T06:57:17Z,src_20260928_fts_plan-1186-p1;src_20260928_fts_plan-1156-p1;src_20260928_fts_plan-1156-p2;src_20260928_fts_plan-1273-p1;src_20260928_fts_plan-1273-p2;src_20260928_fts_plan-1510-p1;src_20260928_fts_plan-1510-p2;src_20260928_fts_locations
CAN,2023-09-01,2024-08-31,64003351,1186;1156;1273;1510,2026-09-28T06:57:17Z,src_20260928_fts_plan-1186-p1;src_20260928_fts_plan-1156-p1;src_20260928_fts_plan-1156-p2;src_20260928_fts_plan-1273-p1;src_20260928_fts_plan-1273-p2;src_20260928_fts_plan-1510-p1;src_20260928_fts_plan-1510-p2;src_20260928_fts_locations
CAN,2023-10-01,2024-09-30,64003351,1186;1156;1273;1510,2026-09-28T06:57:17Z,src_20260928_fts_plan-1186-p1;src_20260928_fts_plan-1156-p1;src_20260928_fts_plan-1156-p2;src_20260928_fts_plan-1273-p1;src_20260928_fts_plan-1273-p2;src_20260928_fts_plan-1510-p1;src_20260928_fts_plan-1510-p2;src_20260928_fts_locations
CAN,2023-11-01,2024-10-31,65095054,1186;1156;1273;1510,2026-09-28T06:57:17Z,src_20260928_fts_plan-1186-p1;src_20260928_fts_plan-1156-p1;src_20260928_fts_plan-1156-p2;src_20260928_fts_plan-1273-p1;src_20260928_fts_plan-1273-p2;src_20260928_fts_plan-1510-p1;src_20260928_fts_plan-1510-p2;src_20260928_fts_locations
CAN,2023-12-01,2024-11-30,36295647,1186;1156;1273;1510,2026-09-28T06:57:17Z,src_20260928_fts_plan-1186-p1;src_20260928_fts_plan-1156-p1;src_20260928_fts_plan-1156-p2;src_20260928_fts_plan-1273-p1;src_20260928_fts_plan-1273-p2;src_20260928_fts_plan-1510-p1;src_20260928_fts_plan-1510-p2;src_20260928_fts_locations
CAN,2024-01-01,2024-12-31,20034845,1186;1156;1273;1510,2026-09-28T06:57:17Z,src_20260928_fts_plan-1186-p1;src_20260928_fts_plan-1156-p1;src_20260928_fts_plan-1156-p2;src_20260928_fts_plan-1273-p1;src_20260928_fts_plan-1273-p2;src_20260928_fts_plan-1510-p1;src_20260928_fts_plan-1510-p2;src_20260928_fts_locations
CAN,2024-02-01,2025-01-31,20034845,1186;1156;1273;1510,2026-09-28T06:57:17Z,src_20260928_fts_plan-1186-p1;src_20260928_fts_plan-1156-p1;src_20260928_fts_plan-1156-p2;src_20260928_fts_plan-1273-p1;src_20260928_fts_plan-1273-p2;src_20260928_fts_plan-1510-p1;src_20260928_fts_plan-1510-p2;src_20260928_fts_locations
CAN,2024-03-01,2025-02-28,20034845,1186;1156;1273;1510,2026-09-28T06:57:17Z,src_20260928_fts_plan-1186-p1;src_20260928_fts_plan-1156-p1;src_20260928_fts_plan-1156-p2;src_20260928_fts_plan-1273-p1;src_20260928_fts_plan-1273-p2;src_20260928_fts_plan-1510-p1;src_20260928_fts_plan-1510-p2;src_20260928_fts_locations
CAN,2024-04-01,2025-03-31,18520822,1186;1156;1273;1510,2026-09-28T06:57:17Z,src_20260928_fts_plan-1186-p1;src_20260928_fts_plan-1156-p1;src_20260928_fts_plan-1156-p2;src_20260928_fts_plan-1273-p1;src_20260928_fts_plan-1273-p2;src_20260928_fts_plan-1510-p1;src_20260928_fts_plan-1510-p2;src_20260928_fts_locations
CAN,2024-05-01,2025-04-30,24444795,1186;1156;1273;1510,2026-09-28T06:57:17Z,src_20260928_fts_plan-1186-p1;src_20260928_fts_plan-1156-p1;src_20260928_fts_plan-1156-p2;src_20260928_fts_plan-1273-p1;src_20260928_fts_plan-1273-p2;src_20260928_fts_plan-1510-p1;src_20260928_fts_plan-1510-p2;src_20260928_fts_locations
CAN,2024-06-01,2025-05-31,86146473,1186;1156;1273;1510,2026-09-28T06:57:17Z,src_20260928_fts_plan-1186-p1;src_20260928_fts_plan-1156-p1;src_20260928_fts_plan-1156-p2;src_20260928_fts_plan-1273-p1;src_20260928_fts_plan-1273-p2;src_20260928_fts_plan-1510-p1;src_20260928_fts_plan-1510-p2;src_20260928_fts_locations
CAN,2024-07-01,2025-06-30,93086098,1186;1156;1273;1510,2026-09-28T06:57:17Z,src_20260928_fts_plan-1186-p1;src_20260928_fts_plan-1156-p1;src_20260928_fts_plan-1156-p2;src_20260928_fts_plan-1273-p1;src_20260928_fts_plan-1273-p2;src_20260928_fts_plan-1510-p1;src_20260928_fts_plan-1510-p2;src_20260928_fts_locations
CAN,2024-08-01,2025-07-31,84613749,1186;1156;1273;1510,2026-09-28T06:57:17Z,src_20260928_fts_plan-1186-p1;src_20260928_fts_plan-1156-p1;src_20260928_fts_plan-1156-p2;src_20260928_fts_plan-1273-p1;src_20260928_fts_plan-1273-p2;src_20260928_fts_plan-1510-p1;src_20260928_fts_plan-1510-p2;src_20260928_fts_locations
CAN,2024-09-01,2025-08-31,84613749,1186;1156;1273;1510,2026-09-28T06:57:17Z,src_20260928_fts_plan-1186-p1;src_20260928_fts_plan-1156-p1;src_20260928_fts_plan-1156-p2;src_20260928_fts_plan-1273-p1;src_20260928_fts_plan-1273-p2;src_20260928_fts_plan-1510-p1;src_20260928_fts_plan-1510-p2;src_20260928_fts_locations
CAN,2024-10-01,2025-09-30,84613749,1186;1156;1273;1510,2026-09-28T06:57:17Z,src_20260928_fts_plan-1186-p1;src_20260928_fts_plan-1156-p1;src_20260928_fts_plan-1156-p2;src_20260928_fts_plan-1273-p1;src_20260928_fts_plan-1273-p2;src_20260928_fts_plan-1510-p1;src_20260928_fts_plan-1510-p2;src_20260928_fts_locations
CAN,2024-11-01,2025-10-31,93784872,1186;1156;1273;1510,2026-09-28T06:57:17Z,src_20260928_fts_plan-1186-p1;src_20260928_fts_plan-1156-p1;src_20260928_fts_plan-1156-p2;src_20260928_fts_plan-1273-p1;src_20260928_fts_plan-1273-p2;src_20260928_fts_plan-1510-p1;src_20260928_fts_plan-1510-p2;src_20260928_fts_locations
CAN,2024-12-01,2025-11-30,92815757,1186;1156;1273;1510,2026-09-28T06:57:17Z,src_20260928_fts_plan-1186-p1;src_20260928_fts_plan-1156-p1;src_20260928_fts_plan-1156-p2;src_20260928_fts_plan-1273-p1;src_20260928_fts_plan-1273-p2;src_20260928_fts_plan-1510-p1;src_20260928_fts_plan-1510-p2;src_20260928_fts_locations
CAN,2025-01-01,2025-12-31,92815757,1186;1156;1273;1510,2026-09-28T06:57:17Z,src_20260928_fts_plan-1186-p1;src_20260928_fts_plan-1156-p1;src_20260928_fts_plan-1156-p2;src_20260928_fts_plan-1273-p1;src_20260928_fts_plan-1273-p2;src_20260928_fts_plan-1510-p1;src_20260928_fts_plan-1510-p2;src_20260928_fts_locations
CAN,2025-02-01,2026-01-31,92815757,1186;1156;1273;1510,2026-09-28T06:57:17Z,src_20260928_fts_plan-1186-p1;src_20260928_fts_plan-1156-p1;src_20260928_fts_plan-1156-p2;src_20260928_fts_plan-1273-p1;src_20260928_fts_plan-1273-p2;src_20260928_fts_plan-1510-p1;src_20260928_fts_plan-1510-p2;src_20260928_fts_locations
CAN,2025-03-01,2026-02-28,92815757,1186;1156;1273;1510,2026-09-28T06:57:17Z,src_20260928_fts_plan-1186-p1;src_20260928_fts_plan-1156-p1;src_20260928_fts_plan-1156-p2;src_20260928_fts_plan-1273-p1;src_20260928_fts_plan-1273-p2;src_20260928_fts_plan-1510-p1;src_20260928_fts_plan-1510-p2;src_20260928_fts_locations
CAN,2025-04-01,2026-03-31,120342429,1186;1156;1273;1510,2026-09-28T06:57:17Z,src_20260928_fts_plan-1186-p1;src_20260928_fts_plan-1156-p1;src_20260928_fts_plan-1156-p2;src_20260928_fts_plan-1273-p1;src_20260928_fts_plan-1273-p2;src_20260928_fts_plan-1510-p1;src_20260928_fts_plan-1510-p2;src_20260928_fts_locations
CAN,2025-05-01,2026-04-30,110503826,1186;1156;1273;1510,2026-09-28T06:57:17Z,src_20260928_fts_plan-1186-p1;src_20260928_fts_plan-1156-p1;src_20260928_fts_plan-1156-p2;src_20260928_fts_plan-1273-p1;src_20260928_fts_plan-1273-p2;src_20260928_fts_plan-1510-p1;src_20260928_fts_plan-1510-p2;src_20260928_fts_locations
CAN,2025-06-01,2026-05-31,48802148,1186;1156;1273;1510,2026-09-28T06:57:17Z,src_20260928_fts_plan-1186-p1;src_20260928_fts_plan-1156-p1;src_20260928_fts_plan-1156-p2;src_20260928_fts_plan-1273-p1;src_20260928_fts_plan-1273-p2;src_20260928_fts_plan-1510-p1;src_20260928_fts_plan-1510-p2;src_20260928_fts_locations
CAN,2025-07-01,2026-06-30,53844003,1186;1156;1273;1510,2026-09-28T06:57:17Z,src_20260928_fts_plan-1186-p1;src_20260928_fts_plan-1156-p1;src_20260928_fts_plan-1156-p2;src_20260928_fts_plan-1273-p1;src_20260928_fts_plan-1273-p2;src_20260928_fts_plan-1510-p1;src_20260928_fts_plan-1510-p2;src_20260928_fts_locations
CAN,2025-08-01,2026-07-31,50341813,1186;1156;1273;1510,2026-09-28T06:57:17Z,src_20260928_fts_plan-1186-p1;src_20260928_fts_plan-1156-p1;src_20260928_fts_plan-1156-p2;src_20260928_fts_plan-1273-p1;src_20260928_fts_plan-1273-p2;src_20260928_fts_plan-1510-p1;src_20260928_fts_plan-1510-p2;src_20260928_fts_locations
CAN,2025-09-01,2026-08-31,57515414,1186;1156;1273;1510,2026-09-28T06:57:17Z,src_20260928_fts_plan-1186-p1;src_20260928_fts_plan-1156-p1;src_20260928_fts_plan-1156-p2;src_20260928_fts_plan-1273-p1;src_20260928_fts_plan-1273-p2;src_20260928_fts_plan-1510-p1;src_20260928_fts_plan-1510-p2;src_20260928_fts_locations
CHE,2022-10-01,2023-09-30,558659,1186;1156;1273;1510,2026-09-28T06:57:17Z,src_20260928_fts_plan-1186-p1;src_20260928_fts_plan-1156-p1;src_20260928_fts_plan-1156-p2;src_20260928_fts_plan-1273-p1;src_20260928_fts_plan-1273-p2;src_20260928_fts_plan-1510-p1;src_20260928_fts_plan-1510-p2;src_20260928_fts_locations;src_20260928_fts_organizations
CHE,2022-11-01,2023-10-31,558659,1186;1156;1273;1510,2026-09-28T06:57:17Z,src_20260928_fts_plan-1186-p1;src_20260928_fts_plan-1156-p1;src_20260928_fts_plan-1156-p2;src_20260928_fts_plan-1273-p1;src_20260928_fts_plan-1273-p2;src_20260928_fts_plan-1510-p1;src_20260928_fts_plan-1510-p2;src_20260928_fts_locations;src_20260928_fts_organizations
CHE,2022-12-01,2023-11-30,26190019,1186;1156;1273;1510,2026-09-28T06:57:17Z,src_20260928_fts_plan-1186-p1;src_20260928_fts_plan-1156-p1;src_20260928_fts_plan-1156-p2;src_20260928_fts_plan-1273-p1;src_20260928_fts_plan-1273-p2;src_20260928_fts_plan-1510-p1;src_20260928_fts_plan-1510-p2;src_20260928_fts_locations;src_20260928_fts_organizations
CHE,2023-01-01,2023-12-31,50162622,1186;1156;1273;1510,2026-09-28T06:57:17Z,src_20260928_fts_plan-1186-p1;src_20260928_fts_plan-1156-p1;src_20260928_fts_plan-1156-p2;src_20260928_fts_plan-1273-p1;src_20260928_fts_plan-1273-p2;src_20260928_fts_plan-1510-p1;src_20260928_fts_plan-1510-p2;src_20260928_fts_locations;src_20260928_fts_organizations
CHE,2023-02-01,2024-01-31,76371874,1186;1156;1273;1510,2026-09-28T06:57:17Z,src_20260928_fts_plan-1186-p1;src_20260928_fts_plan-1156-p1;src_20260928_fts_plan-1156-p2;src_20260928_fts_plan-1273-p1;src_20260928_fts_plan-1273-p2;src_20260928_fts_plan-1510-p1;src_20260928_fts_plan-1510-p2;src_20260928_fts_locations;src_20260928_fts_organizations
CHE,2023-03-01,2024-02-29,76371874,1186;1156;1273;1510,2026-09-28T06:57:17Z,src_20260928_fts_plan-1186-p1;src_20260928_fts_plan-1156-p1;src_20260928_fts_plan-1156-p2;src_20260928_fts_plan-1273-p1;src_20260928_fts_plan-1273-p2;src_20260928_fts_plan-1510-p1;src_20260928_fts_plan-1510-p2;src_20260928_fts_locations;src_20260928_fts_organizations
CHE,2023-04-01,2024-03-31,76371874,1186;1156;1273;1510,2026-09-28T06:57:17Z,src_20260928_fts_plan-1186-p1;src_20260928_fts_plan-1156-p1;src_20260928_fts_plan-1156-p2;src_20260928_fts_plan-1273-p1;src_20260928_fts_plan-1273-p2;src_20260928_fts_plan-1510-p1;src_20260928_fts_plan-1510-p2;src_20260928_fts_locations;src_20260928_fts_organizations
CHE,2023-05-01,2024-04-30,76371874,1186;1156;1273;1510,2026-09-28T06:57:17Z,src_20260928_fts_plan-1186-p1;src_20260928_fts_plan-1156-p1;src_20260928_fts_plan-1156-p2;src_20260928_fts_plan-1273-p1;src_20260928_fts_plan-1273-p2;src_20260928_fts_plan-1510-p1;src_20260928_fts_plan-1510-p2;src_20260928_fts_locations;src_20260928_fts_organizations
CHE,2023-06-01,2024-05-31,76371874,1186;1156;1273;1510,2026-09-28T06:57:17Z,src_20260928_fts_plan-1186-p1;src_20260928_fts_plan-1156-p1;src_20260928_fts_plan-1156-p2;src_20260928_fts_plan-1273-p1;src_20260928_fts_plan-1273-p2;src_20260928_fts_plan-1510-p1;src_20260928_fts_plan-1510-p2;src_20260928_fts_locations;src_20260928_fts_organizations
CHE,2023-07-01,2024-06-30,75813215,1186;1156;1273;1510,2026-09-28T06:57:17Z,src_20260928_fts_plan-1186-p1;src_20260928_fts_plan-1156-p1;src_20260928_fts_plan-1156-p2;src_20260928_fts_plan-1273-p1;src_20260928_fts_plan-1273-p2;src_20260928_fts_plan-1510-p1;src_20260928_fts_plan-1510-p2;src_20260928_fts_locations;src_20260928_fts_organizations
CHE,2023-08-01,2024-07-31,75813215,1186;1156;1273;1510,2026-09-28T06:57:17Z,src_20260928_fts_plan-1186-p1;src_20260928_fts_plan-1156-p1;src_20260928_fts_plan-1156-p2;src_20260928_fts_plan-1273-p1;src_20260928_fts_plan-1273-p2;src_20260928_fts_plan-1510-p1;src_20260928_fts_plan-1510-p2;src_20260928_fts_locations;src_20260928_fts_organizations
CHE,2023-09-01,2024-08-31,75813215,1186;1156;1273;1510,2026-09-28T06:57:17Z,src_20260928_fts_plan-1186-p1;src_20260928_fts_plan-1156-p1;src_20260928_fts_plan-1156-p2;src_20260928_fts_plan-1273-p1;src_20260928_fts_plan-1273-p2;src_20260928_fts_plan-1510-p1;src_20260928_fts_plan-1510-p2;src_20260928_fts_locations;src_20260928_fts_organizations
CHE,2023-10-01,2024-09-30,75813215,1186;1156;1273;1510,2026-09-28T06:57:17Z,src_20260928_fts_plan-1186-p1;src_20260928_fts_plan-1156-p1;src_20260928_fts_plan-1156-p2;src_20260928_fts_plan-1273-p1;src_20260928_fts_plan-1273-p2;src_20260928_fts_plan-1510-p1;src_20260928_fts_plan-1510-p2;src_20260928_fts_locations;src_20260928_fts_organizations
CHE,2023-11-01,2024-10-31,75813215,1186;1156;1273;1510,2026-09-28T06:57:17Z,src_20260928_fts_plan-1186-p1;src_20260928_fts_plan-1156-p1;src_20260928_fts_plan-1156-p2;src_20260928_fts_plan-1273-p1;src_20260928_fts_plan-1273-p2;src_20260928_fts_plan-1510-p1;src_20260928_fts_plan-1510-p2;src_20260928_fts_locations;src_20260928_fts_organizations
CHE,2023-12-01,2024-11-30,50772174,1186;1156;1273;1510,2026-09-28T06:57:17Z,src_20260928_fts_plan-1186-p1;src_20260928_fts_plan-1156-p1;src_20260928_fts_plan-1156-p2;src_20260928_fts_plan-1273-p1;src_20260928_fts_plan-1273-p2;src_20260928_fts_plan-1510-p1;src_20260928_fts_plan-1510-p2;src_20260928_fts_locations;src_20260928_fts_organizations
CHE,2024-01-01,2024-12-31,35094726,1186;1156;1273;1510,2026-09-28T06:57:17Z,src_20260928_fts_plan-1186-p1;src_20260928_fts_plan-1156-p1;src_20260928_fts_plan-1156-p2;src_20260928_fts_plan-1273-p1;src_20260928_fts_plan-1273-p2;src_20260928_fts_plan-1510-p1;src_20260928_fts_plan-1510-p2;src_20260928_fts_locations;src_20260928_fts_organizations
CHE,2024-02-01,2025-01-31,8885474,1186;1156;1273;1510,2026-09-28T06:57:17Z,src_20260928_fts_plan-1186-p1;src_20260928_fts_plan-1156-p1;src_20260928_fts_plan-1156-p2;src_20260928_fts_plan-1273-p1;src_20260928_fts_plan-1273-p2;src_20260928_fts_plan-1510-p1;src_20260928_fts_plan-1510-p2;src_20260928_fts_locations;src_20260928_fts_organizations
CHE,2024-03-01,2025-02-28,8907332,1186;1156;1273;1510,2026-09-28T06:57:17Z,src_20260928_fts_plan-1186-p1;src_20260928_fts_plan-1156-p1;src_20260928_fts_plan-1156-p2;src_20260928_fts_plan-1273-p1;src_20260928_fts_plan-1273-p2;src_20260928_fts_plan-1510-p1;src_20260928_fts_plan-1510-p2;src_20260928_fts_locations;src_20260928_fts_organizations
CHE,2024-04-01,2025-03-31,10018443,1186;1156;1273;1510,2026-09-28T06:57:17Z,src_20260928_fts_plan-1186-p1;src_20260928_fts_plan-1156-p1;src_20260928_fts_plan-1156-p2;src_20260928_fts_plan-1273-p1;src_20260928_fts_plan-1273-p2;src_20260928_fts_plan-1510-p1;src_20260928_fts_plan-1510-p2;src_20260928_fts_locations;src_20260928_fts_organizations
CHE,2024-05-01,2025-04-30,10037178,1186;1156;1273;1510,2026-09-28T06:57:17Z,src_20260928_fts_plan-1186-p1;src_20260928_fts_plan-1156-p1;src_20260928_fts_plan-1156-p2;src_20260928_fts_plan-1273-p1;src_20260928_fts_plan-1273-p2;src_20260928_fts_plan-1510-p1;src_20260928_fts_plan-1510-p2;src_20260928_fts_locations;src_20260928_fts_organizations
CHE,2024-06-01,2025-05-31,24513087,1186;1156;1273;1510,2026-09-28T06:57:17Z,src_20260928_fts_plan-1186-p1;src_20260928_fts_plan-1156-p1;src_20260928_fts_plan-1156-p2;src_20260928_fts_plan-1273-p1;src_20260928_fts_plan-1273-p2;src_20260928_fts_plan-1510-p1;src_20260928_fts_plan-1510-p2;src_20260928_fts_locations;src_20260928_fts_organizations
CHE,2024-07-01,2025-06-30,24513087,1186;1156;1273;1510,2026-09-28T06:57:17Z,src_20260928_fts_plan-1186-p1;src_20260928_fts_plan-1156-p1;src_20260928_fts_plan-1156-p2;src_20260928_fts_plan-1273-p1;src_20260928_fts_plan-1273-p2;src_20260928_fts_plan-1510-p1;src_20260928_fts_plan-1510-p2;src_20260928_fts_locations;src_20260928_fts_organizations
CHE,2024-08-01,2025-07-31,25728154,1186;1156;1273;1510,2026-09-28T06:57:17Z,src_20260928_fts_plan-1186-p1;src_20260928_fts_plan-1156-p1;src_20260928_fts_plan-1156-p2;src_20260928_fts_plan-1273-p1;src_20260928_fts_plan-1273-p2;src_20260928_fts_plan-1510-p1;src_20260928_fts_plan-1510-p2;src_20260928_fts_locations;src_20260928_fts_organizations
CHE,2024-09-01,2025-08-31,25728154,1186;1156;1273;1510,2026-09-28T06:57:17Z,src_20260928_fts_plan-1186-p1;src_20260928_fts_plan-1156-p1;src_20260928_fts_plan-1156-p2;src_20260928_fts_plan-1273-p1;src_20260928_fts_plan-1273-p2;src_20260928_fts_plan-1510-p1;src_20260928_fts_plan-1510-p2;src_20260928_fts_locations;src_20260928_fts_organizations
CHE,2024-10-01,2025-09-30,25728154,1186;1156;1273;1510,2026-09-28T06:57:17Z,src_20260928_fts_plan-1186-p1;src_20260928_fts_plan-1156-p1;src_20260928_fts_plan-1156-p2;src_20260928_fts_plan-1273-p1;src_20260928_fts_plan-1273-p2;src_20260928_fts_plan-1510-p1;src_20260928_fts_plan-1510-p2;src_20260928_fts_locations;src_20260928_fts_organizations
CHE,2024-11-01,2025-10-31,35124322,1186;1156;1273;1510,2026-09-28T06:57:17Z,src_20260928_fts_plan-1186-p1;src_20260928_fts_plan-1156-p1;src_20260928_fts_plan-1156-p2;src_20260928_fts_plan-1273-p1;src_20260928_fts_plan-1273-p2;src_20260928_fts_plan-1510-p1;src_20260928_fts_plan-1510-p2;src_20260928_fts_locations;src_20260928_fts_organizations
CHE,2024-12-01,2025-11-30,34534003,1186;1156;1273;1510,2026-09-28T06:57:17Z,src_20260928_fts_plan-1186-p1;src_20260928_fts_plan-1156-p1;src_20260928_fts_plan-1156-p2;src_20260928_fts_plan-1273-p1;src_20260928_fts_plan-1273-p2;src_20260928_fts_plan-1510-p1;src_20260928_fts_plan-1510-p2;src_20260928_fts_locations;src_20260928_fts_organizations
CHE,2025-01-01,2025-12-31,32442322,1186;1156;1273;1510,2026-09-28T06:57:17Z,src_20260928_fts_plan-1186-p1;src_20260928_fts_plan-1156-p1;src_20260928_fts_plan-1156-p2;src_20260928_fts_plan-1273-p1;src_20260928_fts_plan-1273-p2;src_20260928_fts_plan-1510-p1;src_20260928_fts_plan-1510-p2;src_20260928_fts_locations;src_20260928_fts_organizations
CHE,2025-02-01,2026-01-31,32442322,1186;1156;1273;1510,2026-09-28T06:57:17Z,src_20260928_fts_plan-1186-p1;src_20260928_fts_plan-1156-p1;src_20260928_fts_plan-1156-p2;src_20260928_fts_plan-1273-p1;src_20260928_fts_plan-1273-p2;src_20260928_fts_plan-1510-p1;src_20260928_fts_plan-1510-p2;src_20260928_fts_locations;src_20260928_fts_organizations
CHE,2025-03-01,2026-02-28,53171746,1186;1156;1273;1510,2026-09-28T06:57:17Z,src_20260928_fts_plan-1186-p1;src_20260928_fts_plan-1156-p1;src_20260928_fts_plan-1156-p2;src_20260928_fts_plan-1273-p1;src_20260928_fts_plan-1273-p2;src_20260928_fts_plan-1510-p1;src_20260928_fts_plan-1510-p2;src_20260928_fts_locations;src_20260928_fts_organizations
CHE,2025-04-01,2026-03-31,52090124,1186;1156;1273;1510,2026-09-28T06:57:17Z,src_20260928_fts_plan-1186-p1;src_20260928_fts_plan-1156-p1;src_20260928_fts_plan-1156-p2;src_20260928_fts_plan-1273-p1;src_20260928_fts_plan-1273-p2;src_20260928_fts_plan-1510-p1;src_20260928_fts_plan-1510-p2;src_20260928_fts_locations;src_20260928_fts_organizations
CHE,2025-05-01,2026-04-30,52071389,1186;1156;1273;1510,2026-09-28T06:57:17Z,src_20260928_fts_plan-1186-p1;src_20260928_fts_plan-1156-p1;src_20260928_fts_plan-1156-p2;src_20260928_fts_plan-1273-p1;src_20260928_fts_plan-1273-p2;src_20260928_fts_plan-1510-p1;src_20260928_fts_plan-1510-p2;src_20260928_fts_locations;src_20260928_fts_organizations
CHE,2025-06-01,2026-05-31,37595480,1186;1156;1273;1510,2026-09-28T06:57:17Z,src_20260928_fts_plan-1186-p1;src_20260928_fts_plan-1156-p1;src_20260928_fts_plan-1156-p2;src_20260928_fts_plan-1273-p1;src_20260928_fts_plan-1273-p2;src_20260928_fts_plan-1510-p1;src_20260928_fts_plan-1510-p2;src_20260928_fts_locations;src_20260928_fts_organizations
CHE,2025-07-01,2026-06-30,38730511,1186;1156;1273;1510,2026-09-28T06:57:17Z,src_20260928_fts_plan-1186-p1;src_20260928_fts_plan-1156-p1;src_20260928_fts_plan-1156-p2;src_20260928_fts_plan-1273-p1;src_20260928_fts_plan-1273-p2;src_20260928_fts_plan-1510-p1;src_20260928_fts_plan-1510-p2;src_20260928_fts_locations;src_20260928_fts_organizations
CHE,2025-08-01,2026-07-31,41219148,1186;1156;1273;1510,2026-09-28T06:57:17Z,src_20260928_fts_plan-1186-p1;src_20260928_fts_plan-1156-p1;src_20260928_fts_plan-1156-p2;src_20260928_fts_plan-1273-p1;src_20260928_fts_plan-1273-p2;src_20260928_fts_plan-1510-p1;src_20260928_fts_plan-1510-p2;src_20260928_fts_locations;src_20260928_fts_organizations
CHE,2025-09-01,2026-08-31,41264548,1186;1156;1273;1510,2026-09-28T06:57:17Z,src_20260928_fts_plan-1186-p1;src_20260928_fts_plan-1156-p1;src_20260928_fts_plan-1156-p2;src_20260928_fts_plan-1273-p1;src_20260928_fts_plan-1273-p2;src_20260928_fts_plan-1510-p1;src_20260928_fts_plan-1510-p2;src_20260928_fts_locations;src_20260928_fts_organizations
CHL,2022-10-01,2023-09-30,0,1186;1156;1273;1510,2026-09-28T06:57:17Z,src_20260928_fts_plan-1186-p1;src_20260928_fts_plan-1156-p1;src_20260928_fts_plan-1156-p2;src_20260928_fts_plan-1273-p1;src_20260928_fts_plan-1273-p2;src_20260928_fts_plan-1510-p1;src_20260928_fts_plan-1510-p2;src_20260928_fts_locations
CHL,2022-11-01,2023-10-31,0,1186;1156;1273;1510,2026-09-28T06:57:17Z,src_20260928_fts_plan-1186-p1;src_20260928_fts_plan-1156-p1;src_20260928_fts_plan-1156-p2;src_20260928_fts_plan-1273-p1;src_20260928_fts_plan-1273-p2;src_20260928_fts_plan-1510-p1;src_20260928_fts_plan-1510-p2;src_20260928_fts_locations
CHL,2022-12-01,2023-11-30,0,1186;1156;1273;1510,2026-09-28T06:57:17Z,src_20260928_fts_plan-1186-p1;src_20260928_fts_plan-1156-p1;src_20260928_fts_plan-1156-p2;src_20260928_fts_plan-1273-p1;src_20260928_fts_plan-1273-p2;src_20260928_fts_plan-1510-p1;src_20260928_fts_plan-1510-p2;src_20260928_fts_locations
CHL,2023-01-01,2023-12-31,100000,1186;1156;1273;1510,2026-09-28T06:57:17Z,src_20260928_fts_plan-1186-p1;src_20260928_fts_plan-1156-p1;src_20260928_fts_plan-1156-p2;src_20260928_fts_plan-1273-p1;src_20260928_fts_plan-1273-p2;src_20260928_fts_plan-1510-p1;src_20260928_fts_plan-1510-p2;src_20260928_fts_locations
CHL,2023-02-01,2024-01-31,100000,1186;1156;1273;1510,2026-09-28T06:57:17Z,src_20260928_fts_plan-1186-p1;src_20260928_fts_plan-1156-p1;src_20260928_fts_plan-1156-p2;src_20260928_fts_plan-1273-p1;src_20260928_fts_plan-1273-p2;src_20260928_fts_plan-1510-p1;src_20260928_fts_plan-1510-p2;src_20260928_fts_locations
CHL,2023-03-01,2024-02-29,100000,1186;1156;1273;1510,2026-09-28T06:57:17Z,src_20260928_fts_plan-1186-p1;src_20260928_fts_plan-1156-p1;src_20260928_fts_plan-1156-p2;src_20260928_fts_plan-1273-p1;src_20260928_fts_plan-1273-p2;src_20260928_fts_plan-1510-p1;src_20260928_fts_plan-1510-p2;src_20260928_fts_locations
CHL,2023-04-01,2024-03-31,100000,1186;1156;1273;1510,2026-09-28T06:57:17Z,src_20260928_fts_plan-1186-p1;src_20260928_fts_plan-1156-p1;src_20260928_fts_plan-1156-p2;src_20260928_fts_plan-1273-p1;src_20260928_fts_plan-1273-p2;src_20260928_fts_plan-1510-p1;src_20260928_fts_plan-1510-p2;src_20260928_fts_locations
CHL,2023-05-01,2024-04-30,100000,1186;1156;1273;1510,2026-09-28T06:57:17Z,src_20260928_fts_plan-1186-p1;src_20260928_fts_plan-1156-p1;src_20260928_fts_plan-1156-p2;src_20260928_fts_plan-1273-p1;src_20260928_fts_plan-1273-p2;src_20260928_fts_plan-1510-p1;src_20260928_fts_plan-1510-p2;src_20260928_fts_locations
CHL,2023-06-01,2024-05-31,100000,1186;1156;1273;1510,2026-09-28T06:57:17Z,src_20260928_fts_plan-1186-p1;src_20260928_fts_plan-1156-p1;src_20260928_fts_plan-1156-p2;src_20260928_fts_plan-1273-p1;src_20260928_fts_plan-1273-p2;src_20260928_fts_plan-1510-p1;src_20260928_fts_plan-1510-p2;src_20260928_fts_locations
CHL,2023-07-01,2024-06-30,100000,1186;1156;1273;1510,2026-09-28T06:57:17Z,src_20260928_fts_plan-1186-p1;src_20260928_fts_plan-1156-p1;src_20260928_fts_plan-1156-p2;src_20260928_fts_plan-1273-p1;src_20260928_fts_plan-1273-p2;src_20260928_fts_plan-1510-p1;src_20260928_fts_plan-1510-p2;src_20260928_fts_locations
CHL,2023-08-01,2024-07-31,100000,1186;1156;1273;1510,2026-09-28T06:57:17Z,src_20260928_fts_plan-1186-p1;src_20260928_fts_plan-1156-p1;src_20260928_fts_plan-1156-p2;src_20260928_fts_plan-1273-p1;src_20260928_fts_plan-1273-p2;src_20260928_fts_plan-1510-p1;src_20260928_fts_plan-1510-p2;src_20260928_fts_locations
CHL,2023-09-01,2024-08-31,100000,1186;1156;1273;1510,2026-09-28T06:57:17Z,src_20260928_fts_plan-1186-p1;src_20260928_fts_plan-1156-p1;src_20260928_fts_plan-1156-p2;src_20260928_fts_plan-1273-p1;src_20260928_fts_plan-1273-p2;src_20260928_fts_plan-1510-p1;src_20260928_fts_plan-1510-p2;src_20260928_fts_locations
CHL,2023-10-01,2024-09-30,100000,1186;1156;1273;1510,2026-09-28T06:57:17Z,src_20260928_fts_plan-1186-p1;src_20260928_fts_plan-1156-p1;src_20260928_fts_plan-1156-p2;src_20260928_fts_plan-1273-p1;src_20260928_fts_plan-1273-p2;src_20260928_fts_plan-1510-p1;src_20260928_fts_plan-1510-p2;src_20260928_fts_locations
CHL,2023-11-01,2024-10-31,100000,1186;1156;1273;1510,2026-09-28T06:57:17Z,src_20260928_fts_plan-1186-p1;src_20260928_fts_plan-1156-p1;src_20260928_fts_plan-1156-p2;src_20260928_fts_plan-1273-p1;src_20260928_fts_plan-1273-p2;src_20260928_fts_plan-1510-p1;src_20260928_fts_plan-1510-p2;src_20260928_fts_locations
CHL,2023-12-01,2024-11-30,100000,1186;1156;1273;1510,2026-09-28T06:57:17Z,src_20260928_fts_plan-1186-p1;src_20260928_fts_plan-1156-p1;src_20260928_fts_plan-1156-p2;src_20260928_fts_plan-1273-p1;src_20260928_fts_plan-1273-p2;src_20260928_fts_plan-1510-p1;src_20260928_fts_plan-1510-p2;src_20260928_fts_locations
CHL,2024-01-01,2024-12-31,0,1186;1156;1273;1510,2026-09-28T06:57:17Z,src_20260928_fts_plan-1186-p1;src_20260928_fts_plan-1156-p1;src_20260928_fts_plan-1156-p2;src_20260928_fts_plan-1273-p1;src_20260928_fts_plan-1273-p2;src_20260928_fts_plan-1510-p1;src_20260928_fts_plan-1510-p2;src_20260928_fts_locations
CHL,2024-02-01,2025-01-31,0,1186;1156;1273;1510,2026-09-28T06:57:17Z,src_20260928_fts_plan-1186-p1;src_20260928_fts_plan-1156-p1;src_20260928_fts_plan-1156-p2;src_20260928_fts_plan-1273-p1;src_20260928_fts_plan-1273-p2;src_20260928_fts_plan-1510-p1;src_20260928_fts_plan-1510-p2;src_20260928_fts_locations
CHL,2024-03-01,2025-02-28,0,1186;1156;1273;1510,2026-09-28T06:57:17Z,src_20260928_fts_plan-1186-p1;src_20260928_fts_plan-1156-p1;src_20260928_fts_plan-1156-p2;src_20260928_fts_plan-1273-p1;src_20260928_fts_plan-1273-p2;src_20260928_fts_plan-1510-p1;src_20260928_fts_plan-1510-p2;src_20260928_fts_locations
CHL,2024-04-01,2025-03-31,0,1186;1156;1273;1510,2026-09-28T06:57:17Z,src_20260928_fts_plan-1186-p1;src_20260928_fts_plan-1156-p1;src_20260928_fts_plan-1156-p2;src_20260928_fts_plan-1273-p1;src_20260928_fts_plan-1273-p2;src_20260928_fts_plan-1510-p1;src_20260928_fts_plan-1510-p2;src_20260928_fts_locations
CHL,2024-05-01,2025-04-30,0,1186;1156;1273;1510,2026-09-28T06:57:17Z,src_20260928_fts_plan-1186-p1;src_20260928_fts_plan-1156-p1;src_20260928_fts_plan-1156-p2;src_20260928_fts_plan-1273-p1;src_20260928_fts_plan-1273-p2;src_20260928_fts_plan-1510-p1;src_20260928_fts_plan-1510-p2;src_20260928_fts_locations
CHL,2024-06-01,2025-05-31,0,1186;1156;1273;1510,2026-09-28T06:57:17Z,src_20260928_fts_plan-1186-p1;src_20260928_fts_plan-1156-p1;src_20260928_fts_plan-1156-p2;src_20260928_fts_plan-1273-p1;src_20260928_fts_plan-1273-p2;src_20260928_fts_plan-1510-p1;src_20260928_fts_plan-1510-p2;src_20260928_fts_locations
CHL,2024-07-01,2025-06-30,0,1186;1156;1273;1510,2026-09-28T06:57:17Z,src_20260928_fts_plan-1186-p1;src_20260928_fts_plan-1156-p1;src_20260928_fts_plan-1156-p2;src_20260928_fts_plan-1273-p1;src_20260928_fts_plan-1273-p2;src_20260928_fts_plan-1510-p1;src_20260928_fts_plan-1510-p2;src_20260928_fts_locations
CHL,2024-08-01,2025-07-31,0,1186;1156;1273;1510,2026-09-28T06:57:17Z,src_20260928_fts_plan-1186-p1;src_20260928_fts_plan-1156-p1;src_20260928_fts_plan-1156-p2;src_20260928_fts_plan-1273-p1;src_20260928_fts_plan-1273-p2;src_20260928_fts_plan-1510-p1;src_20260928_fts_plan-1510-p2;src_20260928_fts_locations
CHL,2024-09-01,2025-08-31,0,1186;1156;1273;1510,2026-09-28T06:57:17Z,src_20260928_fts_plan-1186-p1;src_20260928_fts_plan-1156-p1;src_20260928_fts_plan-1156-p2;src_20260928_fts_plan-1273-p1;src_20260928_fts_plan-1273-p2;src_20260928_fts_plan-1510-p1;src_20260928_fts_plan-1510-p2;src_20260928_fts_locations
CHL,2024-10-01,2025-09-30,0,1186;1156;1273;1510,2026-09-28T06:57:17Z,src_20260928_fts_plan-1186-p1;src_20260928_fts_plan-1156-p1;src_20260928_fts_plan-1156-p2;src_20260928_fts_plan-1273-p1;src_20260928_fts_plan-1273-p2;src_20260928_fts_plan-1510-p1;src_20260928_fts_plan-1510-p2;src_20260928_fts_locations
CHL,2024-11-01,2025-10-31,100000,1186;1156;1273;1510,2026-09-28T06:57:17Z,src_20260928_fts_plan-1186-p1;src_20260928_fts_plan-1156-p1;src_20260928_fts_plan-1156-p2;src_20260928_fts_plan-1273-p1;src_20260928_fts_plan-1273-p2;src_20260928_fts_plan-1510-p1;src_20260928_fts_plan-1510-p2;src_20260928_fts_locations
CHL,2024-12-01,2025-11-30,100000,1186;1156;1273;1510,2026-09-28T06:57:17Z,src_20260928_fts_plan-1186-p1;src_20260928_fts_plan-1156-p1;src_20260928_fts_plan-1156-p2;src_20260928_fts_plan-1273-p1;src_20260928_fts_plan-1273-p2;src_20260928_fts_plan-1510-p1;src_20260928_fts_plan-1510-p2;src_20260928_fts_locations
CHL,2025-01-01,2025-12-31,100000,1186;1156;1273;1510,2026-09-28T06:57:17Z,src_20260928_fts_plan-1186-p1;src_20260928_fts_plan-1156-p1;src_20260928_fts_plan-1156-p2;src_20260928_fts_plan-1273-p1;src_20260928_fts_plan-1273-p2;src_20260928_fts_plan-1510-p1;src_20260928_fts_plan-1510-p2;src_20260928_fts_locations
CHL,2025-02-01,2026-01-31,100000,1186;1156;1273;1510,2026-09-28T06:57:17Z,src_20260928_fts_plan-1186-p1;src_20260928_fts_plan-1156-p1;src_20260928_fts_plan-1156-p2;src_20260928_fts_plan-1273-p1;src_20260928_fts_plan-1273-p2;src_20260928_fts_plan-1510-p1;src_20260928_fts_plan-1510-p2;src_20260928_fts_locations
CHL,2025-03-01,2026-02-28,100000,1186;1156;1273;1510,2026-09-28T06:57:17Z,src_20260928_fts_plan-1186-p1;src_20260928_fts_plan-1156-p1;src_20260928_fts_plan-1156-p2;src_20260928_fts_plan-1273-p1;src_20260928_fts_plan-1273-p2;src_20260928_fts_plan-1510-p1;src_20260928_fts_plan-1510-p2;src_20260928_fts_locations
CHL,2025-04-01,2026-03-31,100000,1186;1156;1273;1510,2026-09-28T06:57:17Z,src_20260928_fts_plan-1186-p1;src_20260928_fts_plan-1156-p1;src_20260928_fts_plan-1156-p2;src_20260928_fts_plan-1273-p1;src_20260928_fts_plan-1273-p2;src_20260928_fts_plan-1510-p1;src_20260928_fts_plan-1510-p2;src_20260928_fts_locations
CHL,2025-05-01,2026-04-30,100000,1186;1156;1273;1510,2026-09-28T06:57:17Z,src_20260928_fts_plan-1186-p1;src_20260928_fts_plan-1156-p1;src_20260928_fts_plan-1156-p2;src_20260928_fts_plan-1273-p1;src_20260928_fts_plan-1273-p2;src_20260928_fts_plan-1510-p1;src_20260928_fts_plan-1510-p2;src_20260928_fts_locations
CHL,2025-06-01,2026-05-31,100000,1186;1156;1273;1510,2026-09-28T06:57:17Z,src_20260928_fts_plan-1186-p1;src_20260928_fts_plan-1156-p1;src_20260928_fts_plan-1156-p2;src_20260928_fts_plan-1273-p1;src_20260928_fts_plan-1273-p2;src_20260928_fts_plan-1510-p1;src_20260928_fts_plan-1510-p2;src_20260928_fts_locations
CHL,2025-07-01,2026-06-30,100000,1186;1156;1273;1510,2026-09-28T06:57:17Z,src_20260928_fts_plan-1186-p1;src_20260928_fts_plan-1156-p1;src_20260928_fts_plan-1156-p2;src_20260928_fts_plan-1273-p1;src_20260928_fts_plan-1273-p2;src_20260928_fts_plan-1510-p1;src_20260928_fts_plan-1510-p2;src_20260928_fts_locations
CHL,2025-08-01,2026-07-31,100000,1186;1156;1273;1510,2026-09-28T06:57:17Z,src_20260928_fts_plan-1186-p1;src_20260928_fts_plan-1156-p1;src_20260928_fts_plan-1156-p2;src_20260928_fts_plan-1273-p1;src_20260928_fts_plan-1273-p2;src_20260928_fts_plan-1510-p1;src_20260928_fts_plan-1510-p2;src_20260928_fts_locations
CHL,2025-09-01,2026-08-31,100000,1186;1156;1273;1510,2026-09-28T06:57:17Z,src_20260928_fts_plan-1186-p1;src_20260928_fts_plan-1156-p1;src_20260928_fts_plan-1156-p2;src_20260928_fts_plan-1273-p1;src_20260928_fts_plan-1273-p2;src_20260928_fts_plan-1510-p1;src_20260928_fts_plan-1510-p2;src_20260928_fts_locations
CHN,2022-10-01,2023-09-30,0,1186;1156;1273;1510,2026-09-28T06:57:17Z,src_20260928_fts_plan-1186-p1;src_20260928_fts_plan-1156-p1;src_20260928_fts_plan-1156-p2;src_20260928_fts_plan-1273-p1;src_20260928_fts_plan-1273-p2;src_20260928_fts_plan-1510-p1;src_20260928_fts_plan-1510-p2;src_20260928_fts_locations
CHN,2022-11-01,2023-10-31,0,1186;1156;1273;1510,2026-09-28T06:57:17Z,src_20260928_fts_plan-1186-p1;src_20260928_fts_plan-1156-p1;src_20260928_fts_plan-1156-p2;src_20260928_fts_plan-1273-p1;src_20260928_fts_plan-1273-p2;src_20260928_fts_plan-1510-p1;src_20260928_fts_plan-1510-p2;src_20260928_fts_locations
CHN,2022-12-01,2023-11-30,1000000,1186;1156;1273;1510,2026-09-28T06:57:17Z,src_20260928_fts_plan-1186-p1;src_20260928_fts_plan-1156-p1;src_20260928_fts_plan-1156-p2;src_20260928_fts_plan-1273-p1;src_20260928_fts_plan-1273-p2;src_20260928_fts_plan-1510-p1;src_20260928_fts_plan-1510-p2;src_20260928_fts_locations
CHN,2023-01-01,2023-12-31,1000000,1186;1156;1273;1510,2026-09-28T06:57:17Z,src_20260928_fts_plan-1186-p1;src_20260928_fts_plan-1156-p1;src_20260928_fts_plan-1156-p2;src_20260928_fts_plan-1273-p1;src_20260928_fts_plan-1273-p2;src_20260928_fts_plan-1510-p1;src_20260928_fts_plan-1510-p2;src_20260928_fts_locations
CHN,2023-02-01,2024-01-31,1000000,1186;1156;1273;1510,2026-09-28T06:57:17Z,src_20260928_fts_plan-1186-p1;src_20260928_fts_plan-1156-p1;src_20260928_fts_plan-1156-p2;src_20260928_fts_plan-1273-p1;src_20260928_fts_plan-1273-p2;src_20260928_fts_plan-1510-p1;src_20260928_fts_plan-1510-p2;src_20260928_fts_locations
CHN,2023-03-01,2024-02-29,1000000,1186;1156;1273;1510,2026-09-28T06:57:17Z,src_20260928_fts_plan-1186-p1;src_20260928_fts_plan-1156-p1;src_20260928_fts_plan-1156-p2;src_20260928_fts_plan-1273-p1;src_20260928_fts_plan-1273-p2;src_20260928_fts_plan-1510-p1;src_20260928_fts_plan-1510-p2;src_20260928_fts_locations
CHN,2023-04-01,2024-03-31,1000000,1186;1156;1273;1510,2026-09-28T06:57:17Z,src_20260928_fts_plan-1186-p1;src_20260928_fts_plan-1156-p1;src_20260928_fts_plan-1156-p2;src_20260928_fts_plan-1273-p1;src_20260928_fts_plan-1273-p2;src_20260928_fts_plan-1510-p1;src_20260928_fts_plan-1510-p2;src_20260928_fts_locations
CHN,2023-05-01,2024-04-30,1000000,1186;1156;1273;1510,2026-09-28T06:57:17Z,src_20260928_fts_plan-1186-p1;src_20260928_fts_plan-1156-p1;src_20260928_fts_plan-1156-p2;src_20260928_fts_plan-1273-p1;src_20260928_fts_plan-1273-p2;src_20260928_fts_plan-1510-p1;src_20260928_fts_plan-1510-p2;src_20260928_fts_locations
CHN,2023-06-01,2024-05-31,1000000,1186;1156;1273;1510,2026-09-28T06:57:17Z,src_20260928_fts_plan-1186-p1;src_20260928_fts_plan-1156-p1;src_20260928_fts_plan-1156-p2;src_20260928_fts_plan-1273-p1;src_20260928_fts_plan-1273-p2;src_20260928_fts_plan-1510-p1;src_20260928_fts_plan-1510-p2;src_20260928_fts_locations
CHN,2023-07-01,2024-06-30,1000000,1186;1156;1273;1510,2026-09-28T06:57:17Z,src_20260928_fts_plan-1186-p1;src_20260928_fts_plan-1156-p1;src_20260928_fts_plan-1156-p2;src_20260928_fts_plan-1273-p1;src_20260928_fts_plan-1273-p2;src_20260928_fts_plan-1510-p1;src_20260928_fts_plan-1510-p2;src_20260928_fts_locations
CHN,2023-08-01,2024-07-31,1000000,1186;1156;1273;1510,2026-09-28T06:57:17Z,src_20260928_fts_plan-1186-p1;src_20260928_fts_plan-1156-p1;src_20260928_fts_plan-1156-p2;src_20260928_fts_plan-1273-p1;src_20260928_fts_plan-1273-p2;src_20260928_fts_plan-1510-p1;src_20260928_fts_plan-1510-p2;src_20260928_fts_locations
CHN,2023-09-01,2024-08-31,1000000,1186;1156;1273;1510,2026-09-28T06:57:17Z,src_20260928_fts_plan-1186-p1;src_20260928_fts_plan-1156-p1;src_20260928_fts_plan-1156-p2;src_20260928_fts_plan-1273-p1;src_20260928_fts_plan-1273-p2;src_20260928_fts_plan-1510-p1;src_20260928_fts_plan-1510-p2;src_20260928_fts_locations
CHN,2023-10-01,2024-09-30,1000000,1186;1156;1273;1510,2026-09-28T06:57:17Z,src_20260928_fts_plan-1186-p1;src_20260928_fts_plan-1156-p1;src_20260928_fts_plan-1156-p2;src_20260928_fts_plan-1273-p1;src_20260928_fts_plan-1273-p2;src_20260928_fts_plan-1510-p1;src_20260928_fts_plan-1510-p2;src_20260928_fts_locations
CHN,2023-11-01,2024-10-31,1000000,1186;1156;1273;1510,2026-09-28T06:57:17Z,src_20260928_fts_plan-1186-p1;src_20260928_fts_plan-1156-p1;src_20260928_fts_plan-1156-p2;src_20260928_fts_plan-1273-p1;src_20260928_fts_plan-1273-p2;src_20260928_fts_plan-1510-p1;src_20260928_fts_plan-1510-p2;src_20260928_fts_locations
CHN,2023-12-01,2024-11-30,0,1186;1156;1273;1510,2026-09-28T06:57:17Z,src_20260928_fts_plan-1186-p1;src_20260928_fts_plan-1156-p1;src_20260928_fts_plan-1156-p2;src_20260928_fts_plan-1273-p1;src_20260928_fts_plan-1273-p2;src_20260928_fts_plan-1510-p1;src_20260928_fts_plan-1510-p2;src_20260928_fts_locations
CHN,2024-01-01,2024-12-31,0,1186;1156;1273;1510,2026-09-28T06:57:17Z,src_20260928_fts_plan-1186-p1;src_20260928_fts_plan-1156-p1;src_20260928_fts_plan-1156-p2;src_20260928_fts_plan-1273-p1;src_20260928_fts_plan-1273-p2;src_20260928_fts_plan-1510-p1;src_20260928_fts_plan-1510-p2;src_20260928_fts_locations
CHN,2024-02-01,2025-01-31,0,1186;1156;1273;1510,2026-09-28T06:57:17Z,src_20260928_fts_plan-1186-p1;src_20260928_fts_plan-1156-p1;src_20260928_fts_plan-1156-p2;src_20260928_fts_plan-1273-p1;src_20260928_fts_plan-1273-p2;src_20260928_fts_plan-1510-p1;src_20260928_fts_plan-1510-p2;src_20260928_fts_locations
CHN,2024-03-01,2025-02-28,0,1186;1156;1273;1510,2026-09-28T06:57:17Z,src_20260928_fts_plan-1186-p1;src_20260928_fts_plan-1156-p1;src_20260928_fts_plan-1156-p2;src_20260928_fts_plan-1273-p1;src_20260928_fts_plan-1273-p2;src_20260928_fts_plan-1510-p1;src_20260928_fts_plan-1510-p2;src_20260928_fts_locations
CHN,2024-04-01,2025-03-31,0,1186;1156;1273;1510,2026-09-28T06:57:17Z,src_20260928_fts_plan-1186-p1;src_20260928_fts_plan-1156-p1;src_20260928_fts_plan-1156-p2;src_20260928_fts_plan-1273-p1;src_20260928_fts_plan-1273-p2;src_20260928_fts_plan-1510-p1;src_20260928_fts_plan-1510-p2;src_20260928_fts_locations
CHN,2024-05-01,2025-04-30,0,1186;1156;1273;1510,2026-09-28T06:57:17Z,src_20260928_fts_plan-1186-p1;src_20260928_fts_plan-1156-p1;src_20260928_fts_plan-1156-p2;src_20260928_fts_plan-1273-p1;src_20260928_fts_plan-1273-p2;src_20260928_fts_plan-1510-p1;src_20260928_fts_plan-1510-p2;src_20260928_fts_locations
CHN,2024-06-01,2025-05-31,2000000,1186;1156;1273;1510,2026-09-28T06:57:17Z,src_20260928_fts_plan-1186-p1;src_20260928_fts_plan-1156-p1;src_20260928_fts_plan-1156-p2;src_20260928_fts_plan-1273-p1;src_20260928_fts_plan-1273-p2;src_20260928_fts_plan-1510-p1;src_20260928_fts_plan-1510-p2;src_20260928_fts_locations
CHN,2024-07-01,2025-06-30,2000000,1186;1156;1273;1510,2026-09-28T06:57:17Z,src_20260928_fts_plan-1186-p1;src_20260928_fts_plan-1156-p1;src_20260928_fts_plan-1156-p2;src_20260928_fts_plan-1273-p1;src_20260928_fts_plan-1273-p2;src_20260928_fts_plan-1510-p1;src_20260928_fts_plan-1510-p2;src_20260928_fts_locations
CHN,2024-08-01,2025-07-31,2000000,1186;1156;1273;1510,2026-09-28T06:57:17Z,src_20260928_fts_plan-1186-p1;src_20260928_fts_plan-1156-p1;src_20260928_fts_plan-1156-p2;src_20260928_fts_plan-1273-p1;src_20260928_fts_plan-1273-p2;src_20260928_fts_plan-1510-p1;src_20260928_fts_plan-1510-p2;src_20260928_fts_locations
CHN,2024-09-01,2025-08-31,2000000,1186;1156;1273;1510,2026-09-28T06:57:17Z,src_20260928_fts_plan-1186-p1;src_20260928_fts_plan-1156-p1;src_20260928_fts_plan-1156-p2;src_20260928_fts_plan-1273-p1;src_20260928_fts_plan-1273-p2;src_20260928_fts_plan-1510-p1;src_20260928_fts_plan-1510-p2;src_20260928_fts_locations
CHN,2024-10-01,2025-09-30,2000000,1186;1156;1273;1510,2026-09-28T06:57:17Z,src_20260928_fts_plan-1186-p1;src_20260928_fts_plan-1156-p1;src_20260928_fts_plan-1156-p2;src_20260928_fts_plan-1273-p1;src_20260928_fts_plan-1273-p2;src_20260928_fts_plan-1510-p1;src_20260928_fts_plan-1510-p2;src_20260928_fts_locations
CHN,2024-11-01,2025-10-31,2000000,1186;1156;1273;1510,2026-09-28T06:57:17Z,src_20260928_fts_plan-1186-p1;src_20260928_fts_plan-1156-p1;src_20260928_fts_plan-1156-p2;src_20260928_fts_plan-1273-p1;src_20260928_fts_plan-1273-p2;src_20260928_fts_plan-1510-p1;src_20260928_fts_plan-1510-p2;src_20260928_fts_locations
CHN,2024-12-01,2025-11-30,2000000,1186;1156;1273;1510,2026-09-28T06:57:17Z,src_20260928_fts_plan-1186-p1;src_20260928_fts_plan-1156-p1;src_20260928_fts_plan-1156-p2;src_20260928_fts_plan-1273-p1;src_20260928_fts_plan-1273-p2;src_20260928_fts_plan-1510-p1;src_20260928_fts_plan-1510-p2;src_20260928_fts_locations
CHN,2025-01-01,2025-12-31,2000000,1186;1156;1273;1510,2026-09-28T06:57:17Z,src_20260928_fts_plan-1186-p1;src_20260928_fts_plan-1156-p1;src_20260928_fts_plan-1156-p2;src_20260928_fts_plan-1273-p1;src_20260928_fts_plan-1273-p2;src_20260928_fts_plan-1510-p1;src_20260928_fts_plan-1510-p2;src_20260928_fts_locations
CHN,2025-02-01,2026-01-31,2000000,1186;1156;1273;1510,2026-09-28T06:57:17Z,src_20260928_fts_plan-1186-p1;src_20260928_fts_plan-1156-p1;src_20260928_fts_plan-1156-p2;src_20260928_fts_plan-1273-p1;src_20260928_fts_plan-1273-p2;src_20260928_fts_plan-1510-p1;src_20260928_fts_plan-1510-p2;src_20260928_fts_locations
CHN,2025-03-01,2026-02-28,2000000,1186;1156;1273;1510,2026-09-28T06:57:17Z,src_20260928_fts_plan-1186-p1;src_20260928_fts_plan-1156-p1;src_20260928_fts_plan-1156-p2;src_20260928_fts_plan-1273-p1;src_20260928_fts_plan-1273-p2;src_20260928_fts_plan-1510-p1;src_20260928_fts_plan-1510-p2;src_20260928_fts_locations
CHN,2025-04-01,2026-03-31,2000000,1186;1156;1273;1510,2026-09-28T06:57:17Z,src_20260928_fts_plan-1186-p1;src_20260928_fts_plan-1156-p1;src_20260928_fts_plan-1156-p2;src_20260928_fts_plan-1273-p1;src_20260928_fts_plan-1273-p2;src_20260928_fts_plan-1510-p1;src_20260928_fts_plan-1510-p2;src_20260928_fts_locations
CHN,2025-05-01,2026-04-30,2000000,1186;1156;1273;1510,2026-09-28T06:57:17Z,src_20260928_fts_plan-1186-p1;src_20260928_fts_plan-1156-p1;src_20260928_fts_plan-1156-p2;src_20260928_fts_plan-1273-p1;src_20260928_fts_plan-1273-p2;src_20260928_fts_plan-1510-p1;src_20260928_fts_plan-1510-p2;src_20260928_fts_locations
CHN,2025-06-01,2026-05-31,0,1186;1156;1273;1510,2026-09-28T06:57:17Z,src_20260928_fts_plan-1186-p1;src_20260928_fts_plan-1156-p1;src_20260928_fts_plan-1156-p2;src_20260928_fts_plan-1273-p1;src_20260928_fts_plan-1273-p2;src_20260928_fts_plan-1510-p1;src_20260928_fts_plan-1510-p2;src_20260928_fts_locations
CHN,2025-07-01,2026-06-30,0,1186;1156;1273;1510,2026-09-28T06:57:17Z,src_20260928_fts_plan-1186-p1;src_20260928_fts_plan-1156-p1;src_20260928_fts_plan-1156-p2;src_20260928_fts_plan-1273-p1;src_20260928_fts_plan-1273-p2;src_20260928_fts_plan-1510-p1;src_20260928_fts_plan-1510-p2;src_20260928_fts_locations
CHN,2025-08-01,2026-07-31,2967421,1186;1156;1273;1510,2026-09-28T06:57:17Z,src_20260928_fts_plan-1186-p1;src_20260928_fts_plan-1156-p1;src_20260928_fts_plan-1156-p2;src_20260928_fts_plan-1273-p1;src_20260928_fts_plan-1273-p2;src_20260928_fts_plan-1510-p1;src_20260928_fts_plan-1510-p2;src_20260928_fts_locations
CHN,2025-09-01,2026-08-31,3967421,1186;1156;1273;1510,2026-09-28T06:57:17Z,src_20260928_fts_plan-1186-p1;src_20260928_fts_plan-1156-p1;src_20260928_fts_plan-1156-p2;src_20260928_fts_plan-1273-p1;src_20260928_fts_plan-1273-p2;src_20260928_fts_plan-1510-p1;src_20260928_fts_plan-1510-p2;src_20260928_fts_locations
COL,2022-10-01,2023-09-30,0,1186;1156;1273;1510,2026-09-28T06:57:17Z,src_20260928_fts_plan-1186-p1;src_20260928_fts_plan-1156-p1;src_20260928_fts_plan-1156-p2;src_20260928_fts_plan-1273-p1;src_20260928_fts_plan-1273-p2;src_20260928_fts_plan-1510-p1;src_20260928_fts_plan-1510-p2;src_20260928_fts_locations
COL,2022-11-01,2023-10-31,85000,1186;1156;1273;1510,2026-09-28T06:57:17Z,src_20260928_fts_plan-1186-p1;src_20260928_fts_plan-1156-p1;src_20260928_fts_plan-1156-p2;src_20260928_fts_plan-1273-p1;src_20260928_fts_plan-1273-p2;src_20260928_fts_plan-1510-p1;src_20260928_fts_plan-1510-p2;src_20260928_fts_locations
COL,2022-12-01,2023-11-30,85000,1186;1156;1273;1510,2026-09-28T06:57:17Z,src_20260928_fts_plan-1186-p1;src_20260928_fts_plan-1156-p1;src_20260928_fts_plan-1156-p2;src_20260928_fts_plan-1273-p1;src_20260928_fts_plan-1273-p2;src_20260928_fts_plan-1510-p1;src_20260928_fts_plan-1510-p2;src_20260928_fts_locations
COL,2023-01-01,2023-12-31,85000,1186;1156;1273;1510,2026-09-28T06:57:17Z,src_20260928_fts_plan-1186-p1;src_20260928_fts_plan-1156-p1;src_20260928_fts_plan-1156-p2;src_20260928_fts_plan-1273-p1;src_20260928_fts_plan-1273-p2;src_20260928_fts_plan-1510-p1;src_20260928_fts_plan-1510-p2;src_20260928_fts_locations
COL,2023-02-01,2024-01-31,160000,1186;1156;1273;1510,2026-09-28T06:57:17Z,src_20260928_fts_plan-1186-p1;src_20260928_fts_plan-1156-p1;src_20260928_fts_plan-1156-p2;src_20260928_fts_plan-1273-p1;src_20260928_fts_plan-1273-p2;src_20260928_fts_plan-1510-p1;src_20260928_fts_plan-1510-p2;src_20260928_fts_locations
COL,2023-03-01,2024-02-29,160000,1186;1156;1273;1510,2026-09-28T06:57:17Z,src_20260928_fts_plan-1186-p1;src_20260928_fts_plan-1156-p1;src_20260928_fts_plan-1156-p2;src_20260928_fts_plan-1273-p1;src_20260928_fts_plan-1273-p2;src_20260928_fts_plan-1510-p1;src_20260928_fts_plan-1510-p2;src_20260928_fts_locations
COL,2023-04-01,2024-03-31,160000,1186;1156;1273;1510,2026-09-28T06:57:17Z,src_20260928_fts_plan-1186-p1;src_20260928_fts_plan-1156-p1;src_20260928_fts_plan-1156-p2;src_20260928_fts_plan-1273-p1;src_20260928_fts_plan-1273-p2;src_20260928_fts_plan-1510-p1;src_20260928_fts_plan-1510-p2;src_20260928_fts_locations
COL,2023-05-01,2024-04-30,160000,1186;1156;1273;1510,2026-09-28T06:57:17Z,src_20260928_fts_plan-1186-p1;src_20260928_fts_plan-1156-p1;src_20260928_fts_plan-1156-p2;src_20260928_fts_plan-1273-p1;src_20260928_fts_plan-1273-p2;src_20260928_fts_plan-1510-p1;src_20260928_fts_plan-1510-p2;src_20260928_fts_locations
COL,2023-06-01,2024-05-31,160000,1186;1156;1273;1510,2026-09-28T06:57:17Z,src_20260928_fts_plan-1186-p1;src_20260928_fts_plan-1156-p1;src_20260928_fts_plan-1156-p2;src_20260928_fts_plan-1273-p1;src_20260928_fts_plan-1273-p2;src_20260928_fts_plan-1510-p1;src_20260928_fts_plan-1510-p2;src_20260928_fts_locations
COL,2023-07-01,2024-06-30,160000,1186;1156;1273;1510,2026-09-28T06:57:17Z,src_20260928_fts_plan-1186-p1;src_20260928_fts_plan-1156-p1;src_20260928_fts_plan-1156-p2;src_20260928_fts_plan-1273-p1;src_20260928_fts_plan-1273-p2;src_20260928_fts_plan-1510-p1;src_20260928_fts_plan-1510-p2;src_20260928_fts_locations
COL,2023-08-01,2024-07-31,160000,1186;1156;1273;1510,2026-09-28T06:57:17Z,src_20260928_fts_plan-1186-p1;src_20260928_fts_plan-1156-p1;src_20260928_fts_plan-1156-p2;src_20260928_fts_plan-1273-p1;src_20260928_fts_plan-1273-p2;src_20260928_fts_plan-1510-p1;src_20260928_fts_plan-1510-p2;src_20260928_fts_locations
COL,2023-09-01,2024-08-31,160000,1186;1156;1273;1510,2026-09-28T06:57:17Z,src_20260928_fts_plan-1186-p1;src_20260928_fts_plan-1156-p1;src_20260928_fts_plan-1156-p2;src_20260928_fts_plan-1273-p1;src_20260928_fts_plan-1273-p2;src_20260928_fts_plan-1510-p1;src_20260928_fts_plan-1510-p2;src_20260928_fts_locations
COL,2023-10-01,2024-09-30,160000,1186;1156;1273;1510,2026-09-28T06:57:17Z,src_20260928_fts_plan-1186-p1;src_20260928_fts_plan-1156-p1;src_20260928_fts_plan-1156-p2;src_20260928_fts_plan-1273-p1;src_20260928_fts_plan-1273-p2;src_20260928_fts_plan-1510-p1;src_20260928_fts_plan-1510-p2;src_20260928_fts_locations
COL,2023-11-01,2024-10-31,75000,1186;1156;1273;1510,2026-09-28T06:57:17Z,src_20260928_fts_plan-1186-p1;src_20260928_fts_plan-1156-p1;src_20260928_fts_plan-1156-p2;src_20260928_fts_plan-1273-p1;src_20260928_fts_plan-1273-p2;src_20260928_fts_plan-1510-p1;src_20260928_fts_plan-1510-p2;src_20260928_fts_locations
COL,2023-12-01,2024-11-30,75000,1186;1156;1273;1510,2026-09-28T06:57:17Z,src_20260928_fts_plan-1186-p1;src_20260928_fts_plan-1156-p1;src_20260928_fts_plan-1156-p2;src_20260928_fts_plan-1273-p1;src_20260928_fts_plan-1273-p2;src_20260928_fts_plan-1510-p1;src_20260928_fts_plan-1510-p2;src_20260928_fts_locations
COL,2024-01-01,2024-12-31,75000,1186;1156;1273;1510,2026-09-28T06:57:17Z,src_20260928_fts_plan-1186-p1;src_20260928_fts_plan-1156-p1;src_20260928_fts_plan-1156-p2;src_20260928_fts_plan-1273-p1;src_20260928_fts_plan-1273-p2;src_20260928_fts_plan-1510-p1;src_20260928_fts_plan-1510-p2;src_20260928_fts_locations
COL,2024-02-01,2025-01-31,0,1186;1156;1273;1510,2026-09-28T06:57:17Z,src_20260928_fts_plan-1186-p1;src_20260928_fts_plan-1156-p1;src_20260928_fts_plan-1156-p2;src_20260928_fts_plan-1273-p1;src_20260928_fts_plan-1273-p2;src_20260928_fts_plan-1510-p1;src_20260928_fts_plan-1510-p2;src_20260928_fts_locations
COL,2024-03-01,2025-02-28,0,1186;1156;1273;1510,2026-09-28T06:57:17Z,src_20260928_fts_plan-1186-p1;src_20260928_fts_plan-1156-p1;src_20260928_fts_plan-1156-p2;src_20260928_fts_plan-1273-p1;src_20260928_fts_plan-1273-p2;src_20260928_fts_plan-1510-p1;src_20260928_fts_plan-1510-p2;src_20260928_fts_locations
COL,2024-04-01,2025-03-31,0,1186;1156;1273;1510,2026-09-28T06:57:17Z,src_20260928_fts_plan-1186-p1;src_20260928_fts_plan-1156-p1;src_20260928_fts_plan-1156-p2;src_20260928_fts_plan-1273-p1;src_20260928_fts_plan-1273-p2;src_20260928_fts_plan-1510-p1;src_20260928_fts_plan-1510-p2;src_20260928_fts_locations
COL,2024-05-01,2025-04-30,0,1186;1156;1273;1510,2026-09-28T06:57:17Z,src_20260928_fts_plan-1186-p1;src_20260928_fts_plan-1156-p1;src_20260928_fts_plan-1156-p2;src_20260928_fts_plan-1273-p1;src_20260928_fts_plan-1273-p2;src_20260928_fts_plan-1510-p1;src_20260928_fts_plan-1510-p2;src_20260928_fts_locations
COL,2024-06-01,2025-05-31,382023,1186;1156;1273;1510,2026-09-28T06:57:17Z,src_20260928_fts_plan-1186-p1;src_20260928_fts_plan-1156-p1;src_20260928_fts_plan-1156-p2;src_20260928_fts_plan-1273-p1;src_20260928_fts_plan-1273-p2;src_20260928_fts_plan-1510-p1;src_20260928_fts_plan-1510-p2;src_20260928_fts_locations
COL,2024-07-01,2025-06-30,382023,1186;1156;1273;1510,2026-09-28T06:57:17Z,src_20260928_fts_plan-1186-p1;src_20260928_fts_plan-1156-p1;src_20260928_fts_plan-1156-p2;src_20260928_fts_plan-1273-p1;src_20260928_fts_plan-1273-p2;src_20260928_fts_plan-1510-p1;src_20260928_fts_plan-1510-p2;src_20260928_fts_locations
COL,2024-08-01,2025-07-31,382023,1186;1156;1273;1510,2026-09-28T06:57:17Z,src_20260928_fts_plan-1186-p1;src_20260928_fts_plan-1156-p1;src_20260928_fts_plan-1156-p2;src_20260928_fts_plan-1273-p1;src_20260928_fts_plan-1273-p2;src_20260928_fts_plan-1510-p1;src_20260928_fts_plan-1510-p2;src_20260928_fts_locations
COL,2024-09-01,2025-08-31,382023,1186;1156;1273;1510,2026-09-28T06:57:17Z,src_20260928_fts_plan-1186-p1;src_20260928_fts_plan-1156-p1;src_20260928_fts_plan-1156-p2;src_20260928_fts_plan-1273-p1;src_20260928_fts_plan-1273-p2;src_20260928_fts_plan-1510-p1;src_20260928_fts_plan-1510-p2;src_20260928_fts_locations
COL,2024-10-01,2025-09-30,382023,1186;1156;1273;1510,2026-09-28T06:57:17Z,src_20260928_fts_plan-1186-p1;src_20260928_fts_plan-1156-p1;src_20260928_fts_plan-1156-p2;src_20260928_fts_plan-1273-p1;src_20260928_fts_plan-1273-p2;src_20260928_fts_plan-1510-p1;src_20260928_fts_plan-1510-p2;src_20260928_fts_locations
COL,2024-11-01,2025-10-31,382023,1186;1156;1273;1510,2026-09-28T06:57:17Z,src_20260928_fts_plan-1186-p1;src_20260928_fts_plan-1156-p1;src_20260928_fts_plan-1156-p2;src_20260928_fts_plan-1273-p1;src_20260928_fts_plan-1273-p2;src_20260928_fts_plan-1510-p1;src_20260928_fts_plan-1510-p2;src_20260928_fts_locations
COL,2024-12-01,2025-11-30,382023,1186;1156;1273;1510,2026-09-28T06:57:17Z,src_20260928_fts_plan-1186-p1;src_20260928_fts_plan-1156-p1;src_20260928_fts_plan-1156-p2;src_20260928_fts_plan-1273-p1;src_20260928_fts_plan-1273-p2;src_20260928_fts_plan-1510-p1;src_20260928_fts_plan-1510-p2;src_20260928_fts_locations
COL,2025-01-01,2025-12-31,382023,1186;1156;1273;1510,2026-09-28T06:57:17Z,src_20260928_fts_plan-1186-p1;src_20260928_fts_plan-1156-p1;src_20260928_fts_plan-1156-p2;src_20260928_fts_plan-1273-p1;src_20260928_fts_plan-1273-p2;src_20260928_fts_plan-1510-p1;src_20260928_fts_plan-1510-p2;src_20260928_fts_locations
COL,2025-02-01,2026-01-31,382023,1186;1156;1273;1510,2026-09-28T06:57:17Z,src_20260928_fts_plan-1186-p1;src_20260928_fts_plan-1156-p1;src_20260928_fts_plan-1156-p2;src_20260928_fts_plan-1273-p1;src_20260928_fts_plan-1273-p2;src_20260928_fts_plan-1510-p1;src_20260928_fts_plan-1510-p2;src_20260928_fts_locations
COL,2025-03-01,2026-02-28,382023,1186;1156;1273;1510,2026-09-28T06:57:17Z,src_20260928_fts_plan-1186-p1;src_20260928_fts_plan-1156-p1;src_20260928_fts_plan-1156-p2;src_20260928_fts_plan-1273-p1;src_20260928_fts_plan-1273-p2;src_20260928_fts_plan-1510-p1;src_20260928_fts_plan-1510-p2;src_20260928_fts_locations
COL,2025-04-01,2026-03-31,382023,1186;1156;1273;1510,2026-09-28T06:57:17Z,src_20260928_fts_plan-1186-p1;src_20260928_fts_plan-1156-p1;src_20260928_fts_plan-1156-p2;src_20260928_fts_plan-1273-p1;src_20260928_fts_plan-1273-p2;src_20260928_fts_plan-1510-p1;src_20260928_fts_plan-1510-p2;src_20260928_fts_locations
COL,2025-05-01,2026-04-30,382023,1186;1156;1273;1510,2026-09-28T06:57:17Z,src_20260928_fts_plan-1186-p1;src_20260928_fts_plan-1156-p1;src_20260928_fts_plan-1156-p2;src_20260928_fts_plan-1273-p1;src_20260928_fts_plan-1273-p2;src_20260928_fts_plan-1510-p1;src_20260928_fts_plan-1510-p2;src_20260928_fts_locations
COL,2025-06-01,2026-05-31,0,1186;1156;1273;1510,2026-09-28T06:57:17Z,src_20260928_fts_plan-1186-p1;src_20260928_fts_plan-1156-p1;src_20260928_fts_plan-1156-p2;src_20260928_fts_plan-1273-p1;src_20260928_fts_plan-1273-p2;src_20260928_fts_plan-1510-p1;src_20260928_fts_plan-1510-p2;src_20260928_fts_locations
COL,2025-07-01,2026-06-30,0,1186;1156;1273;1510,2026-09-28T06:57:17Z,src_20260928_fts_plan-1186-p1;src_20260928_fts_plan-1156-p1;src_20260928_fts_plan-1156-p2;src_20260928_fts_plan-1273-p1;src_20260928_fts_plan-1273-p2;src_20260928_fts_plan-1510-p1;src_20260928_fts_plan-1510-p2;src_20260928_fts_locations
COL,2025-08-01,2026-07-31,0,1186;1156;1273;1510,2026-09-28T06:57:17Z,src_20260928_fts_plan-1186-p1;src_20260928_fts_plan-1156-p1;src_20260928_fts_plan-1156-p2;src_20260928_fts_plan-1273-p1;src_20260928_fts_plan-1273-p2;src_20260928_fts_plan-1510-p1;src_20260928_fts_plan-1510-p2;src_20260928_fts_locations
COL,2025-09-01,2026-08-31,0,1186;1156;1273;1510,2026-09-28T06:57:17Z,src_20260928_fts_plan-1186-p1;src_20260928_fts_plan-1156-p1;src_20260928_fts_plan-1156-p2;src_20260928_fts_plan-1273-p1;src_20260928_fts_plan-1273-p2;src_20260928_fts_plan-1510-p1;src_20260928_fts_plan-1510-p2;src_20260928_fts_locations
CYP,2022-10-01,2023-09-30,0,1186;1156;1273;1510,2026-09-28T06:57:17Z,src_20260928_fts_plan-1186-p1;src_20260928_fts_plan-1156-p1;src_20260928_fts_plan-1156-p2;src_20260928_fts_plan-1273-p1;src_20260928_fts_plan-1273-p2;src_20260928_fts_plan-1510-p1;src_20260928_fts_plan-1510-p2;src_20260928_fts_locations
CYP,2022-11-01,2023-10-31,0,1186;1156;1273;1510,2026-09-28T06:57:17Z,src_20260928_fts_plan-1186-p1;src_20260928_fts_plan-1156-p1;src_20260928_fts_plan-1156-p2;src_20260928_fts_plan-1273-p1;src_20260928_fts_plan-1273-p2;src_20260928_fts_plan-1510-p1;src_20260928_fts_plan-1510-p2;src_20260928_fts_locations
CYP,2022-12-01,2023-11-30,219298,1186;1156;1273;1510,2026-09-28T06:57:17Z,src_20260928_fts_plan-1186-p1;src_20260928_fts_plan-1156-p1;src_20260928_fts_plan-1156-p2;src_20260928_fts_plan-1273-p1;src_20260928_fts_plan-1273-p2;src_20260928_fts_plan-1510-p1;src_20260928_fts_plan-1510-p2;src_20260928_fts_locations
CYP,2023-01-01,2023-12-31,470838,1186;1156;1273;1510,2026-09-28T06:57:17Z,src_20260928_fts_plan-1186-p1;src_20260928_fts_plan-1156-p1;src_20260928_fts_plan-1156-p2;src_20260928_fts_plan-1273-p1;src_20260928_fts_plan-1273-p2;src_20260928_fts_plan-1510-p1;src_20260928_fts_plan-1510-p2;src_20260928_fts_locations
CYP,2023-02-01,2024-01-31,470838,1186;1156;1273;1510,2026-09-28T06:57:17Z,src_20260928_fts_plan-1186-p1;src_20260928_fts_plan-1156-p1;src_20260928_fts_plan-1156-p2;src_20260928_fts_plan-1273-p1;src_20260928_fts_plan-1273-p2;src_20260928_fts_plan-1510-p1;src_20260928_fts_plan-1510-p2;src_20260928_fts_locations
CYP,2023-03-01,2024-02-29,470838,1186;1156;1273;1510,2026-09-28T06:57:17Z,src_20260928_fts_plan-1186-p1;src_20260928_fts_plan-1156-p1;src_20260928_fts_plan-1156-p2;src_20260928_fts_plan-1273-p1;src_20260928_fts_plan-1273-p2;src_20260928_fts_plan-1510-p1;src_20260928_fts_plan-1510-p2;src_20260928_fts_locations
CYP,2023-04-01,2024-03-31,470838,1186;1156;1273;1510,2026-09-28T06:57:17Z,src_20260928_fts_plan-1186-p1;src_20260928_fts_plan-1156-p1;src_20260928_fts_plan-1156-p2;src_20260928_fts_plan-1273-p1;src_20260928_fts_plan-1273-p2;src_20260928_fts_plan-1510-p1;src_20260928_fts_plan-1510-p2;src_20260928_fts_locations
CYP,2023-05-01,2024-04-30,470838,1186;1156;1273;1510,2026-09-28T06:57:17Z,src_20260928_fts_plan-1186-p1;src_20260928_fts_plan-1156-p1;src_20260928_fts_plan-1156-p2;src_20260928_fts_plan-1273-p1;src_20260928_fts_plan-1273-p2;src_20260928_fts_plan-1510-p1;src_20260928_fts_plan-1510-p2;src_20260928_fts_locations
CYP,2023-06-01,2024-05-31,470838,1186;1156;1273;1510,2026-09-28T06:57:17Z,src_20260928_fts_plan-1186-p1;src_20260928_fts_plan-1156-p1;src_20260928_fts_plan-1156-p2;src_20260928_fts_plan-1273-p1;src_20260928_fts_plan-1273-p2;src_20260928_fts_plan-1510-p1;src_20260928_fts_plan-1510-p2;src_20260928_fts_locations
CYP,2023-07-01,2024-06-30,470838,1186;1156;1273;1510,2026-09-28T06:57:17Z,src_20260928_fts_plan-1186-p1;src_20260928_fts_plan-1156-p1;src_20260928_fts_plan-1156-p2;src_20260928_fts_plan-1273-p1;src_20260928_fts_plan-1273-p2;src_20260928_fts_plan-1510-p1;src_20260928_fts_plan-1510-p2;src_20260928_fts_locations
CYP,2023-08-01,2024-07-31,470838,1186;1156;1273;1510,2026-09-28T06:57:17Z,src_20260928_fts_plan-1186-p1;src_20260928_fts_plan-1156-p1;src_20260928_fts_plan-1156-p2;src_20260928_fts_plan-1273-p1;src_20260928_fts_plan-1273-p2;src_20260928_fts_plan-1510-p1;src_20260928_fts_plan-1510-p2;src_20260928_fts_locations
CYP,2023-09-01,2024-08-31,470838,1186;1156;1273;1510,2026-09-28T06:57:17Z,src_20260928_fts_plan-1186-p1;src_20260928_fts_plan-1156-p1;src_20260928_fts_plan-1156-p2;src_20260928_fts_plan-1273-p1;src_20260928_fts_plan-1273-p2;src_20260928_fts_plan-1510-p1;src_20260928_fts_plan-1510-p2;src_20260928_fts_locations
CYP,2023-10-01,2024-09-30,470838,1186;1156;1273;1510,2026-09-28T06:57:17Z,src_20260928_fts_plan-1186-p1;src_20260928_fts_plan-1156-p1;src_20260928_fts_plan-1156-p2;src_20260928_fts_plan-1273-p1;src_20260928_fts_plan-1273-p2;src_20260928_fts_plan-1510-p1;src_20260928_fts_plan-1510-p2;src_20260928_fts_locations
CYP,2023-11-01,2024-10-31,470838,1186;1156;1273;1510,2026-09-28T06:57:17Z,src_20260928_fts_plan-1186-p1;src_20260928_fts_plan-1156-p1;src_20260928_fts_plan-1156-p2;src_20260928_fts_plan-1273-p1;src_20260928_fts_plan-1273-p2;src_20260928_fts_plan-1510-p1;src_20260928_fts_plan-1510-p2;src_20260928_fts_locations
CYP,2023-12-01,2024-11-30,251540,1186;1156;1273;1510,2026-09-28T06:57:17Z,src_20260928_fts_plan-1186-p1;src_20260928_fts_plan-1156-p1;src_20260928_fts_plan-1156-p2;src_20260928_fts_plan-1273-p1;src_20260928_fts_plan-1273-p2;src_20260928_fts_plan-1510-p1;src_20260928_fts_plan-1510-p2;src_20260928_fts_locations
CYP,2024-01-01,2024-12-31,0,1186;1156;1273;1510,2026-09-28T06:57:17Z,src_20260928_fts_plan-1186-p1;src_20260928_fts_plan-1156-p1;src_20260928_fts_plan-1156-p2;src_20260928_fts_plan-1273-p1;src_20260928_fts_plan-1273-p2;src_20260928_fts_plan-1510-p1;src_20260928_fts_plan-1510-p2;src_20260928_fts_locations
CYP,2024-02-01,2025-01-31,0,1186;1156;1273;1510,2026-09-28T06:57:17Z,src_20260928_fts_plan-1186-p1;src_20260928_fts_plan-1156-p1;src_20260928_fts_plan-1156-p2;src_20260928_fts_plan-1273-p1;src_20260928_fts_plan-1273-p2;src_20260928_fts_plan-1510-p1;src_20260928_fts_plan-1510-p2;src_20260928_fts_locations
CYP,2024-03-01,2025-02-28,0,1186;1156;1273;1510,2026-09-28T06:57:17Z,src_20260928_fts_plan-1186-p1;src_20260928_fts_plan-1156-p1;src_20260928_fts_plan-1156-p2;src_20260928_fts_plan-1273-p1;src_20260928_fts_plan-1273-p2;src_20260928_fts_plan-1510-p1;src_20260928_fts_plan-1510-p2;src_20260928_fts_locations
CYP,2024-04-01,2025-03-31,0,1186;1156;1273;1510,2026-09-28T06:57:17Z,src_20260928_fts_plan-1186-p1;src_20260928_fts_plan-1156-p1;src_20260928_fts_plan-1156-p2;src_20260928_fts_plan-1273-p1;src_20260928_fts_plan-1273-p2;src_20260928_fts_plan-1510-p1;src_20260928_fts_plan-1510-p2;src_20260928_fts_locations
CYP,2024-05-01,2025-04-30,0,1186;1156;1273;1510,2026-09-28T06:57:17Z,src_20260928_fts_plan-1186-p1;src_20260928_fts_plan-1156-p1;src_20260928_fts_plan-1156-p2;src_20260928_fts_plan-1273-p1;src_20260928_fts_plan-1273-p2;src_20260928_fts_plan-1510-p1;src_20260928_fts_plan-1510-p2;src_20260928_fts_locations
CYP,2024-06-01,2025-05-31,0,1186;1156;1273;1510,2026-09-28T06:57:17Z,src_20260928_fts_plan-1186-p1;src_20260928_fts_plan-1156-p1;src_20260928_fts_plan-1156-p2;src_20260928_fts_plan-1273-p1;src_20260928_fts_plan-1273-p2;src_20260928_fts_plan-1510-p1;src_20260928_fts_plan-1510-p2;src_20260928_fts_locations
CYP,2024-07-01,2025-06-30,0,1186;1156;1273;1510,2026-09-28T06:57:17Z,src_20260928_fts_plan-1186-p1;src_20260928_fts_plan-1156-p1;src_20260928_fts_plan-1156-p2;src_20260928_fts_plan-1273-p1;src_20260928_fts_plan-1273-p2;src_20260928_fts_plan-1510-p1;src_20260928_fts_plan-1510-p2;src_20260928_fts_locations
CYP,2024-08-01,2025-07-31,0,1186;1156;1273;1510,2026-09-28T06:57:17Z,src_20260928_fts_plan-1186-p1;src_20260928_fts_plan-1156-p1;src_20260928_fts_plan-1156-p2;src_20260928_fts_plan-1273-p1;src_20260928_fts_plan-1273-p2;src_20260928_fts_plan-1510-p1;src_20260928_fts_plan-1510-p2;src_20260928_fts_locations
CYP,2024-09-01,2025-08-31,0,1186;1156;1273;1510,2026-09-28T06:57:17Z,src_20260928_fts_plan-1186-p1;src_20260928_fts_plan-1156-p1;src_20260928_fts_plan-1156-p2;src_20260928_fts_plan-1273-p1;src_20260928_fts_plan-1273-p2;src_20260928_fts_plan-1510-p1;src_20260928_fts_plan-1510-p2;src_20260928_fts_locations
CYP,2024-10-01,2025-09-30,0,1186;1156;1273;1510,2026-09-28T06:57:17Z,src_20260928_fts_plan-1186-p1;src_20260928_fts_plan-1156-p1;src_20260928_fts_plan-1156-p2;src_20260928_fts_plan-1273-p1;src_20260928_fts_plan-1273-p2;src_20260928_fts_plan-1510-p1;src_20260928_fts_plan-1510-p2;src_20260928_fts_locations
CYP,2024-11-01,2025-10-31,0,1186;1156;1273;1510,2026-09-28T06:57:17Z,src_20260928_fts_plan-1186-p1;src_20260928_fts_plan-1156-p1;src_20260928_fts_plan-1156-p2;src_20260928_fts_plan-1273-p1;src_20260928_fts_plan-1273-p2;src_20260928_fts_plan-1510-p1;src_20260928_fts_plan-1510-p2;src_20260928_fts_locations
CYP,2024-12-01,2025-11-30,0,1186;1156;1273;1510,2026-09-28T06:57:17Z,src_20260928_fts_plan-1186-p1;src_20260928_fts_plan-1156-p1;src_20260928_fts_plan-1156-p2;src_20260928_fts_plan-1273-p1;src_20260928_fts_plan-1273-p2;src_20260928_fts_plan-1510-p1;src_20260928_fts_plan-1510-p2;src_20260928_fts_locations
CYP,2025-01-01,2025-12-31,0,1186;1156;1273;1510,2026-09-28T06:57:17Z,src_20260928_fts_plan-1186-p1;src_20260928_fts_plan-1156-p1;src_20260928_fts_plan-1156-p2;src_20260928_fts_plan-1273-p1;src_20260928_fts_plan-1273-p2;src_20260928_fts_plan-1510-p1;src_20260928_fts_plan-1510-p2;src_20260928_fts_locations
CYP,2025-02-01,2026-01-31,0,1186;1156;1273;1510,2026-09-28T06:57:17Z,src_20260928_fts_plan-1186-p1;src_20260928_fts_plan-1156-p1;src_20260928_fts_plan-1156-p2;src_20260928_fts_plan-1273-p1;src_20260928_fts_plan-1273-p2;src_20260928_fts_plan-1510-p1;src_20260928_fts_plan-1510-p2;src_20260928_fts_locations
CYP,2025-03-01,2026-02-28,768235,1186;1156;1273;1510,2026-09-28T06:57:17Z,src_20260928_fts_plan-1186-p1;src_20260928_fts_plan-1156-p1;src_20260928_fts_plan-1156-p2;src_20260928_fts_plan-1273-p1;src_20260928_fts_plan-1273-p2;src_20260928_fts_plan-1510-p1;src_20260928_fts_plan-1510-p2;src_20260928_fts_locations
CYP,2025-04-01,2026-03-31,1571570,1186;1156;1273;1510,2026-09-28T06:57:17Z,src_20260928_fts_plan-1186-p1;src_20260928_fts_plan-1156-p1;src_20260928_fts_plan-1156-p2;src_20260928_fts_plan-1273-p1;src_20260928_fts_plan-1273-p2;src_20260928_fts_plan-1510-p1;src_20260928_fts_plan-1510-p2;src_20260928_fts_locations
CYP,2025-05-01,2026-04-30,1571570,1186;1156;1273;1510,2026-09-28T06:57:17Z,src_20260928_fts_plan-1186-p1;src_20260928_fts_plan-1156-p1;src_20260928_fts_plan-1156-p2;src_20260928_fts_plan-1273-p1;src_20260928_fts_plan-1273-p2;src_20260928_fts_plan-1510-p1;src_20260928_fts_plan-1510-p2;src_20260928_fts_locations
CYP,2025-06-01,2026-05-31,1571570,1186;1156;1273;1510,2026-09-28T06:57:17Z,src_20260928_fts_plan-1186-p1;src_20260928_fts_plan-1156-p1;src_20260928_fts_plan-1156-p2;src_20260928_fts_plan-1273-p1;src_20260928_fts_plan-1273-p2;src_20260928_fts_plan-1510-p1;src_20260928_fts_plan-1510-p2;src_20260928_fts_locations
CYP,2025-07-01,2026-06-30,1571570,1186;1156;1273;1510,2026-09-28T06:57:17Z,src_20260928_fts_plan-1186-p1;src_20260928_fts_plan-1156-p1;src_20260928_fts_plan-1156-p2;src_20260928_fts_plan-1273-p1;src_20260928_fts_plan-1273-p2;src_20260928_fts_plan-1510-p1;src_20260928_fts_plan-1510-p2;src_20260928_fts_locations
CYP,2025-08-01,2026-07-31,1571570,1186;1156;1273;1510,2026-09-28T06:57:17Z,src_20260928_fts_plan-1186-p1;src_20260928_fts_plan-1156-p1;src_20260928_fts_plan-1156-p2;src_20260928_fts_plan-1273-p1;src_20260928_fts_plan-1273-p2;src_20260928_fts_plan-1510-p1;src_20260928_fts_plan-1510-p2;src_20260928_fts_locations
CYP,2025-09-01,2026-08-31,1571570,1186;1156;1273;1510,2026-09-28T06:57:17Z,src_20260928_fts_plan-1186-p1;src_20260928_fts_plan-1156-p1;src_20260928_fts_plan-1156-p2;src_20260928_fts_plan-1273-p1;src_20260928_fts_plan-1273-p2;src_20260928_fts_plan-1510-p1;src_20260928_fts_plan-1510-p2;src_20260928_fts_locations
CZE,2022-10-01,2023-09-30,0,1186;1156;1273;1510,2026-09-28T06:57:17Z,src_20260928_fts_plan-1186-p1;src_20260928_fts_plan-1156-p1;src_20260928_fts_plan-1156-p2;src_20260928_fts_plan-1273-p1;src_20260928_fts_plan-1273-p2;src_20260928_fts_plan-1510-p1;src_20260928_fts_plan-1510-p2;src_20260928_fts_locations
CZE,2022-11-01,2023-10-31,0,1186;1156;1273;1510,2026-09-28T06:57:17Z,src_20260928_fts_plan-1186-p1;src_20260928_fts_plan-1156-p1;src_20260928_fts_plan-1156-p2;src_20260928_fts_plan-1273-p1;src_20260928_fts_plan-1273-p2;src_20260928_fts_plan-1510-p1;src_20260928_fts_plan-1510-p2;src_20260928_fts_locations
CZE,2022-12-01,2023-11-30,0,1186;1156;1273;1510,2026-09-28T06:57:17Z,src_20260928_fts_plan-1186-p1;src_20260928_fts_plan-1156-p1;src_20260928_fts_plan-1156-p2;src_20260928_fts_plan-1273-p1;src_20260928_fts_plan-1273-p2;src_20260928_fts_plan-1510-p1;src_20260928_fts_plan-1510-p2;src_20260928_fts_locations
CZE,2023-01-01,2023-12-31,0,1186;1156;1273;1510,2026-09-28T06:57:17Z,src_20260928_fts_plan-1186-p1;src_20260928_fts_plan-1156-p1;src_20260928_fts_plan-1156-p2;src_20260928_fts_plan-1273-p1;src_20260928_fts_plan-1273-p2;src_20260928_fts_plan-1510-p1;src_20260928_fts_plan-1510-p2;src_20260928_fts_locations
CZE,2023-02-01,2024-01-31,222124,1186;1156;1273;1510,2026-09-28T06:57:17Z,src_20260928_fts_plan-1186-p1;src_20260928_fts_plan-1156-p1;src_20260928_fts_plan-1156-p2;src_20260928_fts_plan-1273-p1;src_20260928_fts_plan-1273-p2;src_20260928_fts_plan-1510-p1;src_20260928_fts_plan-1510-p2;src_20260928_fts_locations
CZE,2023-03-01,2024-02-29,222124,1186;1156;1273;1510,2026-09-28T06:57:17Z,src_20260928_fts_plan-1186-p1;src_20260928_fts_plan-1156-p1;src_20260928_fts_plan-1156-p2;src_20260928_fts_plan-1273-p1;src_20260928_fts_plan-1273-p2;src_20260928_fts_plan-1510-p1;src_20260928_fts_plan-1510-p2;src_20260928_fts_locations
CZE,2023-04-01,2024-03-31,222124,1186;1156;1273;1510,2026-09-28T06:57:17Z,src_20260928_fts_plan-1186-p1;src_20260928_fts_plan-1156-p1;src_20260928_fts_plan-1156-p2;src_20260928_fts_plan-1273-p1;src_20260928_fts_plan-1273-p2;src_20260928_fts_plan-1510-p1;src_20260928_fts_plan-1510-p2;src_20260928_fts_locations
CZE,2023-05-01,2024-04-30,222124,1186;1156;1273;1510,2026-09-28T06:57:17Z,src_20260928_fts_plan-1186-p1;src_20260928_fts_plan-1156-p1;src_20260928_fts_plan-1156-p2;src_20260928_fts_plan-1273-p1;src_20260928_fts_plan-1273-p2;src_20260928_fts_plan-1510-p1;src_20260928_fts_plan-1510-p2;src_20260928_fts_locations
CZE,2023-06-01,2024-05-31,222124,1186;1156;1273;1510,2026-09-28T06:57:17Z,src_20260928_fts_plan-1186-p1;src_20260928_fts_plan-1156-p1;src_20260928_fts_plan-1156-p2;src_20260928_fts_plan-1273-p1;src_20260928_fts_plan-1273-p2;src_20260928_fts_plan-1510-p1;src_20260928_fts_plan-1510-p2;src_20260928_fts_locations
CZE,2023-07-01,2024-06-30,222124,1186;1156;1273;1510,2026-09-28T06:57:17Z,src_20260928_fts_plan-1186-p1;src_20260928_fts_plan-1156-p1;src_20260928_fts_plan-1156-p2;src_20260928_fts_plan-1273-p1;src_20260928_fts_plan-1273-p2;src_20260928_fts_plan-1510-p1;src_20260928_fts_plan-1510-p2;src_20260928_fts_locations
CZE,2023-08-01,2024-07-31,649292,1186;1156;1273;1510,2026-09-28T06:57:17Z,src_20260928_fts_plan-1186-p1;src_20260928_fts_plan-1156-p1;src_20260928_fts_plan-1156-p2;src_20260928_fts_plan-1273-p1;src_20260928_fts_plan-1273-p2;src_20260928_fts_plan-1510-p1;src_20260928_fts_plan-1510-p2;src_20260928_fts_locations
CZE,2023-09-01,2024-08-31,649292,1186;1156;1273;1510,2026-09-28T06:57:17Z,src_20260928_fts_plan-1186-p1;src_20260928_fts_plan-1156-p1;src_20260928_fts_plan-1156-p2;src_20260928_fts_plan-1273-p1;src_20260928_fts_plan-1273-p2;src_20260928_fts_plan-1510-p1;src_20260928_fts_plan-1510-p2;src_20260928_fts_locations
CZE,2023-10-01,2024-09-30,649292,1186;1156;1273;1510,2026-09-28T06:57:17Z,src_20260928_fts_plan-1186-p1;src_20260928_fts_plan-1156-p1;src_20260928_fts_plan-1156-p2;src_20260928_fts_plan-1273-p1;src_20260928_fts_plan-1273-p2;src_20260928_fts_plan-1510-p1;src_20260928_fts_plan-1510-p2;src_20260928_fts_locations
CZE,2023-11-01,2024-10-31,649292,1186;1156;1273;1510,2026-09-28T06:57:17Z,src_20260928_fts_plan-1186-p1;src_20260928_fts_plan-1156-p1;src_20260928_fts_plan-1156-p2;src_20260928_fts_plan-1273-p1;src_20260928_fts_plan-1273-p2;src_20260928_fts_plan-1510-p1;src_20260928_fts_plan-1510-p2;src_20260928_fts_locations
CZE,2023-12-01,2024-11-30,649292,1186;1156;1273;1510,2026-09-28T06:57:17Z,src_20260928_fts_plan-1186-p1;src_20260928_fts_plan-1156-p1;src_20260928_fts_plan-1156-p2;src_20260928_fts_plan-1273-p1;src_20260928_fts_plan-1273-p2;src_20260928_fts_plan-1510-p1;src_20260928_fts_plan-1510-p2;src_20260928_fts_locations
CZE,2024-01-01,2024-12-31,649292,1186;1156;1273;1510,2026-09-28T06:57:17Z,src_20260928_fts_plan-1186-p1;src_20260928_fts_plan-1156-p1;src_20260928_fts_plan-1156-p2;src_20260928_fts_plan-1273-p1;src_20260928_fts_plan-1273-p2;src_20260928_fts_plan-1510-p1;src_20260928_fts_plan-1510-p2;src_20260928_fts_locations
CZE,2024-02-01,2025-01-31,427168,1186;1156;1273;1510,2026-09-28T06:57:17Z,src_20260928_fts_plan-1186-p1;src_20260928_fts_plan-1156-p1;src_20260928_fts_plan-1156-p2;src_20260928_fts_plan-1273-p1;src_20260928_fts_plan-1273-p2;src_20260928_fts_plan-1510-p1;src_20260928_fts_plan-1510-p2;src_20260928_fts_locations
CZE,2024-03-01,2025-02-28,427168,1186;1156;1273;1510,2026-09-28T06:57:17Z,src_20260928_fts_plan-1186-p1;src_20260928_fts_plan-1156-p1;src_20260928_fts_plan-1156-p2;src_20260928_fts_plan-1273-p1;src_20260928_fts_plan-1273-p2;src_20260928_fts_plan-1510-p1;src_20260928_fts_plan-1510-p2;src_20260928_fts_locations
CZE,2024-04-01,2025-03-31,427168,1186;1156;1273;1510,2026-09-28T06:57:17Z,src_20260928_fts_plan-1186-p1;src_20260928_fts_plan-1156-p1;src_20260928_fts_plan-1156-p2;src_20260928_fts_plan-1273-p1;src_20260928_fts_plan-1273-p2;src_20260928_fts_plan-1510-p1;src_20260928_fts_plan-1510-p2;src_20260928_fts_locations
CZE,2024-05-01,2025-04-30,842623,1186;1156;1273;1510,2026-09-28T06:57:17Z,src_20260928_fts_plan-1186-p1;src_20260928_fts_plan-1156-p1;src_20260928_fts_plan-1156-p2;src_20260928_fts_plan-1273-p1;src_20260928_fts_plan-1273-p2;src_20260928_fts_plan-1510-p1;src_20260928_fts_plan-1510-p2;src_20260928_fts_locations
CZE,2024-06-01,2025-05-31,842623,1186;1156;1273;1510,2026-09-28T06:57:17Z,src_20260928_fts_plan-1186-p1;src_20260928_fts_plan-1156-p1;src_20260928_fts_plan-1156-p2;src_20260928_fts_plan-1273-p1;src_20260928_fts_plan-1273-p2;src_20260928_fts_plan-1510-p1;src_20260928_fts_plan-1510-p2;src_20260928_fts_locations
CZE,2024-07-01,2025-06-30,842623,1186;1156;1273;1510,2026-09-28T06:57:17Z,src_20260928_fts_plan-1186-p1;src_20260928_fts_plan-1156-p1;src_20260928_fts_plan-1156-p2;src_20260928_fts_plan-1273-p1;src_20260928_fts_plan-1273-p2;src_20260928_fts_plan-1510-p1;src_20260928_fts_plan-1510-p2;src_20260928_fts_locations
CZE,2024-08-01,2025-07-31,1373175,1186;1156;1273;1510,2026-09-28T06:57:17Z,src_20260928_fts_plan-1186-p1;src_20260928_fts_plan-1156-p1;src_20260928_fts_plan-1156-p2;src_20260928_fts_plan-1273-p1;src_20260928_fts_plan-1273-p2;src_20260928_fts_plan-1510-p1;src_20260928_fts_plan-1510-p2;src_20260928_fts_locations
CZE,2024-09-01,2025-08-31,1373175,1186;1156;1273;1510,2026-09-28T06:57:17Z,src_20260928_fts_plan-1186-p1;src_20260928_fts_plan-1156-p1;src_20260928_fts_plan-1156-p2;src_20260928_fts_plan-1273-p1;src_20260928_fts_plan-1273-p2;src_20260928_fts_plan-1510-p1;src_20260928_fts_plan-1510-p2;src_20260928_fts_locations
CZE,2024-10-01,2025-09-30,1373175,1186;1156;1273;1510,2026-09-28T06:57:17Z,src_20260928_fts_plan-1186-p1;src_20260928_fts_plan-1156-p1;src_20260928_fts_plan-1156-p2;src_20260928_fts_plan-1273-p1;src_20260928_fts_plan-1273-p2;src_20260928_fts_plan-1510-p1;src_20260928_fts_plan-1510-p2;src_20260928_fts_locations
CZE,2024-11-01,2025-10-31,1373175,1186;1156;1273;1510,2026-09-28T06:57:17Z,src_20260928_fts_plan-1186-p1;src_20260928_fts_plan-1156-p1;src_20260928_fts_plan-1156-p2;src_20260928_fts_plan-1273-p1;src_20260928_fts_plan-1273-p2;src_20260928_fts_plan-1510-p1;src_20260928_fts_plan-1510-p2;src_20260928_fts_locations
CZE,2024-12-01,2025-11-30,1373175,1186;1156;1273;1510,2026-09-28T06:57:17Z,src_20260928_fts_plan-1186-p1;src_20260928_fts_plan-1156-p1;src_20260928_fts_plan-1156-p2;src_20260928_fts_plan-1273-p1;src_20260928_fts_plan-1273-p2;src_20260928_fts_plan-1510-p1;src_20260928_fts_plan-1510-p2;src_20260928_fts_locations
CZE,2025-01-01,2025-12-31,1373175,1186;1156;1273;1510,2026-09-28T06:57:17Z,src_20260928_fts_plan-1186-p1;src_20260928_fts_plan-1156-p1;src_20260928_fts_plan-1156-p2;src_20260928_fts_plan-1273-p1;src_20260928_fts_plan-1273-p2;src_20260928_fts_plan-1510-p1;src_20260928_fts_plan-1510-p2;src_20260928_fts_locations
CZE,2025-02-01,2026-01-31,1373175,1186;1156;1273;1510,2026-09-28T06:57:17Z,src_20260928_fts_plan-1186-p1;src_20260928_fts_plan-1156-p1;src_20260928_fts_plan-1156-p2;src_20260928_fts_plan-1273-p1;src_20260928_fts_plan-1273-p2;src_20260928_fts_plan-1510-p1;src_20260928_fts_plan-1510-p2;src_20260928_fts_locations
CZE,2025-03-01,2026-02-28,1373175,1186;1156;1273;1510,2026-09-28T06:57:17Z,src_20260928_fts_plan-1186-p1;src_20260928_fts_plan-1156-p1;src_20260928_fts_plan-1156-p2;src_20260928_fts_plan-1273-p1;src_20260928_fts_plan-1273-p2;src_20260928_fts_plan-1510-p1;src_20260928_fts_plan-1510-p2;src_20260928_fts_locations
CZE,2025-04-01,2026-03-31,1621646,1186;1156;1273;1510,2026-09-28T06:57:17Z,src_20260928_fts_plan-1186-p1;src_20260928_fts_plan-1156-p1;src_20260928_fts_plan-1156-p2;src_20260928_fts_plan-1273-p1;src_20260928_fts_plan-1273-p2;src_20260928_fts_plan-1510-p1;src_20260928_fts_plan-1510-p2;src_20260928_fts_locations
CZE,2025-05-01,2026-04-30,1206191,1186;1156;1273;1510,2026-09-28T06:57:17Z,src_20260928_fts_plan-1186-p1;src_20260928_fts_plan-1156-p1;src_20260928_fts_plan-1156-p2;src_20260928_fts_plan-1273-p1;src_20260928_fts_plan-1273-p2;src_20260928_fts_plan-1510-p1;src_20260928_fts_plan-1510-p2;src_20260928_fts_locations
CZE,2025-06-01,2026-05-31,1206191,1186;1156;1273;1510,2026-09-28T06:57:17Z,src_20260928_fts_plan-1186-p1;src_20260928_fts_plan-1156-p1;src_20260928_fts_plan-1156-p2;src_20260928_fts_plan-1273-p1;src_20260928_fts_plan-1273-p2;src_20260928_fts_plan-1510-p1;src_20260928_fts_plan-1510-p2;src_20260928_fts_locations
CZE,2025-07-01,2026-06-30,1206191,1186;1156;1273;1510,2026-09-28T06:57:17Z,src_20260928_fts_plan-1186-p1;src_20260928_fts_plan-1156-p1;src_20260928_fts_plan-1156-p2;src_20260928_fts_plan-1273-p1;src_20260928_fts_plan-1273-p2;src_20260928_fts_plan-1510-p1;src_20260928_fts_plan-1510-p2;src_20260928_fts_locations
CZE,2025-08-01,2026-07-31,248471,1186;1156;1273;1510,2026-09-28T06:57:17Z,src_20260928_fts_plan-1186-p1;src_20260928_fts_plan-1156-p1;src_20260928_fts_plan-1156-p2;src_20260928_fts_plan-1273-p1;src_20260928_fts_plan-1273-p2;src_20260928_fts_plan-1510-p1;src_20260928_fts_plan-1510-p2;src_20260928_fts_locations
CZE,2025-09-01,2026-08-31,248471,1186;1156;1273;1510,2026-09-28T06:57:17Z,src_20260928_fts_plan-1186-p1;src_20260928_fts_plan-1156-p1;src_20260928_fts_plan-1156-p2;src_20260928_fts_plan-1273-p1;src_20260928_fts_plan-1273-p2;src_20260928_fts_plan-1510-p1;src_20260928_fts_plan-1510-p2;src_20260928_fts_locations
DEU,2022-10-01,2023-09-30,13249175,1186;1156;1273;1510,2026-09-28T06:57:17Z,src_20260928_fts_plan-1186-p1;src_20260928_fts_plan-1156-p1;src_20260928_fts_plan-1156-p2;src_20260928_fts_plan-1273-p1;src_20260928_fts_plan-1273-p2;src_20260928_fts_plan-1510-p1;src_20260928_fts_plan-1510-p2;src_20260928_fts_locations;src_20260928_fts_organizations
DEU,2022-11-01,2023-10-31,17556186,1186;1156;1273;1510,2026-09-28T06:57:17Z,src_20260928_fts_plan-1186-p1;src_20260928_fts_plan-1156-p1;src_20260928_fts_plan-1156-p2;src_20260928_fts_plan-1273-p1;src_20260928_fts_plan-1273-p2;src_20260928_fts_plan-1510-p1;src_20260928_fts_plan-1510-p2;src_20260928_fts_locations;src_20260928_fts_organizations
DEU,2022-12-01,2023-11-30,41867323,1186;1156;1273;1510,2026-09-28T06:57:17Z,src_20260928_fts_plan-1186-p1;src_20260928_fts_plan-1156-p1;src_20260928_fts_plan-1156-p2;src_20260928_fts_plan-1273-p1;src_20260928_fts_plan-1273-p2;src_20260928_fts_plan-1510-p1;src_20260928_fts_plan-1510-p2;src_20260928_fts_locations;src_20260928_fts_organizations
DEU,2023-01-01,2023-12-31,69827246,1186;1156;1273;1510,2026-09-28T06:57:17Z,src_20260928_fts_plan-1186-p1;src_20260928_fts_plan-1156-p1;src_20260928_fts_plan-1156-p2;src_20260928_fts_plan-1273-p1;src_20260928_fts_plan-1273-p2;src_20260928_fts_plan-1510-p1;src_20260928_fts_plan-1510-p2;src_20260928_fts_locations;src_20260928_fts_organizations
DEU,2023-02-01,2024-01-31,69827246,1186;1156;1273;1510,2026-09-28T06:57:17Z,src_20260928_fts_plan-1186-p1;src_20260928_fts_plan-1156-p1;src_20260928_fts_plan-1156-p2;src_20260928_fts_plan-1273-p1;src_20260928_fts_plan-1273-p2;src_20260928_fts_plan-1510-p1;src_20260928_fts_plan-1510-p2;src_20260928_fts_locations;src_20260928_fts_organizations
DEU,2023-03-01,2024-02-29,73058272,1186;1156;1273;1510,2026-09-28T06:57:17Z,src_20260928_fts_plan-1186-p1;src_20260928_fts_plan-1156-p1;src_20260928_fts_plan-1156-p2;src_20260928_fts_plan-1273-p1;src_20260928_fts_plan-1273-p2;src_20260928_fts_plan-1510-p1;src_20260928_fts_plan-1510-p2;src_20260928_fts_locations;src_20260928_fts_organizations
DEU,2023-04-01,2024-03-31,79539823,1186;1156;1273;1510,2026-09-28T06:57:17Z,src_20260928_fts_plan-1186-p1;src_20260928_fts_plan-1156-p1;src_20260928_fts_plan-1156-p2;src_20260928_fts_plan-1273-p1;src_20260928_fts_plan-1273-p2;src_20260928_fts_plan-1510-p1;src_20260928_fts_plan-1510-p2;src_20260928_fts_locations;src_20260928_fts_organizations
DEU,2023-05-01,2024-04-30,79539823,1186;1156;1273;1510,2026-09-28T06:57:17Z,src_20260928_fts_plan-1186-p1;src_20260928_fts_plan-1156-p1;src_20260928_fts_plan-1156-p2;src_20260928_fts_plan-1273-p1;src_20260928_fts_plan-1273-p2;src_20260928_fts_plan-1510-p1;src_20260928_fts_plan-1510-p2;src_20260928_fts_locations;src_20260928_fts_organizations
DEU,2023-06-01,2024-05-31,113273220,1186;1156;1273;1510,2026-09-28T06:57:17Z,src_20260928_fts_plan-1186-p1;src_20260928_fts_plan-1156-p1;src_20260928_fts_plan-1156-p2;src_20260928_fts_plan-1273-p1;src_20260928_fts_plan-1273-p2;src_20260928_fts_plan-1510-p1;src_20260928_fts_plan-1510-p2;src_20260928_fts_locations;src_20260928_fts_organizations
DEU,2023-07-01,2024-06-30,116114282,1186;1156;1273;1510,2026-09-28T06:57:17Z,src_20260928_fts_plan-1186-p1;src_20260928_fts_plan-1156-p1;src_20260928_fts_plan-1156-p2;src_20260928_fts_plan-1273-p1;src_20260928_fts_plan-1273-p2;src_20260928_fts_plan-1510-p1;src_20260928_fts_plan-1510-p2;src_20260928_fts_locations;src_20260928_fts_organizations
DEU,2023-08-01,2024-07-31,116114282,1186;1156;1273;1510,2026-09-28T06:57:17Z,src_20260928_fts_plan-1186-p1;src_20260928_fts_plan-1156-p1;src_20260928_fts_plan-1156-p2;src_20260928_fts_plan-1273-p1;src_20260928_fts_plan-1273-p2;src_20260928_fts_plan-1510-p1;src_20260928_fts_plan-1510-p2;src_20260928_fts_locations;src_20260928_fts_organizations
DEU,2023-09-01,2024-08-31,104112055,1186;1156;1273;1510,2026-09-28T06:57:17Z,src_20260928_fts_plan-1186-p1;src_20260928_fts_plan-1156-p1;src_20260928_fts_plan-1156-p2;src_20260928_fts_plan-1273-p1;src_20260928_fts_plan-1273-p2;src_20260928_fts_plan-1510-p1;src_20260928_fts_plan-1510-p2;src_20260928_fts_locations;src_20260928_fts_organizations
DEU,2023-10-01,2024-09-30,104112055,1186;1156;1273;1510,2026-09-28T06:57:17Z,src_20260928_fts_plan-1186-p1;src_20260928_fts_plan-1156-p1;src_20260928_fts_plan-1156-p2;src_20260928_fts_plan-1273-p1;src_20260928_fts_plan-1273-p2;src_20260928_fts_plan-1510-p1;src_20260928_fts_plan-1510-p2;src_20260928_fts_locations;src_20260928_fts_organizations
DEU,2023-11-01,2024-10-31,105084840,1186;1156;1273;1510,2026-09-28T06:57:17Z,src_20260928_fts_plan-1186-p1;src_20260928_fts_plan-1156-p1;src_20260928_fts_plan-1156-p2;src_20260928_fts_plan-1273-p1;src_20260928_fts_plan-1273-p2;src_20260928_fts_plan-1510-p1;src_20260928_fts_plan-1510-p2;src_20260928_fts_locations;src_20260928_fts_organizations
DEU,2023-12-01,2024-11-30,80773703,1186;1156;1273;1510,2026-09-28T06:57:17Z,src_20260928_fts_plan-1186-p1;src_20260928_fts_plan-1156-p1;src_20260928_fts_plan-1156-p2;src_20260928_fts_plan-1273-p1;src_20260928_fts_plan-1273-p2;src_20260928_fts_plan-1510-p1;src_20260928_fts_plan-1510-p2;src_20260928_fts_locations;src_20260928_fts_organizations
DEU,2024-01-01,2024-12-31,118338692,1186;1156;1273;1510,2026-09-28T06:57:17Z,src_20260928_fts_plan-1186-p1;src_20260928_fts_plan-1156-p1;src_20260928_fts_plan-1156-p2;src_20260928_fts_plan-1273-p1;src_20260928_fts_plan-1273-p2;src_20260928_fts_plan-1510-p1;src_20260928_fts_plan-1510-p2;src_20260928_fts_locations;src_20260928_fts_organizations
DEU,2024-02-01,2025-01-31,118338692,1186;1156;1273;1510,2026-09-28T06:57:17Z,src_20260928_fts_plan-1186-p1;src_20260928_fts_plan-1156-p1;src_20260928_fts_plan-1156-p2;src_20260928_fts_plan-1273-p1;src_20260928_fts_plan-1273-p2;src_20260928_fts_plan-1510-p1;src_20260928_fts_plan-1510-p2;src_20260928_fts_locations;src_20260928_fts_organizations
DEU,2024-03-01,2025-02-28,119331650,1186;1156;1273;1510,2026-09-28T06:57:17Z,src_20260928_fts_plan-1186-p1;src_20260928_fts_plan-1156-p1;src_20260928_fts_plan-1156-p2;src_20260928_fts_plan-1273-p1;src_20260928_fts_plan-1273-p2;src_20260928_fts_plan-1510-p1;src_20260928_fts_plan-1510-p2;src_20260928_fts_locations;src_20260928_fts_organizations
DEU,2024-04-01,2025-03-31,112850099,1186;1156;1273;1510,2026-09-28T06:57:17Z,src_20260928_fts_plan-1186-p1;src_20260928_fts_plan-1156-p1;src_20260928_fts_plan-1156-p2;src_20260928_fts_plan-1273-p1;src_20260928_fts_plan-1273-p2;src_20260928_fts_plan-1510-p1;src_20260928_fts_plan-1510-p2;src_20260928_fts_locations;src_20260928_fts_organizations
DEU,2024-05-01,2025-04-30,114948735,1186;1156;1273;1510,2026-09-28T06:57:17Z,src_20260928_fts_plan-1186-p1;src_20260928_fts_plan-1156-p1;src_20260928_fts_plan-1156-p2;src_20260928_fts_plan-1273-p1;src_20260928_fts_plan-1273-p2;src_20260928_fts_plan-1510-p1;src_20260928_fts_plan-1510-p2;src_20260928_fts_locations;src_20260928_fts_organizations
DEU,2024-06-01,2025-05-31,119969609,1186;1156;1273;1510,2026-09-28T06:57:17Z,src_20260928_fts_plan-1186-p1;src_20260928_fts_plan-1156-p1;src_20260928_fts_plan-1156-p2;src_20260928_fts_plan-1273-p1;src_20260928_fts_plan-1273-p2;src_20260928_fts_plan-1510-p1;src_20260928_fts_plan-1510-p2;src_20260928_fts_locations;src_20260928_fts_organizations
DEU,2024-07-01,2025-06-30,117128547,1186;1156;1273;1510,2026-09-28T06:57:17Z,src_20260928_fts_plan-1186-p1;src_20260928_fts_plan-1156-p1;src_20260928_fts_plan-1156-p2;src_20260928_fts_plan-1273-p1;src_20260928_fts_plan-1273-p2;src_20260928_fts_plan-1510-p1;src_20260928_fts_plan-1510-p2;src_20260928_fts_locations;src_20260928_fts_organizations
DEU,2024-08-01,2025-07-31,117128547,1186;1156;1273;1510,2026-09-28T06:57:17Z,src_20260928_fts_plan-1186-p1;src_20260928_fts_plan-1156-p1;src_20260928_fts_plan-1156-p2;src_20260928_fts_plan-1273-p1;src_20260928_fts_plan-1273-p2;src_20260928_fts_plan-1510-p1;src_20260928_fts_plan-1510-p2;src_20260928_fts_locations;src_20260928_fts_organizations
DEU,2024-09-01,2025-08-31,117128547,1186;1156;1273;1510,2026-09-28T06:57:17Z,src_20260928_fts_plan-1186-p1;src_20260928_fts_plan-1156-p1;src_20260928_fts_plan-1156-p2;src_20260928_fts_plan-1273-p1;src_20260928_fts_plan-1273-p2;src_20260928_fts_plan-1510-p1;src_20260928_fts_plan-1510-p2;src_20260928_fts_locations;src_20260928_fts_organizations
DEU,2024-10-01,2025-09-30,117128547,1186;1156;1273;1510,2026-09-28T06:57:17Z,src_20260928_fts_plan-1186-p1;src_20260928_fts_plan-1156-p1;src_20260928_fts_plan-1156-p2;src_20260928_fts_plan-1273-p1;src_20260928_fts_plan-1273-p2;src_20260928_fts_plan-1510-p1;src_20260928_fts_plan-1510-p2;src_20260928_fts_locations;src_20260928_fts_organizations
DEU,2024-11-01,2025-10-31,117300378,1186;1156;1273;1510,2026-09-28T06:57:17Z,src_20260928_fts_plan-1186-p1;src_20260928_fts_plan-1156-p1;src_20260928_fts_plan-1156-p2;src_20260928_fts_plan-1273-p1;src_20260928_fts_plan-1273-p2;src_20260928_fts_plan-1510-p1;src_20260928_fts_plan-1510-p2;src_20260928_fts_locations;src_20260928_fts_organizations
DEU,2024-12-01,2025-11-30,117397602,1186;1156;1273;1510,2026-09-28T06:57:17Z,src_20260928_fts_plan-1186-p1;src_20260928_fts_plan-1156-p1;src_20260928_fts_plan-1156-p2;src_20260928_fts_plan-1273-p1;src_20260928_fts_plan-1273-p2;src_20260928_fts_plan-1510-p1;src_20260928_fts_plan-1510-p2;src_20260928_fts_locations;src_20260928_fts_organizations
DEU,2025-01-01,2025-12-31,51872690,1186;1156;1273;1510,2026-09-28T06:57:17Z,src_20260928_fts_plan-1186-p1;src_20260928_fts_plan-1156-p1;src_20260928_fts_plan-1156-p2;src_20260928_fts_plan-1273-p1;src_20260928_fts_plan-1273-p2;src_20260928_fts_plan-1510-p1;src_20260928_fts_plan-1510-p2;src_20260928_fts_locations;src_20260928_fts_organizations
DEU,2025-02-01,2026-01-31,94483827,1186;1156;1273;1510,2026-09-28T06:57:17Z,src_20260928_fts_plan-1186-p1;src_20260928_fts_plan-1156-p1;src_20260928_fts_plan-1156-p2;src_20260928_fts_plan-1273-p1;src_20260928_fts_plan-1273-p2;src_20260928_fts_plan-1510-p1;src_20260928_fts_plan-1510-p2;src_20260928_fts_locations;src_20260928_fts_organizations
DEU,2025-03-01,2026-02-28,105509416,1186;1156;1273;1510,2026-09-28T06:57:17Z,src_20260928_fts_plan-1186-p1;src_20260928_fts_plan-1156-p1;src_20260928_fts_plan-1156-p2;src_20260928_fts_plan-1273-p1;src_20260928_fts_plan-1273-p2;src_20260928_fts_plan-1510-p1;src_20260928_fts_plan-1510-p2;src_20260928_fts_locations;src_20260928_fts_organizations
DEU,2025-04-01,2026-03-31,123328673,1186;1156;1273;1510,2026-09-28T06:57:17Z,src_20260928_fts_plan-1186-p1;src_20260928_fts_plan-1156-p1;src_20260928_fts_plan-1156-p2;src_20260928_fts_plan-1273-p1;src_20260928_fts_plan-1273-p2;src_20260928_fts_plan-1510-p1;src_20260928_fts_plan-1510-p2;src_20260928_fts_locations;src_20260928_fts_organizations
DEU,2025-05-01,2026-04-30,128723148,1186;1156;1273;1510,2026-09-28T06:57:17Z,src_20260928_fts_plan-1186-p1;src_20260928_fts_plan-1156-p1;src_20260928_fts_plan-1156-p2;src_20260928_fts_plan-1273-p1;src_20260928_fts_plan-1273-p2;src_20260928_fts_plan-1510-p1;src_20260928_fts_plan-1510-p2;src_20260928_fts_locations;src_20260928_fts_organizations
DEU,2025-06-01,2026-05-31,93519463,1186;1156;1273;1510,2026-09-28T06:57:17Z,src_20260928_fts_plan-1186-p1;src_20260928_fts_plan-1156-p1;src_20260928_fts_plan-1156-p2;src_20260928_fts_plan-1273-p1;src_20260928_fts_plan-1273-p2;src_20260928_fts_plan-1510-p1;src_20260928_fts_plan-1510-p2;src_20260928_fts_locations;src_20260928_fts_organizations
DEU,2025-07-01,2026-06-30,105066282,1186;1156;1273;1510,2026-09-28T06:57:17Z,src_20260928_fts_plan-1186-p1;src_20260928_fts_plan-1156-p1;src_20260928_fts_plan-1156-p2;src_20260928_fts_plan-1273-p1;src_20260928_fts_plan-1273-p2;src_20260928_fts_plan-1510-p1;src_20260928_fts_plan-1510-p2;src_20260928_fts_locations;src_20260928_fts_organizations
DEU,2025-08-01,2026-07-31,105066282,1186;1156;1273;1510,2026-09-28T06:57:17Z,src_20260928_fts_plan-1186-p1;src_20260928_fts_plan-1156-p1;src_20260928_fts_plan-1156-p2;src_20260928_fts_plan-1273-p1;src_20260928_fts_plan-1273-p2;src_20260928_fts_plan-1510-p1;src_20260928_fts_plan-1510-p2;src_20260928_fts_locations;src_20260928_fts_organizations
DEU,2025-09-01,2026-08-31,105066282,1186;1156;1273;1510,2026-09-28T06:57:17Z,src_20260928_fts_plan-1186-p1;src_20260928_fts_plan-1156-p1;src_20260928_fts_plan-1156-p2;src_20260928_fts_plan-1273-p1;src_20260928_fts_plan-1273-p2;src_20260928_fts_plan-1510-p1;src_20260928_fts_plan-1510-p2;src_20260928_fts_locations;src_20260928_fts_organizations
DNK,2022-10-01,2023-09-30,1715095,1186;1156;1273;1510,2026-09-28T06:57:17Z,src_20260928_fts_plan-1186-p1;src_20260928_fts_plan-1156-p1;src_20260928_fts_plan-1156-p2;src_20260928_fts_plan-1273-p1;src_20260928_fts_plan-1273-p2;src_20260928_fts_plan-1510-p1;src_20260928_fts_plan-1510-p2;src_20260928_fts_locations
DNK,2022-11-01,2023-10-31,2540786,1186;1156;1273;1510,2026-09-28T06:57:17Z,src_20260928_fts_plan-1186-p1;src_20260928_fts_plan-1156-p1;src_20260928_fts_plan-1156-p2;src_20260928_fts_plan-1273-p1;src_20260928_fts_plan-1273-p2;src_20260928_fts_plan-1510-p1;src_20260928_fts_plan-1510-p2;src_20260928_fts_locations
DNK,2022-12-01,2023-11-30,8685621,1186;1156;1273;1510,2026-09-28T06:57:17Z,src_20260928_fts_plan-1186-p1;src_20260928_fts_plan-1156-p1;src_20260928_fts_plan-1156-p2;src_20260928_fts_plan-1273-p1;src_20260928_fts_plan-1273-p2;src_20260928_fts_plan-1510-p1;src_20260928_fts_plan-1510-p2;src_20260928_fts_locations
DNK,2023-01-01,2023-12-31,22517431,1186;1156;1273;1510,2026-09-28T06:57:17Z,src_20260928_fts_plan-1186-p1;src_20260928_fts_plan-1156-p1;src_20260928_fts_plan-1156-p2;src_20260928_fts_plan-1273-p1;src_20260928_fts_plan-1273-p2;src_20260928_fts_plan-1510-p1;src_20260928_fts_plan-1510-p2;src_20260928_fts_locations
DNK,2023-02-01,2024-01-31,21493899,1186;1156;1273;1510,2026-09-28T06:57:17Z,src_20260928_fts_plan-1186-p1;src_20260928_fts_plan-1156-p1;src_20260928_fts_plan-1156-p2;src_20260928_fts_plan-1273-p1;src_20260928_fts_plan-1273-p2;src_20260928_fts_plan-1510-p1;src_20260928_fts_plan-1510-p2;src_20260928_fts_locations
DNK,2023-03-01,2024-02-29,20802336,1186;1156;1273;1510,2026-09-28T06:57:17Z,src_20260928_fts_plan-1186-p1;src_20260928_fts_plan-1156-p1;src_20260928_fts_plan-1156-p2;src_20260928_fts_plan-1273-p1;src_20260928_fts_plan-1273-p2;src_20260928_fts_plan-1510-p1;src_20260928_fts_plan-1510-p2;src_20260928_fts_locations
DNK,2023-04-01,2024-03-31,20802336,1186;1156;1273;1510,2026-09-28T06:57:17Z,src_20260928_fts_plan-1186-p1;src_20260928_fts_plan-1156-p1;src_20260928_fts_plan-1156-p2;src_20260928_fts_plan-1273-p1;src_20260928_fts_plan-1273-p2;src_20260928_fts_plan-1510-p1;src_20260928_fts_plan-1510-p2;src_20260928_fts_locations
DNK,2023-05-01,2024-04-30,20802336,1186;1156;1273;1510,2026-09-28T06:57:17Z,src_20260928_fts_plan-1186-p1;src_20260928_fts_plan-1156-p1;src_20260928_fts_plan-1156-p2;src_20260928_fts_plan-1273-p1;src_20260928_fts_plan-1273-p2;src_20260928_fts_plan-1510-p1;src_20260928_fts_plan-1510-p2;src_20260928_fts_locations
DNK,2023-06-01,2024-05-31,25251210,1186;1156;1273;1510,2026-09-28T06:57:17Z,src_20260928_fts_plan-1186-p1;src_20260928_fts_plan-1156-p1;src_20260928_fts_plan-1156-p2;src_20260928_fts_plan-1273-p1;src_20260928_fts_plan-1273-p2;src_20260928_fts_plan-1510-p1;src_20260928_fts_plan-1510-p2;src_20260928_fts_locations
DNK,2023-07-01,2024-06-30,32466147,1186;1156;1273;1510,2026-09-28T06:57:17Z,src_20260928_fts_plan-1186-p1;src_20260928_fts_plan-1156-p1;src_20260928_fts_plan-1156-p2;src_20260928_fts_plan-1273-p1;src_20260928_fts_plan-1273-p2;src_20260928_fts_plan-1510-p1;src_20260928_fts_plan-1510-p2;src_20260928_fts_locations
DNK,2023-08-01,2024-07-31,37008724,1186;1156;1273;1510,2026-09-28T06:57:17Z,src_20260928_fts_plan-1186-p1;src_20260928_fts_plan-1156-p1;src_20260928_fts_plan-1156-p2;src_20260928_fts_plan-1273-p1;src_20260928_fts_plan-1273-p2;src_20260928_fts_plan-1510-p1;src_20260928_fts_plan-1510-p2;src_20260928_fts_locations
DNK,2023-09-01,2024-08-31,37008724,1186;1156;1273;1510,2026-09-28T06:57:17Z,src_20260928_fts_plan-1186-p1;src_20260928_fts_plan-1156-p1;src_20260928_fts_plan-1156-p2;src_20260928_fts_plan-1273-p1;src_20260928_fts_plan-1273-p2;src_20260928_fts_plan-1510-p1;src_20260928_fts_plan-1510-p2;src_20260928_fts_locations
DNK,2023-10-01,2024-09-30,39945150,1186;1156;1273;1510,2026-09-28T06:57:17Z,src_20260928_fts_plan-1186-p1;src_20260928_fts_plan-1156-p1;src_20260928_fts_plan-1156-p2;src_20260928_fts_plan-1273-p1;src_20260928_fts_plan-1273-p2;src_20260928_fts_plan-1510-p1;src_20260928_fts_plan-1510-p2;src_20260928_fts_locations
DNK,2023-11-01,2024-10-31,48079718,1186;1156;1273;1510,2026-09-28T06:57:17Z,src_20260928_fts_plan-1186-p1;src_20260928_fts_plan-1156-p1;src_20260928_fts_plan-1156-p2;src_20260928_fts_plan-1273-p1;src_20260928_fts_plan-1273-p2;src_20260928_fts_plan-1510-p1;src_20260928_fts_plan-1510-p2;src_20260928_fts_locations
DNK,2023-12-01,2024-11-30,41934883,1186;1156;1273;1510,2026-09-28T06:57:17Z,src_20260928_fts_plan-1186-p1;src_20260928_fts_plan-1156-p1;src_20260928_fts_plan-1156-p2;src_20260928_fts_plan-1273-p1;src_20260928_fts_plan-1273-p2;src_20260928_fts_plan-1510-p1;src_20260928_fts_plan-1510-p2;src_20260928_fts_locations
DNK,2024-01-01,2024-12-31,29517900,1186;1156;1273;1510,2026-09-28T06:57:17Z,src_20260928_fts_plan-1186-p1;src_20260928_fts_plan-1156-p1;src_20260928_fts_plan-1156-p2;src_20260928_fts_plan-1273-p1;src_20260928_fts_plan-1273-p2;src_20260928_fts_plan-1510-p1;src_20260928_fts_plan-1510-p2;src_20260928_fts_locations
DNK,2024-02-01,2025-01-31,32311977,1186;1156;1273;1510,2026-09-28T06:57:17Z,src_20260928_fts_plan-1186-p1;src_20260928_fts_plan-1156-p1;src_20260928_fts_plan-1156-p2;src_20260928_fts_plan-1273-p1;src_20260928_fts_plan-1273-p2;src_20260928_fts_plan-1510-p1;src_20260928_fts_plan-1510-p2;src_20260928_fts_locations
DNK,2024-03-01,2025-02-28,36669242,1186;1156;1273;1510,2026-09-28T06:57:17Z,src_20260928_fts_plan-1186-p1;src_20260928_fts_plan-1156-p1;src_20260928_fts_plan-1156-p2;src_20260928_fts_plan-1273-p1;src_20260928_fts_plan-1273-p2;src_20260928_fts_plan-1510-p1;src_20260928_fts_plan-1510-p2;src_20260928_fts_locations
DNK,2024-04-01,2025-03-31,36669242,1186;1156;1273;1510,2026-09-28T06:57:17Z,src_20260928_fts_plan-1186-p1;src_20260928_fts_plan-1156-p1;src_20260928_fts_plan-1156-p2;src_20260928_fts_plan-1273-p1;src_20260928_fts_plan-1273-p2;src_20260928_fts_plan-1510-p1;src_20260928_fts_plan-1510-p2;src_20260928_fts_locations
DNK,2024-05-01,2025-04-30,36669242,1186;1156;1273;1510,2026-09-28T06:57:17Z,src_20260928_fts_plan-1186-p1;src_20260928_fts_plan-1156-p1;src_20260928_fts_plan-1156-p2;src_20260928_fts_plan-1273-p1;src_20260928_fts_plan-1273-p2;src_20260928_fts_plan-1510-p1;src_20260928_fts_plan-1510-p2;src_20260928_fts_locations
DNK,2024-06-01,2025-05-31,36597375,1186;1156;1273;1510,2026-09-28T06:57:17Z,src_20260928_fts_plan-1186-p1;src_20260928_fts_plan-1156-p1;src_20260928_fts_plan-1156-p2;src_20260928_fts_plan-1273-p1;src_20260928_fts_plan-1273-p2;src_20260928_fts_plan-1510-p1;src_20260928_fts_plan-1510-p2;src_20260928_fts_locations
DNK,2024-07-01,2025-06-30,29382438,1186;1156;1273;1510,2026-09-28T06:57:17Z,src_20260928_fts_plan-1186-p1;src_20260928_fts_plan-1156-p1;src_20260928_fts_plan-1156-p2;src_20260928_fts_plan-1273-p1;src_20260928_fts_plan-1273-p2;src_20260928_fts_plan-1510-p1;src_20260928_fts_plan-1510-p2;src_20260928_fts_locations
DNK,2024-08-01,2025-07-31,24839861,1186;1156;1273;1510,2026-09-28T06:57:17Z,src_20260928_fts_plan-1186-p1;src_20260928_fts_plan-1156-p1;src_20260928_fts_plan-1156-p2;src_20260928_fts_plan-1273-p1;src_20260928_fts_plan-1273-p2;src_20260928_fts_plan-1510-p1;src_20260928_fts_plan-1510-p2;src_20260928_fts_locations
DNK,2024-09-01,2025-08-31,24839861,1186;1156;1273;1510,2026-09-28T06:57:17Z,src_20260928_fts_plan-1186-p1;src_20260928_fts_plan-1156-p1;src_20260928_fts_plan-1156-p2;src_20260928_fts_plan-1273-p1;src_20260928_fts_plan-1273-p2;src_20260928_fts_plan-1510-p1;src_20260928_fts_plan-1510-p2;src_20260928_fts_locations
DNK,2024-10-01,2025-09-30,25370841,1186;1156;1273;1510,2026-09-28T06:57:17Z,src_20260928_fts_plan-1186-p1;src_20260928_fts_plan-1156-p1;src_20260928_fts_plan-1156-p2;src_20260928_fts_plan-1273-p1;src_20260928_fts_plan-1273-p2;src_20260928_fts_plan-1510-p1;src_20260928_fts_plan-1510-p2;src_20260928_fts_locations
DNK,2024-11-01,2025-10-31,16410582,1186;1156;1273;1510,2026-09-28T06:57:17Z,src_20260928_fts_plan-1186-p1;src_20260928_fts_plan-1156-p1;src_20260928_fts_plan-1156-p2;src_20260928_fts_plan-1273-p1;src_20260928_fts_plan-1273-p2;src_20260928_fts_plan-1510-p1;src_20260928_fts_plan-1510-p2;src_20260928_fts_locations
DNK,2024-12-01,2025-11-30,16410582,1186;1156;1273;1510,2026-09-28T06:57:17Z,src_20260928_fts_plan-1186-p1;src_20260928_fts_plan-1156-p1;src_20260928_fts_plan-1156-p2;src_20260928_fts_plan-1273-p1;src_20260928_fts_plan-1273-p2;src_20260928_fts_plan-1510-p1;src_20260928_fts_plan-1510-p2;src_20260928_fts_locations
DNK,2025-01-01,2025-12-31,14995755,1186;1156;1273;1510,2026-09-28T06:57:17Z,src_20260928_fts_plan-1186-p1;src_20260928_fts_plan-1156-p1;src_20260928_fts_plan-1156-p2;src_20260928_fts_plan-1273-p1;src_20260928_fts_plan-1273-p2;src_20260928_fts_plan-1510-p1;src_20260928_fts_plan-1510-p2;src_20260928_fts_locations
DNK,2025-02-01,2026-01-31,23163986,1186;1156;1273;1510,2026-09-28T06:57:17Z,src_20260928_fts_plan-1186-p1;src_20260928_fts_plan-1156-p1;src_20260928_fts_plan-1156-p2;src_20260928_fts_plan-1273-p1;src_20260928_fts_plan-1273-p2;src_20260928_fts_plan-1510-p1;src_20260928_fts_plan-1510-p2;src_20260928_fts_locations
DNK,2025-03-01,2026-02-28,18806721,1186;1156;1273;1510,2026-09-28T06:57:17Z,src_20260928_fts_plan-1186-p1;src_20260928_fts_plan-1156-p1;src_20260928_fts_plan-1156-p2;src_20260928_fts_plan-1273-p1;src_20260928_fts_plan-1273-p2;src_20260928_fts_plan-1510-p1;src_20260928_fts_plan-1510-p2;src_20260928_fts_locations
DNK,2025-04-01,2026-03-31,19775730,1186;1156;1273;1510,2026-09-28T06:57:17Z,src_20260928_fts_plan-1186-p1;src_20260928_fts_plan-1156-p1;src_20260928_fts_plan-1156-p2;src_20260928_fts_plan-1273-p1;src_20260928_fts_plan-1273-p2;src_20260928_fts_plan-1510-p1;src_20260928_fts_plan-1510-p2;src_20260928_fts_locations
DNK,2025-05-01,2026-04-30,22786102,1186;1156;1273;1510,2026-09-28T06:57:17Z,src_20260928_fts_plan-1186-p1;src_20260928_fts_plan-1156-p1;src_20260928_fts_plan-1156-p2;src_20260928_fts_plan-1273-p1;src_20260928_fts_plan-1273-p2;src_20260928_fts_plan-1510-p1;src_20260928_fts_plan-1510-p2;src_20260928_fts_locations
DNK,2025-06-01,2026-05-31,21542418,1186;1156;1273;1510,2026-09-28T06:57:17Z,src_20260928_fts_plan-1186-p1;src_20260928_fts_plan-1156-p1;src_20260928_fts_plan-1156-p2;src_20260928_fts_plan-1273-p1;src_20260928_fts_plan-1273-p2;src_20260928_fts_plan-1510-p1;src_20260928_fts_plan-1510-p2;src_20260928_fts_locations
DNK,2025-07-01,2026-06-30,32335305,1186;1156;1273;1510,2026-09-28T06:57:17Z,src_20260928_fts_plan-1186-p1;src_20260928_fts_plan-1156-p1;src_20260928_fts_plan-1156-p2;src_20260928_fts_plan-1273-p1;src_20260928_fts_plan-1273-p2;src_20260928_fts_plan-1510-p1;src_20260928_fts_plan-1510-p2;src_20260928_fts_locations
DNK,2025-08-01,2026-07-31,32335305,1186;1156;1273;1510,2026-09-28T06:57:17Z,src_20260928_fts_plan-1186-p1;src_20260928_fts_plan-1156-p1;src_20260928_fts_plan-1156-p2;src_20260928_fts_plan-1273-p1;src_20260928_fts_plan-1273-p2;src_20260928_fts_plan-1510-p1;src_20260928_fts_plan-1510-p2;src_20260928_fts_locations
DNK,2025-09-01,2026-08-31,35392474,1186;1156;1273;1510,2026-09-28T06:57:17Z,src_20260928_fts_plan-1186-p1;src_20260928_fts_plan-1156-p1;src_20260928_fts_plan-1156-p2;src_20260928_fts_plan-1273-p1;src_20260928_fts_plan-1273-p2;src_20260928_fts_plan-1510-p1;src_20260928_fts_plan-1510-p2;src_20260928_fts_locations
DZA,2022-10-01,2023-09-30,0,1186;1156;1273;1510,2026-09-28T06:57:17Z,src_20260928_fts_plan-1186-p1;src_20260928_fts_plan-1156-p1;src_20260928_fts_plan-1156-p2;src_20260928_fts_plan-1273-p1;src_20260928_fts_plan-1273-p2;src_20260928_fts_plan-1510-p1;src_20260928_fts_plan-1510-p2;src_20260928_fts_locations
DZA,2022-11-01,2023-10-31,0,1186;1156;1273;1510,2026-09-28T06:57:17Z,src_20260928_fts_plan-1186-p1;src_20260928_fts_plan-1156-p1;src_20260928_fts_plan-1156-p2;src_20260928_fts_plan-1273-p1;src_20260928_fts_plan-1273-p2;src_20260928_fts_plan-1510-p1;src_20260928_fts_plan-1510-p2;src_20260928_fts_locations
DZA,2022-12-01,2023-11-30,0,1186;1156;1273;1510,2026-09-28T06:57:17Z,src_20260928_fts_plan-1186-p1;src_20260928_fts_plan-1156-p1;src_20260928_fts_plan-1156-p2;src_20260928_fts_plan-1273-p1;src_20260928_fts_plan-1273-p2;src_20260928_fts_plan-1510-p1;src_20260928_fts_plan-1510-p2;src_20260928_fts_locations
DZA,2023-01-01,2023-12-31,0,1186;1156;1273;1510,2026-09-28T06:57:17Z,src_20260928_fts_plan-1186-p1;src_20260928_fts_plan-1156-p1;src_20260928_fts_plan-1156-p2;src_20260928_fts_plan-1273-p1;src_20260928_fts_plan-1273-p2;src_20260928_fts_plan-1510-p1;src_20260928_fts_plan-1510-p2;src_20260928_fts_locations
DZA,2023-02-01,2024-01-31,0,1186;1156;1273;1510,2026-09-28T06:57:17Z,src_20260928_fts_plan-1186-p1;src_20260928_fts_plan-1156-p1;src_20260928_fts_plan-1156-p2;src_20260928_fts_plan-1273-p1;src_20260928_fts_plan-1273-p2;src_20260928_fts_plan-1510-p1;src_20260928_fts_plan-1510-p2;src_20260928_fts_locations
DZA,2023-03-01,2024-02-29,0,1186;1156;1273;1510,2026-09-28T06:57:17Z,src_20260928_fts_plan-1186-p1;src_20260928_fts_plan-1156-p1;src_20260928_fts_plan-1156-p2;src_20260928_fts_plan-1273-p1;src_20260928_fts_plan-1273-p2;src_20260928_fts_plan-1510-p1;src_20260928_fts_plan-1510-p2;src_20260928_fts_locations
DZA,2023-04-01,2024-03-31,0,1186;1156;1273;1510,2026-09-28T06:57:17Z,src_20260928_fts_plan-1186-p1;src_20260928_fts_plan-1156-p1;src_20260928_fts_plan-1156-p2;src_20260928_fts_plan-1273-p1;src_20260928_fts_plan-1273-p2;src_20260928_fts_plan-1510-p1;src_20260928_fts_plan-1510-p2;src_20260928_fts_locations
DZA,2023-05-01,2024-04-30,0,1186;1156;1273;1510,2026-09-28T06:57:17Z,src_20260928_fts_plan-1186-p1;src_20260928_fts_plan-1156-p1;src_20260928_fts_plan-1156-p2;src_20260928_fts_plan-1273-p1;src_20260928_fts_plan-1273-p2;src_20260928_fts_plan-1510-p1;src_20260928_fts_plan-1510-p2;src_20260928_fts_locations
DZA,2023-06-01,2024-05-31,0,1186;1156;1273;1510,2026-09-28T06:57:17Z,src_20260928_fts_plan-1186-p1;src_20260928_fts_plan-1156-p1;src_20260928_fts_plan-1156-p2;src_20260928_fts_plan-1273-p1;src_20260928_fts_plan-1273-p2;src_20260928_fts_plan-1510-p1;src_20260928_fts_plan-1510-p2;src_20260928_fts_locations
DZA,2023-07-01,2024-06-30,0,1186;1156;1273;1510,2026-09-28T06:57:17Z,src_20260928_fts_plan-1186-p1;src_20260928_fts_plan-1156-p1;src_20260928_fts_plan-1156-p2;src_20260928_fts_plan-1273-p1;src_20260928_fts_plan-1273-p2;src_20260928_fts_plan-1510-p1;src_20260928_fts_plan-1510-p2;src_20260928_fts_locations
DZA,2023-08-01,2024-07-31,0,1186;1156;1273;1510,2026-09-28T06:57:17Z,src_20260928_fts_plan-1186-p1;src_20260928_fts_plan-1156-p1;src_20260928_fts_plan-1156-p2;src_20260928_fts_plan-1273-p1;src_20260928_fts_plan-1273-p2;src_20260928_fts_plan-1510-p1;src_20260928_fts_plan-1510-p2;src_20260928_fts_locations
DZA,2023-09-01,2024-08-31,0,1186;1156;1273;1510,2026-09-28T06:57:17Z,src_20260928_fts_plan-1186-p1;src_20260928_fts_plan-1156-p1;src_20260928_fts_plan-1156-p2;src_20260928_fts_plan-1273-p1;src_20260928_fts_plan-1273-p2;src_20260928_fts_plan-1510-p1;src_20260928_fts_plan-1510-p2;src_20260928_fts_locations
DZA,2023-10-01,2024-09-30,0,1186;1156;1273;1510,2026-09-28T06:57:17Z,src_20260928_fts_plan-1186-p1;src_20260928_fts_plan-1156-p1;src_20260928_fts_plan-1156-p2;src_20260928_fts_plan-1273-p1;src_20260928_fts_plan-1273-p2;src_20260928_fts_plan-1510-p1;src_20260928_fts_plan-1510-p2;src_20260928_fts_locations
DZA,2023-11-01,2024-10-31,0,1186;1156;1273;1510,2026-09-28T06:57:17Z,src_20260928_fts_plan-1186-p1;src_20260928_fts_plan-1156-p1;src_20260928_fts_plan-1156-p2;src_20260928_fts_plan-1273-p1;src_20260928_fts_plan-1273-p2;src_20260928_fts_plan-1510-p1;src_20260928_fts_plan-1510-p2;src_20260928_fts_locations
DZA,2023-12-01,2024-11-30,0,1186;1156;1273;1510,2026-09-28T06:57:17Z,src_20260928_fts_plan-1186-p1;src_20260928_fts_plan-1156-p1;src_20260928_fts_plan-1156-p2;src_20260928_fts_plan-1273-p1;src_20260928_fts_plan-1273-p2;src_20260928_fts_plan-1510-p1;src_20260928_fts_plan-1510-p2;src_20260928_fts_locations
DZA,2024-01-01,2024-12-31,0,1186;1156;1273;1510,2026-09-28T06:57:17Z,src_20260928_fts_plan-1186-p1;src_20260928_fts_plan-1156-p1;src_20260928_fts_plan-1156-p2;src_20260928_fts_plan-1273-p1;src_20260928_fts_plan-1273-p2;src_20260928_fts_plan-1510-p1;src_20260928_fts_plan-1510-p2;src_20260928_fts_locations
DZA,2024-02-01,2025-01-31,0,1186;1156;1273;1510,2026-09-28T06:57:17Z,src_20260928_fts_plan-1186-p1;src_20260928_fts_plan-1156-p1;src_20260928_fts_plan-1156-p2;src_20260928_fts_plan-1273-p1;src_20260928_fts_plan-1273-p2;src_20260928_fts_plan-1510-p1;src_20260928_fts_plan-1510-p2;src_20260928_fts_locations
DZA,2024-03-01,2025-02-28,0,1186;1156;1273;1510,2026-09-28T06:57:17Z,src_20260928_fts_plan-1186-p1;src_20260928_fts_plan-1156-p1;src_20260928_fts_plan-1156-p2;src_20260928_fts_plan-1273-p1;src_20260928_fts_plan-1273-p2;src_20260928_fts_plan-1510-p1;src_20260928_fts_plan-1510-p2;src_20260928_fts_locations
DZA,2024-04-01,2025-03-31,0,1186;1156;1273;1510,2026-09-28T06:57:17Z,src_20260928_fts_plan-1186-p1;src_20260928_fts_plan-1156-p1;src_20260928_fts_plan-1156-p2;src_20260928_fts_plan-1273-p1;src_20260928_fts_plan-1273-p2;src_20260928_fts_plan-1510-p1;src_20260928_fts_plan-1510-p2;src_20260928_fts_locations
DZA,2024-05-01,2025-04-30,0,1186;1156;1273;1510,2026-09-28T06:57:17Z,src_20260928_fts_plan-1186-p1;src_20260928_fts_plan-1156-p1;src_20260928_fts_plan-1156-p2;src_20260928_fts_plan-1273-p1;src_20260928_fts_plan-1273-p2;src_20260928_fts_plan-1510-p1;src_20260928_fts_plan-1510-p2;src_20260928_fts_locations
DZA,2024-06-01,2025-05-31,5000001,1186;1156;1273;1510,2026-09-28T06:57:17Z,src_20260928_fts_plan-1186-p1;src_20260928_fts_plan-1156-p1;src_20260928_fts_plan-1156-p2;src_20260928_fts_plan-1273-p1;src_20260928_fts_plan-1273-p2;src_20260928_fts_plan-1510-p1;src_20260928_fts_plan-1510-p2;src_20260928_fts_locations
DZA,2024-07-01,2025-06-30,5000001,1186;1156;1273;1510,2026-09-28T06:57:17Z,src_20260928_fts_plan-1186-p1;src_20260928_fts_plan-1156-p1;src_20260928_fts_plan-1156-p2;src_20260928_fts_plan-1273-p1;src_20260928_fts_plan-1273-p2;src_20260928_fts_plan-1510-p1;src_20260928_fts_plan-1510-p2;src_20260928_fts_locations
DZA,2024-08-01,2025-07-31,5000001,1186;1156;1273;1510,2026-09-28T06:57:17Z,src_20260928_fts_plan-1186-p1;src_20260928_fts_plan-1156-p1;src_20260928_fts_plan-1156-p2;src_20260928_fts_plan-1273-p1;src_20260928_fts_plan-1273-p2;src_20260928_fts_plan-1510-p1;src_20260928_fts_plan-1510-p2;src_20260928_fts_locations
DZA,2024-09-01,2025-08-31,5000001,1186;1156;1273;1510,2026-09-28T06:57:17Z,src_20260928_fts_plan-1186-p1;src_20260928_fts_plan-1156-p1;src_20260928_fts_plan-1156-p2;src_20260928_fts_plan-1273-p1;src_20260928_fts_plan-1273-p2;src_20260928_fts_plan-1510-p1;src_20260928_fts_plan-1510-p2;src_20260928_fts_locations
DZA,2024-10-01,2025-09-30,5000001,1186;1156;1273;1510,2026-09-28T06:57:17Z,src_20260928_fts_plan-1186-p1;src_20260928_fts_plan-1156-p1;src_20260928_fts_plan-1156-p2;src_20260928_fts_plan-1273-p1;src_20260928_fts_plan-1273-p2;src_20260928_fts_plan-1510-p1;src_20260928_fts_plan-1510-p2;src_20260928_fts_locations
DZA,2024-11-01,2025-10-31,5000001,1186;1156;1273;1510,2026-09-28T06:57:17Z,src_20260928_fts_plan-1186-p1;src_20260928_fts_plan-1156-p1;src_20260928_fts_plan-1156-p2;src_20260928_fts_plan-1273-p1;src_20260928_fts_plan-1273-p2;src_20260928_fts_plan-1510-p1;src_20260928_fts_plan-1510-p2;src_20260928_fts_locations
DZA,2024-12-01,2025-11-30,5000001,1186;1156;1273;1510,2026-09-28T06:57:17Z,src_20260928_fts_plan-1186-p1;src_20260928_fts_plan-1156-p1;src_20260928_fts_plan-1156-p2;src_20260928_fts_plan-1273-p1;src_20260928_fts_plan-1273-p2;src_20260928_fts_plan-1510-p1;src_20260928_fts_plan-1510-p2;src_20260928_fts_locations
DZA,2025-01-01,2025-12-31,5000001,1186;1156;1273;1510,2026-09-28T06:57:17Z,src_20260928_fts_plan-1186-p1;src_20260928_fts_plan-1156-p1;src_20260928_fts_plan-1156-p2;src_20260928_fts_plan-1273-p1;src_20260928_fts_plan-1273-p2;src_20260928_fts_plan-1510-p1;src_20260928_fts_plan-1510-p2;src_20260928_fts_locations
DZA,2025-02-01,2026-01-31,5000001,1186;1156;1273;1510,2026-09-28T06:57:17Z,src_20260928_fts_plan-1186-p1;src_20260928_fts_plan-1156-p1;src_20260928_fts_plan-1156-p2;src_20260928_fts_plan-1273-p1;src_20260928_fts_plan-1273-p2;src_20260928_fts_plan-1510-p1;src_20260928_fts_plan-1510-p2;src_20260928_fts_locations
DZA,2025-03-01,2026-02-28,5000001,1186;1156;1273;1510,2026-09-28T06:57:17Z,src_20260928_fts_plan-1186-p1;src_20260928_fts_plan-1156-p1;src_20260928_fts_plan-1156-p2;src_20260928_fts_plan-1273-p1;src_20260928_fts_plan-1273-p2;src_20260928_fts_plan-1510-p1;src_20260928_fts_plan-1510-p2;src_20260928_fts_locations
DZA,2025-04-01,2026-03-31,5000001,1186;1156;1273;1510,2026-09-28T06:57:17Z,src_20260928_fts_plan-1186-p1;src_20260928_fts_plan-1156-p1;src_20260928_fts_plan-1156-p2;src_20260928_fts_plan-1273-p1;src_20260928_fts_plan-1273-p2;src_20260928_fts_plan-1510-p1;src_20260928_fts_plan-1510-p2;src_20260928_fts_locations
DZA,2025-05-01,2026-04-30,5000001,1186;1156;1273;1510,2026-09-28T06:57:17Z,src_20260928_fts_plan-1186-p1;src_20260928_fts_plan-1156-p1;src_20260928_fts_plan-1156-p2;src_20260928_fts_plan-1273-p1;src_20260928_fts_plan-1273-p2;src_20260928_fts_plan-1510-p1;src_20260928_fts_plan-1510-p2;src_20260928_fts_locations
DZA,2025-06-01,2026-05-31,0,1186;1156;1273;1510,2026-09-28T06:57:17Z,src_20260928_fts_plan-1186-p1;src_20260928_fts_plan-1156-p1;src_20260928_fts_plan-1156-p2;src_20260928_fts_plan-1273-p1;src_20260928_fts_plan-1273-p2;src_20260928_fts_plan-1510-p1;src_20260928_fts_plan-1510-p2;src_20260928_fts_locations
DZA,2025-07-01,2026-06-30,0,1186;1156;1273;1510,2026-09-28T06:57:17Z,src_20260928_fts_plan-1186-p1;src_20260928_fts_plan-1156-p1;src_20260928_fts_plan-1156-p2;src_20260928_fts_plan-1273-p1;src_20260928_fts_plan-1273-p2;src_20260928_fts_plan-1510-p1;src_20260928_fts_plan-1510-p2;src_20260928_fts_locations
DZA,2025-08-01,2026-07-31,0,1186;1156;1273;1510,2026-09-28T06:57:17Z,src_20260928_fts_plan-1186-p1;src_20260928_fts_plan-1156-p1;src_20260928_fts_plan-1156-p2;src_20260928_fts_plan-1273-p1;src_20260928_fts_plan-1273-p2;src_20260928_fts_plan-1510-p1;src_20260928_fts_plan-1510-p2;src_20260928_fts_locations
DZA,2025-09-01,2026-08-31,0,1186;1156;1273;1510,2026-09-28T06:57:17Z,src_20260928_fts_plan-1186-p1;src_20260928_fts_plan-1156-p1;src_20260928_fts_plan-1156-p2;src_20260928_fts_plan-1273-p1;src_20260928_fts_plan-1273-p2;src_20260928_fts_plan-1510-p1;src_20260928_fts_plan-1510-p2;src_20260928_fts_locations
ESP,2022-10-01,2023-09-30,1569230,1186;1156;1273;1510,2026-09-28T06:57:17Z,src_20260928_fts_plan-1186-p1;src_20260928_fts_plan-1156-p1;src_20260928_fts_plan-1156-p2;src_20260928_fts_plan-1273-p1;src_20260928_fts_plan-1273-p2;src_20260928_fts_plan-1510-p1;src_20260928_fts_plan-1510-p2;src_20260928_fts_locations
ESP,2022-11-01,2023-10-31,2737634,1186;1156;1273;1510,2026-09-28T06:57:17Z,src_20260928_fts_plan-1186-p1;src_20260928_fts_plan-1156-p1;src_20260928_fts_plan-1156-p2;src_20260928_fts_plan-1273-p1;src_20260928_fts_plan-1273-p2;src_20260928_fts_plan-1510-p1;src_20260928_fts_plan-1510-p2;src_20260928_fts_locations
ESP,2022-12-01,2023-11-30,6337702,1186;1156;1273;1510,2026-09-28T06:57:17Z,src_20260928_fts_plan-1186-p1;src_20260928_fts_plan-1156-p1;src_20260928_fts_plan-1156-p2;src_20260928_fts_plan-1273-p1;src_20260928_fts_plan-1273-p2;src_20260928_fts_plan-1510-p1;src_20260928_fts_plan-1510-p2;src_20260928_fts_locations
ESP,2023-01-01,2023-12-31,20008677,1186;1156;1273;1510,2026-09-28T06:57:17Z,src_20260928_fts_plan-1186-p1;src_20260928_fts_plan-1156-p1;src_20260928_fts_plan-1156-p2;src_20260928_fts_plan-1273-p1;src_20260928_fts_plan-1273-p2;src_20260928_fts_plan-1510-p1;src_20260928_fts_plan-1510-p2;src_20260928_fts_locations
ESP,2023-02-01,2024-01-31,20008677,1186;1156;1273;1510,2026-09-28T06:57:17Z,src_20260928_fts_plan-1186-p1;src_20260928_fts_plan-1156-p1;src_20260928_fts_plan-1156-p2;src_20260928_fts_plan-1273-p1;src_20260928_fts_plan-1273-p2;src_20260928_fts_plan-1510-p1;src_20260928_fts_plan-1510-p2;src_20260928_fts_locations
ESP,2023-03-01,2024-02-29,20008677,1186;1156;1273;1510,2026-09-28T06:57:17Z,src_20260928_fts_plan-1186-p1;src_20260928_fts_plan-1156-p1;src_20260928_fts_plan-1156-p2;src_20260928_fts_plan-1273-p1;src_20260928_fts_plan-1273-p2;src_20260928_fts_plan-1510-p1;src_20260928_fts_plan-1510-p2;src_20260928_fts_locations
ESP,2023-04-01,2024-03-31,23907574,1186;1156;1273;1510,2026-09-28T06:57:17Z,src_20260928_fts_plan-1186-p1;src_20260928_fts_plan-1156-p1;src_20260928_fts_plan-1156-p2;src_20260928_fts_plan-1273-p1;src_20260928_fts_plan-1273-p2;src_20260928_fts_plan-1510-p1;src_20260928_fts_plan-1510-p2;src_20260928_fts_locations
ESP,2023-05-01,2024-04-30,23922726,1186;1156;1273;1510,2026-09-28T06:57:17Z,src_20260928_fts_plan-1186-p1;src_20260928_fts_plan-1156-p1;src_20260928_fts_plan-1156-p2;src_20260928_fts_plan-1273-p1;src_20260928_fts_plan-1273-p2;src_20260928_fts_plan-1510-p1;src_20260928_fts_plan-1510-p2;src_20260928_fts_locations
ESP,2023-06-01,2024-05-31,23922726,1186;1156;1273;1510,2026-09-28T06:57:17Z,src_20260928_fts_plan-1186-p1;src_20260928_fts_plan-1156-p1;src_20260928_fts_plan-1156-p2;src_20260928_fts_plan-1273-p1;src_20260928_fts_plan-1273-p2;src_20260928_fts_plan-1510-p1;src_20260928_fts_plan-1510-p2;src_20260928_fts_locations
ESP,2023-07-01,2024-06-30,23976897,1186;1156;1273;1510,2026-09-28T06:57:17Z,src_20260928_fts_plan-1186-p1;src_20260928_fts_plan-1156-p1;src_20260928_fts_plan-1156-p2;src_20260928_fts_plan-1273-p1;src_20260928_fts_plan-1273-p2;src_20260928_fts_plan-1510-p1;src_20260928_fts_plan-1510-p2;src_20260928_fts_locations
ESP,2023-08-01,2024-07-31,24194762,1186;1156;1273;1510,2026-09-28T06:57:17Z,src_20260928_fts_plan-1186-p1;src_20260928_fts_plan-1156-p1;src_20260928_fts_plan-1156-p2;src_20260928_fts_plan-1273-p1;src_20260928_fts_plan-1273-p2;src_20260928_fts_plan-1510-p1;src_20260928_fts_plan-1510-p2;src_20260928_fts_locations
ESP,2023-09-01,2024-08-31,25712476,1186;1156;1273;1510,2026-09-28T06:57:17Z,src_20260928_fts_plan-1186-p1;src_20260928_fts_plan-1156-p1;src_20260928_fts_plan-1156-p2;src_20260928_fts_plan-1273-p1;src_20260928_fts_plan-1273-p2;src_20260928_fts_plan-1510-p1;src_20260928_fts_plan-1510-p2;src_20260928_fts_locations
ESP,2023-10-01,2024-09-30,25938967,1186;1156;1273;1510,2026-09-28T06:57:17Z,src_20260928_fts_plan-1186-p1;src_20260928_fts_plan-1156-p1;src_20260928_fts_plan-1156-p2;src_20260928_fts_plan-1273-p1;src_20260928_fts_plan-1273-p2;src_20260928_fts_plan-1510-p1;src_20260928_fts_plan-1510-p2;src_20260928_fts_locations
ESP,2023-11-01,2024-10-31,25964690,1186;1156;1273;1510,2026-09-28T06:57:17Z,src_20260928_fts_plan-1186-p1;src_20260928_fts_plan-1156-p1;src_20260928_fts_plan-1156-p2;src_20260928_fts_plan-1273-p1;src_20260928_fts_plan-1273-p2;src_20260928_fts_plan-1510-p1;src_20260928_fts_plan-1510-p2;src_20260928_fts_locations
ESP,2023-12-01,2024-11-30,22364622,1186;1156;1273;1510,2026-09-28T06:57:17Z,src_20260928_fts_plan-1186-p1;src_20260928_fts_plan-1156-p1;src_20260928_fts_plan-1156-p2;src_20260928_fts_plan-1273-p1;src_20260928_fts_plan-1273-p2;src_20260928_fts_plan-1510-p1;src_20260928_fts_plan-1510-p2;src_20260928_fts_locations
ESP,2024-01-01,2024-12-31,8693647,1186;1156;1273;1510,2026-09-28T06:57:17Z,src_20260928_fts_plan-1186-p1;src_20260928_fts_plan-1156-p1;src_20260928_fts_plan-1156-p2;src_20260928_fts_plan-1273-p1;src_20260928_fts_plan-1273-p2;src_20260928_fts_plan-1510-p1;src_20260928_fts_plan-1510-p2;src_20260928_fts_locations
ESP,2024-02-01,2025-01-31,8828714,1186;1156;1273;1510,2026-09-28T06:57:17Z,src_20260928_fts_plan-1186-p1;src_20260928_fts_plan-1156-p1;src_20260928_fts_plan-1156-p2;src_20260928_fts_plan-1273-p1;src_20260928_fts_plan-1273-p2;src_20260928_fts_plan-1510-p1;src_20260928_fts_plan-1510-p2;src_20260928_fts_locations
ESP,2024-03-01,2025-02-28,8909620,1186;1156;1273;1510,2026-09-28T06:57:17Z,src_20260928_fts_plan-1186-p1;src_20260928_fts_plan-1156-p1;src_20260928_fts_plan-1156-p2;src_20260928_fts_plan-1273-p1;src_20260928_fts_plan-1273-p2;src_20260928_fts_plan-1510-p1;src_20260928_fts_plan-1510-p2;src_20260928_fts_locations
ESP,2024-04-01,2025-03-31,5119778,1186;1156;1273;1510,2026-09-28T06:57:17Z,src_20260928_fts_plan-1186-p1;src_20260928_fts_plan-1156-p1;src_20260928_fts_plan-1156-p2;src_20260928_fts_plan-1273-p1;src_20260928_fts_plan-1273-p2;src_20260928_fts_plan-1510-p1;src_20260928_fts_plan-1510-p2;src_20260928_fts_locations
ESP,2024-05-01,2025-04-30,5331899,1186;1156;1273;1510,2026-09-28T06:57:17Z,src_20260928_fts_plan-1186-p1;src_20260928_fts_plan-1156-p1;src_20260928_fts_plan-1156-p2;src_20260928_fts_plan-1273-p1;src_20260928_fts_plan-1273-p2;src_20260928_fts_plan-1510-p1;src_20260928_fts_plan-1510-p2;src_20260928_fts_locations
ESP,2024-06-01,2025-05-31,8922144,1186;1156;1273;1510,2026-09-28T06:57:17Z,src_20260928_fts_plan-1186-p1;src_20260928_fts_plan-1156-p1;src_20260928_fts_plan-1156-p2;src_20260928_fts_plan-1273-p1;src_20260928_fts_plan-1273-p2;src_20260928_fts_plan-1510-p1;src_20260928_fts_plan-1510-p2;src_20260928_fts_locations
ESP,2024-07-01,2025-06-30,10003047,1186;1156;1273;1510,2026-09-28T06:57:17Z,src_20260928_fts_plan-1186-p1;src_20260928_fts_plan-1156-p1;src_20260928_fts_plan-1156-p2;src_20260928_fts_plan-1273-p1;src_20260928_fts_plan-1273-p2;src_20260928_fts_plan-1510-p1;src_20260928_fts_plan-1510-p2;src_20260928_fts_locations
ESP,2024-08-01,2025-07-31,9785182,1186;1156;1273;1510,2026-09-28T06:57:17Z,src_20260928_fts_plan-1186-p1;src_20260928_fts_plan-1156-p1;src_20260928_fts_plan-1156-p2;src_20260928_fts_plan-1273-p1;src_20260928_fts_plan-1273-p2;src_20260928_fts_plan-1510-p1;src_20260928_fts_plan-1510-p2;src_20260928_fts_locations
ESP,2024-09-01,2025-08-31,7414097,1186;1156;1273;1510,2026-09-28T06:57:17Z,src_20260928_fts_plan-1186-p1;src_20260928_fts_plan-1156-p1;src_20260928_fts_plan-1156-p2;src_20260928_fts_plan-1273-p1;src_20260928_fts_plan-1273-p2;src_20260928_fts_plan-1510-p1;src_20260928_fts_plan-1510-p2;src_20260928_fts_locations
ESP,2024-10-01,2025-09-30,42363078,1186;1156;1273;1510,2026-09-28T06:57:17Z,src_20260928_fts_plan-1186-p1;src_20260928_fts_plan-1156-p1;src_20260928_fts_plan-1156-p2;src_20260928_fts_plan-1273-p1;src_20260928_fts_plan-1273-p2;src_20260928_fts_plan-1510-p1;src_20260928_fts_plan-1510-p2;src_20260928_fts_locations
ESP,2024-11-01,2025-10-31,41168951,1186;1156;1273;1510,2026-09-28T06:57:17Z,src_20260928_fts_plan-1186-p1;src_20260928_fts_plan-1156-p1;src_20260928_fts_plan-1156-p2;src_20260928_fts_plan-1273-p1;src_20260928_fts_plan-1273-p2;src_20260928_fts_plan-1510-p1;src_20260928_fts_plan-1510-p2;src_20260928_fts_locations
ESP,2024-12-01,2025-11-30,41168951,1186;1156;1273;1510,2026-09-28T06:57:17Z,src_20260928_fts_plan-1186-p1;src_20260928_fts_plan-1156-p1;src_20260928_fts_plan-1156-p2;src_20260928_fts_plan-1273-p1;src_20260928_fts_plan-1273-p2;src_20260928_fts_plan-1510-p1;src_20260928_fts_plan-1510-p2;src_20260928_fts_locations
ESP,2025-01-01,2025-12-31,44408375,1186;1156;1273;1510,2026-09-28T06:57:17Z,src_20260928_fts_plan-1186-p1;src_20260928_fts_plan-1156-p1;src_20260928_fts_plan-1156-p2;src_20260928_fts_plan-1273-p1;src_20260928_fts_plan-1273-p2;src_20260928_fts_plan-1510-p1;src_20260928_fts_plan-1510-p2;src_20260928_fts_locations
ESP,2025-02-01,2026-01-31,48735859,1186;1156;1273;1510,2026-09-28T06:57:17Z,src_20260928_fts_plan-1186-p1;src_20260928_fts_plan-1156-p1;src_20260928_fts_plan-1156-p2;src_20260928_fts_plan-1273-p1;src_20260928_fts_plan-1273-p2;src_20260928_fts_plan-1510-p1;src_20260928_fts_plan-1510-p2;src_20260928_fts_locations
ESP,2025-03-01,2026-02-28,48654953,1186;1156;1273;1510,2026-09-28T06:57:17Z,src_20260928_fts_plan-1186-p1;src_20260928_fts_plan-1156-p1;src_20260928_fts_plan-1156-p2;src_20260928_fts_plan-1273-p1;src_20260928_fts_plan-1273-p2;src_20260928_fts_plan-1510-p1;src_20260928_fts_plan-1510-p2;src_20260928_fts_locations
ESP,2025-04-01,2026-03-31,48881158,1186;1156;1273;1510,2026-09-28T06:57:17Z,src_20260928_fts_plan-1186-p1;src_20260928_fts_plan-1156-p1;src_20260928_fts_plan-1156-p2;src_20260928_fts_plan-1273-p1;src_20260928_fts_plan-1273-p2;src_20260928_fts_plan-1510-p1;src_20260928_fts_plan-1510-p2;src_20260928_fts_locations
ESP,2025-05-01,2026-04-30,48653885,1186;1156;1273;1510,2026-09-28T06:57:17Z,src_20260928_fts_plan-1186-p1;src_20260928_fts_plan-1156-p1;src_20260928_fts_plan-1156-p2;src_20260928_fts_plan-1273-p1;src_20260928_fts_plan-1273-p2;src_20260928_fts_plan-1510-p1;src_20260928_fts_plan-1510-p2;src_20260928_fts_locations
ESP,2025-06-01,2026-05-31,46509141,1186;1156;1273;1510,2026-09-28T06:57:17Z,src_20260928_fts_plan-1186-p1;src_20260928_fts_plan-1156-p1;src_20260928_fts_plan-1156-p2;src_20260928_fts_plan-1273-p1;src_20260928_fts_plan-1273-p2;src_20260928_fts_plan-1510-p1;src_20260928_fts_plan-1510-p2;src_20260928_fts_locations
ESP,2025-07-01,2026-06-30,47974324,1186;1156;1273;1510,2026-09-28T06:57:17Z,src_20260928_fts_plan-1186-p1;src_20260928_fts_plan-1156-p1;src_20260928_fts_plan-1156-p2;src_20260928_fts_plan-1273-p1;src_20260928_fts_plan-1273-p2;src_20260928_fts_plan-1510-p1;src_20260928_fts_plan-1510-p2;src_20260928_fts_locations
ESP,2025-08-01,2026-07-31,47974324,1186;1156;1273;1510,2026-09-28T06:57:17Z,src_20260928_fts_plan-1186-p1;src_20260928_fts_plan-1156-p1;src_20260928_fts_plan-1156-p2;src_20260928_fts_plan-1273-p1;src_20260928_fts_plan-1273-p2;src_20260928_fts_plan-1510-p1;src_20260928_fts_plan-1510-p2;src_20260928_fts_locations
ESP,2025-09-01,2026-08-31,49134727,1186;1156;1273;1510,2026-09-28T06:57:17Z,src_20260928_fts_plan-1186-p1;src_20260928_fts_plan-1156-p1;src_20260928_fts_plan-1156-p2;src_20260928_fts_plan-1273-p1;src_20260928_fts_plan-1273-p2;src_20260928_fts_plan-1510-p1;src_20260928_fts_plan-1510-p2;src_20260928_fts_locations
EST,2022-10-01,2023-09-30,0,1186;1156;1273;1510,2026-09-28T06:57:17Z,src_20260928_fts_plan-1186-p1;src_20260928_fts_plan-1156-p1;src_20260928_fts_plan-1156-p2;src_20260928_fts_plan-1273-p1;src_20260928_fts_plan-1273-p2;src_20260928_fts_plan-1510-p1;src_20260928_fts_plan-1510-p2;src_20260928_fts_locations
EST,2022-11-01,2023-10-31,0,1186;1156;1273;1510,2026-09-28T06:57:17Z,src_20260928_fts_plan-1186-p1;src_20260928_fts_plan-1156-p1;src_20260928_fts_plan-1156-p2;src_20260928_fts_plan-1273-p1;src_20260928_fts_plan-1273-p2;src_20260928_fts_plan-1510-p1;src_20260928_fts_plan-1510-p2;src_20260928_fts_locations
EST,2022-12-01,2023-11-30,35574,1186;1156;1273;1510,2026-09-28T06:57:17Z,src_20260928_fts_plan-1186-p1;src_20260928_fts_plan-1156-p1;src_20260928_fts_plan-1156-p2;src_20260928_fts_plan-1273-p1;src_20260928_fts_plan-1273-p2;src_20260928_fts_plan-1510-p1;src_20260928_fts_plan-1510-p2;src_20260928_fts_locations
EST,2023-01-01,2023-12-31,71532,1186;1156;1273;1510,2026-09-28T06:57:17Z,src_20260928_fts_plan-1186-p1;src_20260928_fts_plan-1156-p1;src_20260928_fts_plan-1156-p2;src_20260928_fts_plan-1273-p1;src_20260928_fts_plan-1273-p2;src_20260928_fts_plan-1510-p1;src_20260928_fts_plan-1510-p2;src_20260928_fts_locations
EST,2023-02-01,2024-01-31,71532,1186;1156;1273;1510,2026-09-28T06:57:17Z,src_20260928_fts_plan-1186-p1;src_20260928_fts_plan-1156-p1;src_20260928_fts_plan-1156-p2;src_20260928_fts_plan-1273-p1;src_20260928_fts_plan-1273-p2;src_20260928_fts_plan-1510-p1;src_20260928_fts_plan-1510-p2;src_20260928_fts_locations
EST,2023-03-01,2024-02-29,71532,1186;1156;1273;1510,2026-09-28T06:57:17Z,src_20260928_fts_plan-1186-p1;src_20260928_fts_plan-1156-p1;src_20260928_fts_plan-1156-p2;src_20260928_fts_plan-1273-p1;src_20260928_fts_plan-1273-p2;src_20260928_fts_plan-1510-p1;src_20260928_fts_plan-1510-p2;src_20260928_fts_locations
EST,2023-04-01,2024-03-31,71532,1186;1156;1273;1510,2026-09-28T06:57:17Z,src_20260928_fts_plan-1186-p1;src_20260928_fts_plan-1156-p1;src_20260928_fts_plan-1156-p2;src_20260928_fts_plan-1273-p1;src_20260928_fts_plan-1273-p2;src_20260928_fts_plan-1510-p1;src_20260928_fts_plan-1510-p2;src_20260928_fts_locations
EST,2023-05-01,2024-04-30,71532,1186;1156;1273;1510,2026-09-28T06:57:17Z,src_20260928_fts_plan-1186-p1;src_20260928_fts_plan-1156-p1;src_20260928_fts_plan-1156-p2;src_20260928_fts_plan-1273-p1;src_20260928_fts_plan-1273-p2;src_20260928_fts_plan-1510-p1;src_20260928_fts_plan-1510-p2;src_20260928_fts_locations
EST,2023-06-01,2024-05-31,135848,1186;1156;1273;1510,2026-09-28T06:57:17Z,src_20260928_fts_plan-1186-p1;src_20260928_fts_plan-1156-p1;src_20260928_fts_plan-1156-p2;src_20260928_fts_plan-1273-p1;src_20260928_fts_plan-1273-p2;src_20260928_fts_plan-1510-p1;src_20260928_fts_plan-1510-p2;src_20260928_fts_locations
EST,2023-07-01,2024-06-30,135848,1186;1156;1273;1510,2026-09-28T06:57:17Z,src_20260928_fts_plan-1186-p1;src_20260928_fts_plan-1156-p1;src_20260928_fts_plan-1156-p2;src_20260928_fts_plan-1273-p1;src_20260928_fts_plan-1273-p2;src_20260928_fts_plan-1510-p1;src_20260928_fts_plan-1510-p2;src_20260928_fts_locations
EST,2023-08-01,2024-07-31,135848,1186;1156;1273;1510,2026-09-28T06:57:17Z,src_20260928_fts_plan-1186-p1;src_20260928_fts_plan-1156-p1;src_20260928_fts_plan-1156-p2;src_20260928_fts_plan-1273-p1;src_20260928_fts_plan-1273-p2;src_20260928_fts_plan-1510-p1;src_20260928_fts_plan-1510-p2;src_20260928_fts_locations
EST,2023-09-01,2024-08-31,135848,1186;1156;1273;1510,2026-09-28T06:57:17Z,src_20260928_fts_plan-1186-p1;src_20260928_fts_plan-1156-p1;src_20260928_fts_plan-1156-p2;src_20260928_fts_plan-1273-p1;src_20260928_fts_plan-1273-p2;src_20260928_fts_plan-1510-p1;src_20260928_fts_plan-1510-p2;src_20260928_fts_locations
EST,2023-10-01,2024-09-30,135848,1186;1156;1273;1510,2026-09-28T06:57:17Z,src_20260928_fts_plan-1186-p1;src_20260928_fts_plan-1156-p1;src_20260928_fts_plan-1156-p2;src_20260928_fts_plan-1273-p1;src_20260928_fts_plan-1273-p2;src_20260928_fts_plan-1510-p1;src_20260928_fts_plan-1510-p2;src_20260928_fts_locations
EST,2023-11-01,2024-10-31,135848,1186;1156;1273;1510,2026-09-28T06:57:17Z,src_20260928_fts_plan-1186-p1;src_20260928_fts_plan-1156-p1;src_20260928_fts_plan-1156-p2;src_20260928_fts_plan-1273-p1;src_20260928_fts_plan-1273-p2;src_20260928_fts_plan-1510-p1;src_20260928_fts_plan-1510-p2;src_20260928_fts_locations
EST,2023-12-01,2024-11-30,100274,1186;1156;1273;1510,2026-09-28T06:57:17Z,src_20260928_fts_plan-1186-p1;src_20260928_fts_plan-1156-p1;src_20260928_fts_plan-1156-p2;src_20260928_fts_plan-1273-p1;src_20260928_fts_plan-1273-p2;src_20260928_fts_plan-1510-p1;src_20260928_fts_plan-1510-p2;src_20260928_fts_locations
EST,2024-01-01,2024-12-31,64316,1186;1156;1273;1510,2026-09-28T06:57:17Z,src_20260928_fts_plan-1186-p1;src_20260928_fts_plan-1156-p1;src_20260928_fts_plan-1156-p2;src_20260928_fts_plan-1273-p1;src_20260928_fts_plan-1273-p2;src_20260928_fts_plan-1510-p1;src_20260928_fts_plan-1510-p2;src_20260928_fts_locations
EST,2024-02-01,2025-01-31,126816,1186;1156;1273;1510,2026-09-28T06:57:17Z,src_20260928_fts_plan-1186-p1;src_20260928_fts_plan-1156-p1;src_20260928_fts_plan-1156-p2;src_20260928_fts_plan-1273-p1;src_20260928_fts_plan-1273-p2;src_20260928_fts_plan-1510-p1;src_20260928_fts_plan-1510-p2;src_20260928_fts_locations
EST,2024-03-01,2025-02-28,126816,1186;1156;1273;1510,2026-09-28T06:57:17Z,src_20260928_fts_plan-1186-p1;src_20260928_fts_plan-1156-p1;src_20260928_fts_plan-1156-p2;src_20260928_fts_plan-1273-p1;src_20260928_fts_plan-1273-p2;src_20260928_fts_plan-1510-p1;src_20260928_fts_plan-1510-p2;src_20260928_fts_locations
EST,2024-04-01,2025-03-31,126816,1186;1156;1273;1510,2026-09-28T06:57:17Z,src_20260928_fts_plan-1186-p1;src_20260928_fts_plan-1156-p1;src_20260928_fts_plan-1156-p2;src_20260928_fts_plan-1273-p1;src_20260928_fts_plan-1273-p2;src_20260928_fts_plan-1510-p1;src_20260928_fts_plan-1510-p2;src_20260928_fts_locations
EST,2024-05-01,2025-04-30,126816,1186;1156;1273;1510,2026-09-28T06:57:17Z,src_20260928_fts_plan-1186-p1;src_20260928_fts_plan-1156-p1;src_20260928_fts_plan-1156-p2;src_20260928_fts_plan-1273-p1;src_20260928_fts_plan-1273-p2;src_20260928_fts_plan-1510-p1;src_20260928_fts_plan-1510-p2;src_20260928_fts_locations
EST,2024-06-01,2025-05-31,62500,1186;1156;1273;1510,2026-09-28T06:57:17Z,src_20260928_fts_plan-1186-p1;src_20260928_fts_plan-1156-p1;src_20260928_fts_plan-1156-p2;src_20260928_fts_plan-1273-p1;src_20260928_fts_plan-1273-p2;src_20260928_fts_plan-1510-p1;src_20260928_fts_plan-1510-p2;src_20260928_fts_locations
EST,2024-07-01,2025-06-30,62500,1186;1156;1273;1510,2026-09-28T06:57:17Z,src_20260928_fts_plan-1186-p1;src_20260928_fts_plan-1156-p1;src_20260928_fts_plan-1156-p2;src_20260928_fts_plan-1273-p1;src_20260928_fts_plan-1273-p2;src_20260928_fts_plan-1510-p1;src_20260928_fts_plan-1510-p2;src_20260928_fts_locations
EST,2024-08-01,2025-07-31,62500,1186;1156;1273;1510,2026-09-28T06:57:17Z,src_20260928_fts_plan-1186-p1;src_20260928_fts_plan-1156-p1;src_20260928_fts_plan-1156-p2;src_20260928_fts_plan-1273-p1;src_20260928_fts_plan-1273-p2;src_20260928_fts_plan-1510-p1;src_20260928_fts_plan-1510-p2;src_20260928_fts_locations
EST,2024-09-01,2025-08-31,62500,1186;1156;1273;1510,2026-09-28T06:57:17Z,src_20260928_fts_plan-1186-p1;src_20260928_fts_plan-1156-p1;src_20260928_fts_plan-1156-p2;src_20260928_fts_plan-1273-p1;src_20260928_fts_plan-1273-p2;src_20260928_fts_plan-1510-p1;src_20260928_fts_plan-1510-p2;src_20260928_fts_locations
EST,2024-10-01,2025-09-30,91706,1186;1156;1273;1510,2026-09-28T06:57:17Z,src_20260928_fts_plan-1186-p1;src_20260928_fts_plan-1156-p1;src_20260928_fts_plan-1156-p2;src_20260928_fts_plan-1273-p1;src_20260928_fts_plan-1273-p2;src_20260928_fts_plan-1510-p1;src_20260928_fts_plan-1510-p2;src_20260928_fts_locations
EST,2024-11-01,2025-10-31,91706,1186;1156;1273;1510,2026-09-28T06:57:17Z,src_20260928_fts_plan-1186-p1;src_20260928_fts_plan-1156-p1;src_20260928_fts_plan-1156-p2;src_20260928_fts_plan-1273-p1;src_20260928_fts_plan-1273-p2;src_20260928_fts_plan-1510-p1;src_20260928_fts_plan-1510-p2;src_20260928_fts_locations
EST,2024-12-01,2025-11-30,91706,1186;1156;1273;1510,2026-09-28T06:57:17Z,src_20260928_fts_plan-1186-p1;src_20260928_fts_plan-1156-p1;src_20260928_fts_plan-1156-p2;src_20260928_fts_plan-1273-p1;src_20260928_fts_plan-1273-p2;src_20260928_fts_plan-1510-p1;src_20260928_fts_plan-1510-p2;src_20260928_fts_locations
EST,2025-01-01,2025-12-31,120912,1186;1156;1273;1510,2026-09-28T06:57:17Z,src_20260928_fts_plan-1186-p1;src_20260928_fts_plan-1156-p1;src_20260928_fts_plan-1156-p2;src_20260928_fts_plan-1273-p1;src_20260928_fts_plan-1273-p2;src_20260928_fts_plan-1510-p1;src_20260928_fts_plan-1510-p2;src_20260928_fts_locations
EST,2025-02-01,2026-01-31,58412,1186;1156;1273;1510,2026-09-28T06:57:17Z,src_20260928_fts_plan-1186-p1;src_20260928_fts_plan-1156-p1;src_20260928_fts_plan-1156-p2;src_20260928_fts_plan-1273-p1;src_20260928_fts_plan-1273-p2;src_20260928_fts_plan-1510-p1;src_20260928_fts_plan-1510-p2;src_20260928_fts_locations
EST,2025-03-01,2026-02-28,58412,1186;1156;1273;1510,2026-09-28T06:57:17Z,src_20260928_fts_plan-1186-p1;src_20260928_fts_plan-1156-p1;src_20260928_fts_plan-1156-p2;src_20260928_fts_plan-1273-p1;src_20260928_fts_plan-1273-p2;src_20260928_fts_plan-1510-p1;src_20260928_fts_plan-1510-p2;src_20260928_fts_locations
EST,2025-04-01,2026-03-31,58412,1186;1156;1273;1510,2026-09-28T06:57:17Z,src_20260928_fts_plan-1186-p1;src_20260928_fts_plan-1156-p1;src_20260928_fts_plan-1156-p2;src_20260928_fts_plan-1273-p1;src_20260928_fts_plan-1273-p2;src_20260928_fts_plan-1510-p1;src_20260928_fts_plan-1510-p2;src_20260928_fts_locations
EST,2025-05-01,2026-04-30,58412,1186;1156;1273;1510,2026-09-28T06:57:17Z,src_20260928_fts_plan-1186-p1;src_20260928_fts_plan-1156-p1;src_20260928_fts_plan-1156-p2;src_20260928_fts_plan-1273-p1;src_20260928_fts_plan-1273-p2;src_20260928_fts_plan-1510-p1;src_20260928_fts_plan-1510-p2;src_20260928_fts_locations
EST,2025-06-01,2026-05-31,58412,1186;1156;1273;1510,2026-09-28T06:57:17Z,src_20260928_fts_plan-1186-p1;src_20260928_fts_plan-1156-p1;src_20260928_fts_plan-1156-p2;src_20260928_fts_plan-1273-p1;src_20260928_fts_plan-1273-p2;src_20260928_fts_plan-1510-p1;src_20260928_fts_plan-1510-p2;src_20260928_fts_locations
EST,2025-07-01,2026-06-30,58412,1186;1156;1273;1510,2026-09-28T06:57:17Z,src_20260928_fts_plan-1186-p1;src_20260928_fts_plan-1156-p1;src_20260928_fts_plan-1156-p2;src_20260928_fts_plan-1273-p1;src_20260928_fts_plan-1273-p2;src_20260928_fts_plan-1510-p1;src_20260928_fts_plan-1510-p2;src_20260928_fts_locations
EST,2025-08-01,2026-07-31,58412,1186;1156;1273;1510,2026-09-28T06:57:17Z,src_20260928_fts_plan-1186-p1;src_20260928_fts_plan-1156-p1;src_20260928_fts_plan-1156-p2;src_20260928_fts_plan-1273-p1;src_20260928_fts_plan-1273-p2;src_20260928_fts_plan-1510-p1;src_20260928_fts_plan-1510-p2;src_20260928_fts_locations
EST,2025-09-01,2026-08-31,58412,1186;1156;1273;1510,2026-09-28T06:57:17Z,src_20260928_fts_plan-1186-p1;src_20260928_fts_plan-1156-p1;src_20260928_fts_plan-1156-p2;src_20260928_fts_plan-1273-p1;src_20260928_fts_plan-1273-p2;src_20260928_fts_plan-1510-p1;src_20260928_fts_plan-1510-p2;src_20260928_fts_locations
FIN,2022-10-01,2023-09-30,0,1186;1156;1273;1510,2026-09-28T06:57:17Z,src_20260928_fts_plan-1186-p1;src_20260928_fts_plan-1156-p1;src_20260928_fts_plan-1156-p2;src_20260928_fts_plan-1273-p1;src_20260928_fts_plan-1273-p2;src_20260928_fts_plan-1510-p1;src_20260928_fts_plan-1510-p2;src_20260928_fts_locations
FIN,2022-11-01,2023-10-31,0,1186;1156;1273;1510,2026-09-28T06:57:17Z,src_20260928_fts_plan-1186-p1;src_20260928_fts_plan-1156-p1;src_20260928_fts_plan-1156-p2;src_20260928_fts_plan-1273-p1;src_20260928_fts_plan-1273-p2;src_20260928_fts_plan-1510-p1;src_20260928_fts_plan-1510-p2;src_20260928_fts_locations
FIN,2022-12-01,2023-11-30,0,1186;1156;1273;1510,2026-09-28T06:57:17Z,src_20260928_fts_plan-1186-p1;src_20260928_fts_plan-1156-p1;src_20260928_fts_plan-1156-p2;src_20260928_fts_plan-1273-p1;src_20260928_fts_plan-1273-p2;src_20260928_fts_plan-1510-p1;src_20260928_fts_plan-1510-p2;src_20260928_fts_locations
FIN,2023-01-01,2023-12-31,0,1186;1156;1273;1510,2026-09-28T06:57:17Z,src_20260928_fts_plan-1186-p1;src_20260928_fts_plan-1156-p1;src_20260928_fts_plan-1156-p2;src_20260928_fts_plan-1273-p1;src_20260928_fts_plan-1273-p2;src_20260928_fts_plan-1510-p1;src_20260928_fts_plan-1510-p2;src_20260928_fts_locations
FIN,2023-02-01,2024-01-31,0,1186;1156;1273;1510,2026-09-28T06:57:17Z,src_20260928_fts_plan-1186-p1;src_20260928_fts_plan-1156-p1;src_20260928_fts_plan-1156-p2;src_20260928_fts_plan-1273-p1;src_20260928_fts_plan-1273-p2;src_20260928_fts_plan-1510-p1;src_20260928_fts_plan-1510-p2;src_20260928_fts_locations
FIN,2023-03-01,2024-02-29,0,1186;1156;1273;1510,2026-09-28T06:57:17Z,src_20260928_fts_plan-1186-p1;src_20260928_fts_plan-1156-p1;src_20260928_fts_plan-1156-p2;src_20260928_fts_plan-1273-p1;src_20260928_fts_plan-1273-p2;src_20260928_fts_plan-1510-p1;src_20260928_fts_plan-1510-p2;src_20260928_fts_locations
FIN,2023-04-01,2024-03-31,0,1186;1156;1273;1510,2026-09-28T06:57:17Z,src_20260928_fts_plan-1186-p1;src_20260928_fts_plan-1156-p1;src_20260928_fts_plan-1156-p2;src_20260928_fts_plan-1273-p1;src_20260928_fts_plan-1273-p2;src_20260928_fts_plan-1510-p1;src_20260928_fts_plan-1510-p2;src_20260928_fts_locations
FIN,2023-05-01,2024-04-30,3246753,1186;1156;1273;1510,2026-09-28T06:57:17Z,src_20260928_fts_plan-1186-p1;src_20260928_fts_plan-1156-p1;src_20260928_fts_plan-1156-p2;src_20260928_fts_plan-1273-p1;src_20260928_fts_plan-1273-p2;src_20260928_fts_plan-1510-p1;src_20260928_fts_plan-1510-p2;src_20260928_fts_locations
FIN,2023-06-01,2024-05-31,3246753,1186;1156;1273;1510,2026-09-28T06:57:17Z,src_20260928_fts_plan-1186-p1;src_20260928_fts_plan-1156-p1;src_20260928_fts_plan-1156-p2;src_20260928_fts_plan-1273-p1;src_20260928_fts_plan-1273-p2;src_20260928_fts_plan-1510-p1;src_20260928_fts_plan-1510-p2;src_20260928_fts_locations
FIN,2023-07-01,2024-06-30,3246753,1186;1156;1273;1510,2026-09-28T06:57:17Z,src_20260928_fts_plan-1186-p1;src_20260928_fts_plan-1156-p1;src_20260928_fts_plan-1156-p2;src_20260928_fts_plan-1273-p1;src_20260928_fts_plan-1273-p2;src_20260928_fts_plan-1510-p1;src_20260928_fts_plan-1510-p2;src_20260928_fts_locations
FIN,2023-08-01,2024-07-31,3246753,1186;1156;1273;1510,2026-09-28T06:57:17Z,src_20260928_fts_plan-1186-p1;src_20260928_fts_plan-1156-p1;src_20260928_fts_plan-1156-p2;src_20260928_fts_plan-1273-p1;src_20260928_fts_plan-1273-p2;src_20260928_fts_plan-1510-p1;src_20260928_fts_plan-1510-p2;src_20260928_fts_locations
FIN,2023-09-01,2024-08-31,3246753,1186;1156;1273;1510,2026-09-28T06:57:17Z,src_20260928_fts_plan-1186-p1;src_20260928_fts_plan-1156-p1;src_20260928_fts_plan-1156-p2;src_20260928_fts_plan-1273-p1;src_20260928_fts_plan-1273-p2;src_20260928_fts_plan-1510-p1;src_20260928_fts_plan-1510-p2;src_20260928_fts_locations
FIN,2023-10-01,2024-09-30,3246753,1186;1156;1273;1510,2026-09-28T06:57:17Z,src_20260928_fts_plan-1186-p1;src_20260928_fts_plan-1156-p1;src_20260928_fts_plan-1156-p2;src_20260928_fts_plan-1273-p1;src_20260928_fts_plan-1273-p2;src_20260928_fts_plan-1510-p1;src_20260928_fts_plan-1510-p2;src_20260928_fts_locations
FIN,2023-11-01,2024-10-31,3246753,1186;1156;1273;1510,2026-09-28T06:57:17Z,src_20260928_fts_plan-1186-p1;src_20260928_fts_plan-1156-p1;src_20260928_fts_plan-1156-p2;src_20260928_fts_plan-1273-p1;src_20260928_fts_plan-1273-p2;src_20260928_fts_plan-1510-p1;src_20260928_fts_plan-1510-p2;src_20260928_fts_locations
FIN,2023-12-01,2024-11-30,3246753,1186;1156;1273;1510,2026-09-28T06:57:17Z,src_20260928_fts_plan-1186-p1;src_20260928_fts_plan-1156-p1;src_20260928_fts_plan-1156-p2;src_20260928_fts_plan-1273-p1;src_20260928_fts_plan-1273-p2;src_20260928_fts_plan-1510-p1;src_20260928_fts_plan-1510-p2;src_20260928_fts_locations
FIN,2024-01-01,2024-12-31,3246753,1186;1156;1273;1510,2026-09-28T06:57:17Z,src_20260928_fts_plan-1186-p1;src_20260928_fts_plan-1156-p1;src_20260928_fts_plan-1156-p2;src_20260928_fts_plan-1273-p1;src_20260928_fts_plan-1273-p2;src_20260928_fts_plan-1510-p1;src_20260928_fts_plan-1510-p2;src_20260928_fts_locations
FIN,2024-02-01,2025-01-31,3246753,1186;1156;1273;1510,2026-09-28T06:57:17Z,src_20260928_fts_plan-1186-p1;src_20260928_fts_plan-1156-p1;src_20260928_fts_plan-1156-p2;src_20260928_fts_plan-1273-p1;src_20260928_fts_plan-1273-p2;src_20260928_fts_plan-1510-p1;src_20260928_fts_plan-1510-p2;src_20260928_fts_locations
FIN,2024-03-01,2025-02-28,3246753,1186;1156;1273;1510,2026-09-28T06:57:17Z,src_20260928_fts_plan-1186-p1;src_20260928_fts_plan-1156-p1;src_20260928_fts_plan-1156-p2;src_20260928_fts_plan-1273-p1;src_20260928_fts_plan-1273-p2;src_20260928_fts_plan-1510-p1;src_20260928_fts_plan-1510-p2;src_20260928_fts_locations
FIN,2024-04-01,2025-03-31,3246753,1186;1156;1273;1510,2026-09-28T06:57:17Z,src_20260928_fts_plan-1186-p1;src_20260928_fts_plan-1156-p1;src_20260928_fts_plan-1156-p2;src_20260928_fts_plan-1273-p1;src_20260928_fts_plan-1273-p2;src_20260928_fts_plan-1510-p1;src_20260928_fts_plan-1510-p2;src_20260928_fts_locations
FIN,2024-05-01,2025-04-30,3672613,1186;1156;1273;1510,2026-09-28T06:57:17Z,src_20260928_fts_plan-1186-p1;src_20260928_fts_plan-1156-p1;src_20260928_fts_plan-1156-p2;src_20260928_fts_plan-1273-p1;src_20260928_fts_plan-1273-p2;src_20260928_fts_plan-1510-p1;src_20260928_fts_plan-1510-p2;src_20260928_fts_locations
FIN,2024-06-01,2025-05-31,3672613,1186;1156;1273;1510,2026-09-28T06:57:17Z,src_20260928_fts_plan-1186-p1;src_20260928_fts_plan-1156-p1;src_20260928_fts_plan-1156-p2;src_20260928_fts_plan-1273-p1;src_20260928_fts_plan-1273-p2;src_20260928_fts_plan-1510-p1;src_20260928_fts_plan-1510-p2;src_20260928_fts_locations
FIN,2024-07-01,2025-06-30,3672613,1186;1156;1273;1510,2026-09-28T06:57:17Z,src_20260928_fts_plan-1186-p1;src_20260928_fts_plan-1156-p1;src_20260928_fts_plan-1156-p2;src_20260928_fts_plan-1273-p1;src_20260928_fts_plan-1273-p2;src_20260928_fts_plan-1510-p1;src_20260928_fts_plan-1510-p2;src_20260928_fts_locations
FIN,2024-08-01,2025-07-31,6513522,1186;1156;1273;1510,2026-09-28T06:57:17Z,src_20260928_fts_plan-1186-p1;src_20260928_fts_plan-1156-p1;src_20260928_fts_plan-1156-p2;src_20260928_fts_plan-1273-p1;src_20260928_fts_plan-1273-p2;src_20260928_fts_plan-1510-p1;src_20260928_fts_plan-1510-p2;src_20260928_fts_locations
FIN,2024-09-01,2025-08-31,6513522,1186;1156;1273;1510,2026-09-28T06:57:17Z,src_20260928_fts_plan-1186-p1;src_20260928_fts_plan-1156-p1;src_20260928_fts_plan-1156-p2;src_20260928_fts_plan-1273-p1;src_20260928_fts_plan-1273-p2;src_20260928_fts_plan-1510-p1;src_20260928_fts_plan-1510-p2;src_20260928_fts_locations
FIN,2024-10-01,2025-09-30,6513522,1186;1156;1273;1510,2026-09-28T06:57:17Z,src_20260928_fts_plan-1186-p1;src_20260928_fts_plan-1156-p1;src_20260928_fts_plan-1156-p2;src_20260928_fts_plan-1273-p1;src_20260928_fts_plan-1273-p2;src_20260928_fts_plan-1510-p1;src_20260928_fts_plan-1510-p2;src_20260928_fts_locations
FIN,2024-11-01,2025-10-31,6513522,1186;1156;1273;1510,2026-09-28T06:57:17Z,src_20260928_fts_plan-1186-p1;src_20260928_fts_plan-1156-p1;src_20260928_fts_plan-1156-p2;src_20260928_fts_plan-1273-p1;src_20260928_fts_plan-1273-p2;src_20260928_fts_plan-1510-p1;src_20260928_fts_plan-1510-p2;src_20260928_fts_locations
FIN,2024-12-01,2025-11-30,6513522,1186;1156;1273;1510,2026-09-28T06:57:17Z,src_20260928_fts_plan-1186-p1;src_20260928_fts_plan-1156-p1;src_20260928_fts_plan-1156-p2;src_20260928_fts_plan-1273-p1;src_20260928_fts_plan-1273-p2;src_20260928_fts_plan-1510-p1;src_20260928_fts_plan-1510-p2;src_20260928_fts_locations
FIN,2025-01-01,2025-12-31,6513522,1186;1156;1273;1510,2026-09-28T06:57:17Z,src_20260928_fts_plan-1186-p1;src_20260928_fts_plan-1156-p1;src_20260928_fts_plan-1156-p2;src_20260928_fts_plan-1273-p1;src_20260928_fts_plan-1273-p2;src_20260928_fts_plan-1510-p1;src_20260928_fts_plan-1510-p2;src_20260928_fts_locations
FIN,2025-02-01,2026-01-31,10042934,1186;1156;1273;1510,2026-09-28T06:57:17Z,src_20260928_fts_plan-1186-p1;src_20260928_fts_plan-1156-p1;src_20260928_fts_plan-1156-p2;src_20260928_fts_plan-1273-p1;src_20260928_fts_plan-1273-p2;src_20260928_fts_plan-1510-p1;src_20260928_fts_plan-1510-p2;src_20260928_fts_locations
FIN,2025-03-01,2026-02-28,10042934,1186;1156;1273;1510,2026-09-28T06:57:17Z,src_20260928_fts_plan-1186-p1;src_20260928_fts_plan-1156-p1;src_20260928_fts_plan-1156-p2;src_20260928_fts_plan-1273-p1;src_20260928_fts_plan-1273-p2;src_20260928_fts_plan-1510-p1;src_20260928_fts_plan-1510-p2;src_20260928_fts_locations
FIN,2025-04-01,2026-03-31,15809947,1186;1156;1273;1510,2026-09-28T06:57:17Z,src_20260928_fts_plan-1186-p1;src_20260928_fts_plan-1156-p1;src_20260928_fts_plan-1156-p2;src_20260928_fts_plan-1273-p1;src_20260928_fts_plan-1273-p2;src_20260928_fts_plan-1510-p1;src_20260928_fts_plan-1510-p2;src_20260928_fts_locations
FIN,2025-05-01,2026-04-30,12137334,1186;1156;1273;1510,2026-09-28T06:57:17Z,src_20260928_fts_plan-1186-p1;src_20260928_fts_plan-1156-p1;src_20260928_fts_plan-1156-p2;src_20260928_fts_plan-1273-p1;src_20260928_fts_plan-1273-p2;src_20260928_fts_plan-1510-p1;src_20260928_fts_plan-1510-p2;src_20260928_fts_locations
FIN,2025-06-01,2026-05-31,12137334,1186;1156;1273;1510,2026-09-28T06:57:17Z,src_20260928_fts_plan-1186-p1;src_20260928_fts_plan-1156-p1;src_20260928_fts_plan-1156-p2;src_20260928_fts_plan-1273-p1;src_20260928_fts_plan-1273-p2;src_20260928_fts_plan-1510-p1;src_20260928_fts_plan-1510-p2;src_20260928_fts_locations
FIN,2025-07-01,2026-06-30,12137334,1186;1156;1273;1510,2026-09-28T06:57:17Z,src_20260928_fts_plan-1186-p1;src_20260928_fts_plan-1156-p1;src_20260928_fts_plan-1156-p2;src_20260928_fts_plan-1273-p1;src_20260928_fts_plan-1273-p2;src_20260928_fts_plan-1510-p1;src_20260928_fts_plan-1510-p2;src_20260928_fts_locations
FIN,2025-08-01,2026-07-31,9296425,1186;1156;1273;1510,2026-09-28T06:57:17Z,src_20260928_fts_plan-1186-p1;src_20260928_fts_plan-1156-p1;src_20260928_fts_plan-1156-p2;src_20260928_fts_plan-1273-p1;src_20260928_fts_plan-1273-p2;src_20260928_fts_plan-1510-p1;src_20260928_fts_plan-1510-p2;src_20260928_fts_locations
FIN,2025-09-01,2026-08-31,9296425,1186;1156;1273;1510,2026-09-28T06:57:17Z,src_20260928_fts_plan-1186-p1;src_20260928_fts_plan-1156-p1;src_20260928_fts_plan-1156-p2;src_20260928_fts_plan-1273-p1;src_20260928_fts_plan-1273-p2;src_20260928_fts_plan-1510-p1;src_20260928_fts_plan-1510-p2;src_20260928_fts_locations
FRA,2022-10-01,2023-09-30,3259573,1186;1156;1273;1510,2026-09-28T06:57:17Z,src_20260928_fts_plan-1186-p1;src_20260928_fts_plan-1156-p1;src_20260928_fts_plan-1156-p2;src_20260928_fts_plan-1273-p1;src_20260928_fts_plan-1273-p2;src_20260928_fts_plan-1510-p1;src_20260928_fts_plan-1510-p2;src_20260928_fts_locations
FRA,2022-11-01,2023-10-31,9635769,1186;1156;1273;1510,2026-09-28T06:57:17Z,src_20260928_fts_plan-1186-p1;src_20260928_fts_plan-1156-p1;src_20260928_fts_plan-1156-p2;src_20260928_fts_plan-1273-p1;src_20260928_fts_plan-1273-p2;src_20260928_fts_plan-1510-p1;src_20260928_fts_plan-1510-p2;src_20260928_fts_locations
FRA,2022-12-01,2023-11-30,41301417,1186;1156;1273;1510,2026-09-28T06:57:17Z,src_20260928_fts_plan-1186-p1;src_20260928_fts_plan-1156-p1;src_20260928_fts_plan-1156-p2;src_20260928_fts_plan-1273-p1;src_20260928_fts_plan-1273-p2;src_20260928_fts_plan-1510-p1;src_20260928_fts_plan-1510-p2;src_20260928_fts_locations
FRA,2023-01-01,2023-12-31,60552829,1186;1156;1273;1510,2026-09-28T06:57:17Z,src_20260928_fts_plan-1186-p1;src_20260928_fts_plan-1156-p1;src_20260928_fts_plan-1156-p2;src_20260928_fts_plan-1273-p1;src_20260928_fts_plan-1273-p2;src_20260928_fts_plan-1510-p1;src_20260928_fts_plan-1510-p2;src_20260928_fts_locations
FRA,2023-02-01,2024-01-31,60552829,1186;1156;1273;1510,2026-09-28T06:57:17Z,src_20260928_fts_plan-1186-p1;src_20260928_fts_plan-1156-p1;src_20260928_fts_plan-1156-p2;src_20260928_fts_plan-1273-p1;src_20260928_fts_plan-1273-p2;src_20260928_fts_plan-1510-p1;src_20260928_fts_plan-1510-p2;src_20260928_fts_locations
FRA,2023-03-01,2024-02-29,60303428,1186;1156;1273;1510,2026-09-28T06:57:17Z,src_20260928_fts_plan-1186-p1;src_20260928_fts_plan-1156-p1;src_20260928_fts_plan-1156-p2;src_20260928_fts_plan-1273-p1;src_20260928_fts_plan-1273-p2;src_20260928_fts_plan-1510-p1;src_20260928_fts_plan-1510-p2;src_20260928_fts_locations
FRA,2023-04-01,2024-03-31,60303428,1186;1156;1273;1510,2026-09-28T06:57:17Z,src_20260928_fts_plan-1186-p1;src_20260928_fts_plan-1156-p1;src_20260928_fts_plan-1156-p2;src_20260928_fts_plan-1273-p1;src_20260928_fts_plan-1273-p2;src_20260928_fts_plan-1510-p1;src_20260928_fts_plan-1510-p2;src_20260928_fts_locations
FRA,2023-05-01,2024-04-30,61977128,1186;1156;1273;1510,2026-09-28T06:57:17Z,src_20260928_fts_plan-1186-p1;src_20260928_fts_plan-1156-p1;src_20260928_fts_plan-1156-p2;src_20260928_fts_plan-1273-p1;src_20260928_fts_plan-1273-p2;src_20260928_fts_plan-1510-p1;src_20260928_fts_plan-1510-p2;src_20260928_fts_locations
FRA,2023-06-01,2024-05-31,64709652,1186;1156;1273;1510,2026-09-28T06:57:17Z,src_20260928_fts_plan-1186-p1;src_20260928_fts_plan-1156-p1;src_20260928_fts_plan-1156-p2;src_20260928_fts_plan-1273-p1;src_20260928_fts_plan-1273-p2;src_20260928_fts_plan-1510-p1;src_20260928_fts_plan-1510-p2;src_20260928_fts_locations
FRA,2023-07-01,2024-06-30,63194652,1186;1156;1273;1510,2026-09-28T06:57:17Z,src_20260928_fts_plan-1186-p1;src_20260928_fts_plan-1156-p1;src_20260928_fts_plan-1156-p2;src_20260928_fts_plan-1273-p1;src_20260928_fts_plan-1273-p2;src_20260928_fts_plan-1510-p1;src_20260928_fts_plan-1510-p2;src_20260928_fts_locations
FRA,2023-08-01,2024-07-31,63194652,1186;1156;1273;1510,2026-09-28T06:57:17Z,src_20260928_fts_plan-1186-p1;src_20260928_fts_plan-1156-p1;src_20260928_fts_plan-1156-p2;src_20260928_fts_plan-1273-p1;src_20260928_fts_plan-1273-p2;src_20260928_fts_plan-1510-p1;src_20260928_fts_plan-1510-p2;src_20260928_fts_locations
FRA,2023-09-01,2024-08-31,70461803,1186;1156;1273;1510,2026-09-28T06:57:17Z,src_20260928_fts_plan-1186-p1;src_20260928_fts_plan-1156-p1;src_20260928_fts_plan-1156-p2;src_20260928_fts_plan-1273-p1;src_20260928_fts_plan-1273-p2;src_20260928_fts_plan-1510-p1;src_20260928_fts_plan-1510-p2;src_20260928_fts_locations
FRA,2023-10-01,2024-09-30,70461803,1186;1156;1273;1510,2026-09-28T06:57:17Z,src_20260928_fts_plan-1186-p1;src_20260928_fts_plan-1156-p1;src_20260928_fts_plan-1156-p2;src_20260928_fts_plan-1273-p1;src_20260928_fts_plan-1273-p2;src_20260928_fts_plan-1510-p1;src_20260928_fts_plan-1510-p2;src_20260928_fts_locations
FRA,2023-11-01,2024-10-31,64085607,1186;1156;1273;1510,2026-09-28T06:57:17Z,src_20260928_fts_plan-1186-p1;src_20260928_fts_plan-1156-p1;src_20260928_fts_plan-1156-p2;src_20260928_fts_plan-1273-p1;src_20260928_fts_plan-1273-p2;src_20260928_fts_plan-1510-p1;src_20260928_fts_plan-1510-p2;src_20260928_fts_locations
FRA,2023-12-01,2024-11-30,32419959,1186;1156;1273;1510,2026-09-28T06:57:17Z,src_20260928_fts_plan-1186-p1;src_20260928_fts_plan-1156-p1;src_20260928_fts_plan-1156-p2;src_20260928_fts_plan-1273-p1;src_20260928_fts_plan-1273-p2;src_20260928_fts_plan-1510-p1;src_20260928_fts_plan-1510-p2;src_20260928_fts_locations
FRA,2024-01-01,2024-12-31,13168547,1186;1156;1273;1510,2026-09-28T06:57:17Z,src_20260928_fts_plan-1186-p1;src_20260928_fts_plan-1156-p1;src_20260928_fts_plan-1156-p2;src_20260928_fts_plan-1273-p1;src_20260928_fts_plan-1273-p2;src_20260928_fts_plan-1510-p1;src_20260928_fts_plan-1510-p2;src_20260928_fts_locations
FRA,2024-02-01,2025-01-31,18307686,1186;1156;1273;1510,2026-09-28T06:57:17Z,src_20260928_fts_plan-1186-p1;src_20260928_fts_plan-1156-p1;src_20260928_fts_plan-1156-p2;src_20260928_fts_plan-1273-p1;src_20260928_fts_plan-1273-p2;src_20260928_fts_plan-1510-p1;src_20260928_fts_plan-1510-p2;src_20260928_fts_locations
FRA,2024-03-01,2025-02-28,26902450,1186;1156;1273;1510,2026-09-28T06:57:17Z,src_20260928_fts_plan-1186-p1;src_20260928_fts_plan-1156-p1;src_20260928_fts_plan-1156-p2;src_20260928_fts_plan-1273-p1;src_20260928_fts_plan-1273-p2;src_20260928_fts_plan-1510-p1;src_20260928_fts_plan-1510-p2;src_20260928_fts_locations
FRA,2024-04-01,2025-03-31,26902450,1186;1156;1273;1510,2026-09-28T06:57:17Z,src_20260928_fts_plan-1186-p1;src_20260928_fts_plan-1156-p1;src_20260928_fts_plan-1156-p2;src_20260928_fts_plan-1273-p1;src_20260928_fts_plan-1273-p2;src_20260928_fts_plan-1510-p1;src_20260928_fts_plan-1510-p2;src_20260928_fts_locations
FRA,2024-05-01,2025-04-30,25228750,1186;1156;1273;1510,2026-09-28T06:57:17Z,src_20260928_fts_plan-1186-p1;src_20260928_fts_plan-1156-p1;src_20260928_fts_plan-1156-p2;src_20260928_fts_plan-1273-p1;src_20260928_fts_plan-1273-p2;src_20260928_fts_plan-1510-p1;src_20260928_fts_plan-1510-p2;src_20260928_fts_locations
FRA,2024-06-01,2025-05-31,53834185,1186;1156;1273;1510,2026-09-28T06:57:17Z,src_20260928_fts_plan-1186-p1;src_20260928_fts_plan-1156-p1;src_20260928_fts_plan-1156-p2;src_20260928_fts_plan-1273-p1;src_20260928_fts_plan-1273-p2;src_20260928_fts_plan-1510-p1;src_20260928_fts_plan-1510-p2;src_20260928_fts_locations
FRA,2024-07-01,2025-06-30,53834185,1186;1156;1273;1510,2026-09-28T06:57:17Z,src_20260928_fts_plan-1186-p1;src_20260928_fts_plan-1156-p1;src_20260928_fts_plan-1156-p2;src_20260928_fts_plan-1273-p1;src_20260928_fts_plan-1273-p2;src_20260928_fts_plan-1510-p1;src_20260928_fts_plan-1510-p2;src_20260928_fts_locations
FRA,2024-08-01,2025-07-31,53834185,1186;1156;1273;1510,2026-09-28T06:57:17Z,src_20260928_fts_plan-1186-p1;src_20260928_fts_plan-1156-p1;src_20260928_fts_plan-1156-p2;src_20260928_fts_plan-1273-p1;src_20260928_fts_plan-1273-p2;src_20260928_fts_plan-1510-p1;src_20260928_fts_plan-1510-p2;src_20260928_fts_locations
FRA,2024-09-01,2025-08-31,53268583,1186;1156;1273;1510,2026-09-28T06:57:17Z,src_20260928_fts_plan-1186-p1;src_20260928_fts_plan-1156-p1;src_20260928_fts_plan-1156-p2;src_20260928_fts_plan-1273-p1;src_20260928_fts_plan-1273-p2;src_20260928_fts_plan-1510-p1;src_20260928_fts_plan-1510-p2;src_20260928_fts_locations
FRA,2024-10-01,2025-09-30,74537025,1186;1156;1273;1510,2026-09-28T06:57:17Z,src_20260928_fts_plan-1186-p1;src_20260928_fts_plan-1156-p1;src_20260928_fts_plan-1156-p2;src_20260928_fts_plan-1273-p1;src_20260928_fts_plan-1273-p2;src_20260928_fts_plan-1510-p1;src_20260928_fts_plan-1510-p2;src_20260928_fts_locations
FRA,2024-11-01,2025-10-31,74550835,1186;1156;1273;1510,2026-09-28T06:57:17Z,src_20260928_fts_plan-1186-p1;src_20260928_fts_plan-1156-p1;src_20260928_fts_plan-1156-p2;src_20260928_fts_plan-1273-p1;src_20260928_fts_plan-1273-p2;src_20260928_fts_plan-1510-p1;src_20260928_fts_plan-1510-p2;src_20260928_fts_locations
FRA,2024-12-01,2025-11-30,79185829,1186;1156;1273;1510,2026-09-28T06:57:17Z,src_20260928_fts_plan-1186-p1;src_20260928_fts_plan-1156-p1;src_20260928_fts_plan-1156-p2;src_20260928_fts_plan-1273-p1;src_20260928_fts_plan-1273-p2;src_20260928_fts_plan-1510-p1;src_20260928_fts_plan-1510-p2;src_20260928_fts_locations
FRA,2025-01-01,2025-12-31,80405482,1186;1156;1273;1510,2026-09-28T06:57:17Z,src_20260928_fts_plan-1186-p1;src_20260928_fts_plan-1156-p1;src_20260928_fts_plan-1156-p2;src_20260928_fts_plan-1273-p1;src_20260928_fts_plan-1273-p2;src_20260928_fts_plan-1510-p1;src_20260928_fts_plan-1510-p2;src_20260928_fts_locations
FRA,2025-02-01,2026-01-31,82202759,1186;1156;1273;1510,2026-09-28T06:57:17Z,src_20260928_fts_plan-1186-p1;src_20260928_fts_plan-1156-p1;src_20260928_fts_plan-1156-p2;src_20260928_fts_plan-1273-p1;src_20260928_fts_plan-1273-p2;src_20260928_fts_plan-1510-p1;src_20260928_fts_plan-1510-p2;src_20260928_fts_locations
FRA,2025-03-01,2026-02-28,75505806,1186;1156;1273;1510,2026-09-28T06:57:17Z,src_20260928_fts_plan-1186-p1;src_20260928_fts_plan-1156-p1;src_20260928_fts_plan-1156-p2;src_20260928_fts_plan-1273-p1;src_20260928_fts_plan-1273-p2;src_20260928_fts_plan-1510-p1;src_20260928_fts_plan-1510-p2;src_20260928_fts_locations
FRA,2025-04-01,2026-03-31,77243929,1186;1156;1273;1510,2026-09-28T06:57:17Z,src_20260928_fts_plan-1186-p1;src_20260928_fts_plan-1156-p1;src_20260928_fts_plan-1156-p2;src_20260928_fts_plan-1273-p1;src_20260928_fts_plan-1273-p2;src_20260928_fts_plan-1510-p1;src_20260928_fts_plan-1510-p2;src_20260928_fts_locations
FRA,2025-05-01,2026-04-30,77243929,1186;1156;1273;1510,2026-09-28T06:57:17Z,src_20260928_fts_plan-1186-p1;src_20260928_fts_plan-1156-p1;src_20260928_fts_plan-1156-p2;src_20260928_fts_plan-1273-p1;src_20260928_fts_plan-1273-p2;src_20260928_fts_plan-1510-p1;src_20260928_fts_plan-1510-p2;src_20260928_fts_locations
FRA,2025-06-01,2026-05-31,79606616,1186;1156;1273;1510,2026-09-28T06:57:17Z,src_20260928_fts_plan-1186-p1;src_20260928_fts_plan-1156-p1;src_20260928_fts_plan-1156-p2;src_20260928_fts_plan-1273-p1;src_20260928_fts_plan-1273-p2;src_20260928_fts_plan-1510-p1;src_20260928_fts_plan-1510-p2;src_20260928_fts_locations
FRA,2025-07-01,2026-06-30,79606616,1186;1156;1273;1510,2026-09-28T06:57:17Z,src_20260928_fts_plan-1186-p1;src_20260928_fts_plan-1156-p1;src_20260928_fts_plan-1156-p2;src_20260928_fts_plan-1273-p1;src_20260928_fts_plan-1273-p2;src_20260928_fts_plan-1510-p1;src_20260928_fts_plan-1510-p2;src_20260928_fts_locations
FRA,2025-08-01,2026-07-31,79606616,1186;1156;1273;1510,2026-09-28T06:57:17Z,src_20260928_fts_plan-1186-p1;src_20260928_fts_plan-1156-p1;src_20260928_fts_plan-1156-p2;src_20260928_fts_plan-1273-p1;src_20260928_fts_plan-1273-p2;src_20260928_fts_plan-1510-p1;src_20260928_fts_plan-1510-p2;src_20260928_fts_locations
FRA,2025-09-01,2026-08-31,71998361,1186;1156;1273;1510,2026-09-28T06:57:17Z,src_20260928_fts_plan-1186-p1;src_20260928_fts_plan-1156-p1;src_20260928_fts_plan-1156-p2;src_20260928_fts_plan-1273-p1;src_20260928_fts_plan-1273-p2;src_20260928_fts_plan-1510-p1;src_20260928_fts_plan-1510-p2;src_20260928_fts_locations
GBR,2022-10-01,2023-09-30,118738,1186;1156;1273;1510,2026-09-28T06:57:17Z,src_20260928_fts_plan-1186-p1;src_20260928_fts_plan-1156-p1;src_20260928_fts_plan-1156-p2;src_20260928_fts_plan-1273-p1;src_20260928_fts_plan-1273-p2;src_20260928_fts_plan-1510-p1;src_20260928_fts_plan-1510-p2;src_20260928_fts_locations;src_20260928_fts_organizations
GBR,2022-11-01,2023-10-31,118738,1186;1156;1273;1510,2026-09-28T06:57:17Z,src_20260928_fts_plan-1186-p1;src_20260928_fts_plan-1156-p1;src_20260928_fts_plan-1156-p2;src_20260928_fts_plan-1273-p1;src_20260928_fts_plan-1273-p2;src_20260928_fts_plan-1510-p1;src_20260928_fts_plan-1510-p2;src_20260928_fts_locations;src_20260928_fts_organizations
GBR,2022-12-01,2023-11-30,26144686,1186;1156;1273;1510,2026-09-28T06:57:17Z,src_20260928_fts_plan-1186-p1;src_20260928_fts_plan-1156-p1;src_20260928_fts_plan-1156-p2;src_20260928_fts_plan-1273-p1;src_20260928_fts_plan-1273-p2;src_20260928_fts_plan-1510-p1;src_20260928_fts_plan-1510-p2;src_20260928_fts_locations;src_20260928_fts_organizations
GBR,2023-01-01,2023-12-31,32481821,1186;1156;1273;1510,2026-09-28T06:57:17Z,src_20260928_fts_plan-1186-p1;src_20260928_fts_plan-1156-p1;src_20260928_fts_plan-1156-p2;src_20260928_fts_plan-1273-p1;src_20260928_fts_plan-1273-p2;src_20260928_fts_plan-1510-p1;src_20260928_fts_plan-1510-p2;src_20260928_fts_locations;src_20260928_fts_organizations
GBR,2023-02-01,2024-01-31,33754086,1186;1156;1273;1510,2026-09-28T06:57:17Z,src_20260928_fts_plan-1186-p1;src_20260928_fts_plan-1156-p1;src_20260928_fts_plan-1156-p2;src_20260928_fts_plan-1273-p1;src_20260928_fts_plan-1273-p2;src_20260928_fts_plan-1510-p1;src_20260928_fts_plan-1510-p2;src_20260928_fts_locations;src_20260928_fts_organizations
GBR,2023-03-01,2024-02-29,52408363,1186;1156;1273;1510,2026-09-28T06:57:17Z,src_20260928_fts_plan-1186-p1;src_20260928_fts_plan-1156-p1;src_20260928_fts_plan-1156-p2;src_20260928_fts_plan-1273-p1;src_20260928_fts_plan-1273-p2;src_20260928_fts_plan-1510-p1;src_20260928_fts_plan-1510-p2;src_20260928_fts_locations;src_20260928_fts_organizations
GBR,2023-04-01,2024-03-31,59180515,1186;1156;1273;1510,2026-09-28T06:57:17Z,src_20260928_fts_plan-1186-p1;src_20260928_fts_plan-1156-p1;src_20260928_fts_plan-1156-p2;src_20260928_fts_plan-1273-p1;src_20260928_fts_plan-1273-p2;src_20260928_fts_plan-1510-p1;src_20260928_fts_plan-1510-p2;src_20260928_fts_locations;src_20260928_fts_organizations
GBR,2023-05-01,2024-04-30,77378477,1186;1156;1273;1510,2026-09-28T06:57:17Z,src_20260928_fts_plan-1186-p1;src_20260928_fts_plan-1156-p1;src_20260928_fts_plan-1156-p2;src_20260928_fts_plan-1273-p1;src_20260928_fts_plan-1273-p2;src_20260928_fts_plan-1510-p1;src_20260928_fts_plan-1510-p2;src_20260928_fts_locations;src_20260928_fts_organizations
GBR,2023-06-01,2024-05-31,77378477,1186;1156;1273;1510,2026-09-28T06:57:17Z,src_20260928_fts_plan-1186-p1;src_20260928_fts_plan-1156-p1;src_20260928_fts_plan-1156-p2;src_20260928_fts_plan-1273-p1;src_20260928_fts_plan-1273-p2;src_20260928_fts_plan-1510-p1;src_20260928_fts_plan-1510-p2;src_20260928_fts_locations;src_20260928_fts_organizations
GBR,2023-07-01,2024-06-30,85012065,1186;1156;1273;1510,2026-09-28T06:57:17Z,src_20260928_fts_plan-1186-p1;src_20260928_fts_plan-1156-p1;src_20260928_fts_plan-1156-p2;src_20260928_fts_plan-1273-p1;src_20260928_fts_plan-1273-p2;src_20260928_fts_plan-1510-p1;src_20260928_fts_plan-1510-p2;src_20260928_fts_locations;src_20260928_fts_organizations
GBR,2023-08-01,2024-07-31,85167304,1186;1156;1273;1510,2026-09-28T06:57:17Z,src_20260928_fts_plan-1186-p1;src_20260928_fts_plan-1156-p1;src_20260928_fts_plan-1156-p2;src_20260928_fts_plan-1273-p1;src_20260928_fts_plan-1273-p2;src_20260928_fts_plan-1510-p1;src_20260928_fts_plan-1510-p2;src_20260928_fts_locations;src_20260928_fts_organizations
GBR,2023-09-01,2024-08-31,85048566,1186;1156;1273;1510,2026-09-28T06:57:17Z,src_20260928_fts_plan-1186-p1;src_20260928_fts_plan-1156-p1;src_20260928_fts_plan-1156-p2;src_20260928_fts_plan-1273-p1;src_20260928_fts_plan-1273-p2;src_20260928_fts_plan-1510-p1;src_20260928_fts_plan-1510-p2;src_20260928_fts_locations;src_20260928_fts_organizations
GBR,2023-10-01,2024-09-30,85048566,1186;1156;1273;1510,2026-09-28T06:57:17Z,src_20260928_fts_plan-1186-p1;src_20260928_fts_plan-1156-p1;src_20260928_fts_plan-1156-p2;src_20260928_fts_plan-1273-p1;src_20260928_fts_plan-1273-p2;src_20260928_fts_plan-1510-p1;src_20260928_fts_plan-1510-p2;src_20260928_fts_locations;src_20260928_fts_organizations
GBR,2023-11-01,2024-10-31,104337793,1186;1156;1273;1510,2026-09-28T06:57:17Z,src_20260928_fts_plan-1186-p1;src_20260928_fts_plan-1156-p1;src_20260928_fts_plan-1156-p2;src_20260928_fts_plan-1273-p1;src_20260928_fts_plan-1273-p2;src_20260928_fts_plan-1510-p1;src_20260928_fts_plan-1510-p2;src_20260928_fts_locations;src_20260928_fts_organizations
GBR,2023-12-01,2024-11-30,79946597,1186;1156;1273;1510,2026-09-28T06:57:17Z,src_20260928_fts_plan-1186-p1;src_20260928_fts_plan-1156-p1;src_20260928_fts_plan-1156-p2;src_20260928_fts_plan-1273-p1;src_20260928_fts_plan-1273-p2;src_20260928_fts_plan-1510-p1;src_20260928_fts_plan-1510-p2;src_20260928_fts_locations;src_20260928_fts_organizations
GBR,2024-01-01,2024-12-31,76401274,1186;1156;1273;1510,2026-09-28T06:57:17Z,src_20260928_fts_plan-1186-p1;src_20260928_fts_plan-1156-p1;src_20260928_fts_plan-1156-p2;src_20260928_fts_plan-1273-p1;src_20260928_fts_plan-1273-p2;src_20260928_fts_plan-1510-p1;src_20260928_fts_plan-1510-p2;src_20260928_fts_locations;src_20260928_fts_organizations
GBR,2024-02-01,2025-01-31,75129009,1186;1156;1273;1510,2026-09-28T06:57:17Z,src_20260928_fts_plan-1186-p1;src_20260928_fts_plan-1156-p1;src_20260928_fts_plan-1156-p2;src_20260928_fts_plan-1273-p1;src_20260928_fts_plan-1273-p2;src_20260928_fts_plan-1510-p1;src_20260928_fts_plan-1510-p2;src_20260928_fts_locations;src_20260928_fts_organizations
GBR,2024-03-01,2025-02-28,56474732,1186;1156;1273;1510,2026-09-28T06:57:17Z,src_20260928_fts_plan-1186-p1;src_20260928_fts_plan-1156-p1;src_20260928_fts_plan-1156-p2;src_20260928_fts_plan-1273-p1;src_20260928_fts_plan-1273-p2;src_20260928_fts_plan-1510-p1;src_20260928_fts_plan-1510-p2;src_20260928_fts_locations;src_20260928_fts_organizations
GBR,2024-04-01,2025-03-31,56015711,1186;1156;1273;1510,2026-09-28T06:57:17Z,src_20260928_fts_plan-1186-p1;src_20260928_fts_plan-1156-p1;src_20260928_fts_plan-1156-p2;src_20260928_fts_plan-1273-p1;src_20260928_fts_plan-1273-p2;src_20260928_fts_plan-1510-p1;src_20260928_fts_plan-1510-p2;src_20260928_fts_locations;src_20260928_fts_organizations
GBR,2024-05-01,2025-04-30,56652634,1186;1156;1273;1510,2026-09-28T06:57:17Z,src_20260928_fts_plan-1186-p1;src_20260928_fts_plan-1156-p1;src_20260928_fts_plan-1156-p2;src_20260928_fts_plan-1273-p1;src_20260928_fts_plan-1273-p2;src_20260928_fts_plan-1510-p1;src_20260928_fts_plan-1510-p2;src_20260928_fts_locations;src_20260928_fts_organizations
GBR,2024-06-01,2025-05-31,80250915,1186;1156;1273;1510,2026-09-28T06:57:17Z,src_20260928_fts_plan-1186-p1;src_20260928_fts_plan-1156-p1;src_20260928_fts_plan-1156-p2;src_20260928_fts_plan-1273-p1;src_20260928_fts_plan-1273-p2;src_20260928_fts_plan-1510-p1;src_20260928_fts_plan-1510-p2;src_20260928_fts_locations;src_20260928_fts_organizations
GBR,2024-07-01,2025-06-30,72617327,1186;1156;1273;1510,2026-09-28T06:57:17Z,src_20260928_fts_plan-1186-p1;src_20260928_fts_plan-1156-p1;src_20260928_fts_plan-1156-p2;src_20260928_fts_plan-1273-p1;src_20260928_fts_plan-1273-p2;src_20260928_fts_plan-1510-p1;src_20260928_fts_plan-1510-p2;src_20260928_fts_locations;src_20260928_fts_organizations
GBR,2024-08-01,2025-07-31,83948574,1186;1156;1273;1510,2026-09-28T06:57:17Z,src_20260928_fts_plan-1186-p1;src_20260928_fts_plan-1156-p1;src_20260928_fts_plan-1156-p2;src_20260928_fts_plan-1273-p1;src_20260928_fts_plan-1273-p2;src_20260928_fts_plan-1510-p1;src_20260928_fts_plan-1510-p2;src_20260928_fts_locations;src_20260928_fts_organizations
GBR,2024-09-01,2025-08-31,83948574,1186;1156;1273;1510,2026-09-28T06:57:17Z,src_20260928_fts_plan-1186-p1;src_20260928_fts_plan-1156-p1;src_20260928_fts_plan-1156-p2;src_20260928_fts_plan-1273-p1;src_20260928_fts_plan-1273-p2;src_20260928_fts_plan-1510-p1;src_20260928_fts_plan-1510-p2;src_20260928_fts_locations;src_20260928_fts_organizations
GBR,2024-10-01,2025-09-30,83948574,1186;1156;1273;1510,2026-09-28T06:57:17Z,src_20260928_fts_plan-1186-p1;src_20260928_fts_plan-1156-p1;src_20260928_fts_plan-1156-p2;src_20260928_fts_plan-1273-p1;src_20260928_fts_plan-1273-p2;src_20260928_fts_plan-1510-p1;src_20260928_fts_plan-1510-p2;src_20260928_fts_locations;src_20260928_fts_organizations
GBR,2024-11-01,2025-10-31,71553467,1186;1156;1273;1510,2026-09-28T06:57:17Z,src_20260928_fts_plan-1186-p1;src_20260928_fts_plan-1156-p1;src_20260928_fts_plan-1156-p2;src_20260928_fts_plan-1273-p1;src_20260928_fts_plan-1273-p2;src_20260928_fts_plan-1510-p1;src_20260928_fts_plan-1510-p2;src_20260928_fts_locations;src_20260928_fts_organizations
GBR,2024-12-01,2025-11-30,70771699,1186;1156;1273;1510,2026-09-28T06:57:17Z,src_20260928_fts_plan-1186-p1;src_20260928_fts_plan-1156-p1;src_20260928_fts_plan-1156-p2;src_20260928_fts_plan-1273-p1;src_20260928_fts_plan-1273-p2;src_20260928_fts_plan-1510-p1;src_20260928_fts_plan-1510-p2;src_20260928_fts_locations;src_20260928_fts_organizations
GBR,2025-01-01,2025-12-31,72033943,1186;1156;1273;1510,2026-09-28T06:57:17Z,src_20260928_fts_plan-1186-p1;src_20260928_fts_plan-1156-p1;src_20260928_fts_plan-1156-p2;src_20260928_fts_plan-1273-p1;src_20260928_fts_plan-1273-p2;src_20260928_fts_plan-1510-p1;src_20260928_fts_plan-1510-p2;src_20260928_fts_locations;src_20260928_fts_organizations
GBR,2025-02-01,2026-01-31,74918411,1186;1156;1273;1510,2026-09-28T06:57:17Z,src_20260928_fts_plan-1186-p1;src_20260928_fts_plan-1156-p1;src_20260928_fts_plan-1156-p2;src_20260928_fts_plan-1273-p1;src_20260928_fts_plan-1273-p2;src_20260928_fts_plan-1510-p1;src_20260928_fts_plan-1510-p2;src_20260928_fts_locations;src_20260928_fts_organizations
GBR,2025-03-01,2026-02-28,78159692,1186;1156;1273;1510,2026-09-28T06:57:17Z,src_20260928_fts_plan-1186-p1;src_20260928_fts_plan-1156-p1;src_20260928_fts_plan-1156-p2;src_20260928_fts_plan-1273-p1;src_20260928_fts_plan-1273-p2;src_20260928_fts_plan-1510-p1;src_20260928_fts_plan-1510-p2;src_20260928_fts_locations;src_20260928_fts_organizations
GBR,2025-04-01,2026-03-31,89031263,1186;1156;1273;1510,2026-09-28T06:57:17Z,src_20260928_fts_plan-1186-p1;src_20260928_fts_plan-1156-p1;src_20260928_fts_plan-1156-p2;src_20260928_fts_plan-1273-p1;src_20260928_fts_plan-1273-p2;src_20260928_fts_plan-1510-p1;src_20260928_fts_plan-1510-p2;src_20260928_fts_locations;src_20260928_fts_organizations
GBR,2025-05-01,2026-04-30,74294739,1186;1156;1273;1510,2026-09-28T06:57:17Z,src_20260928_fts_plan-1186-p1;src_20260928_fts_plan-1156-p1;src_20260928_fts_plan-1156-p2;src_20260928_fts_plan-1273-p1;src_20260928_fts_plan-1273-p2;src_20260928_fts_plan-1510-p1;src_20260928_fts_plan-1510-p2;src_20260928_fts_locations;src_20260928_fts_organizations
GBR,2025-06-01,2026-05-31,50696458,1186;1156;1273;1510,2026-09-28T06:57:17Z,src_20260928_fts_plan-1186-p1;src_20260928_fts_plan-1156-p1;src_20260928_fts_plan-1156-p2;src_20260928_fts_plan-1273-p1;src_20260928_fts_plan-1273-p2;src_20260928_fts_plan-1510-p1;src_20260928_fts_plan-1510-p2;src_20260928_fts_locations;src_20260928_fts_organizations
GBR,2025-07-01,2026-06-30,69085969,1186;1156;1273;1510,2026-09-28T06:57:17Z,src_20260928_fts_plan-1186-p1;src_20260928_fts_plan-1156-p1;src_20260928_fts_plan-1156-p2;src_20260928_fts_plan-1273-p1;src_20260928_fts_plan-1273-p2;src_20260928_fts_plan-1510-p1;src_20260928_fts_plan-1510-p2;src_20260928_fts_locations;src_20260928_fts_organizations
GBR,2025-08-01,2026-07-31,58703052,1186;1156;1273;1510,2026-09-28T06:57:17Z,src_20260928_fts_plan-1186-p1;src_20260928_fts_plan-1156-p1;src_20260928_fts_plan-1156-p2;src_20260928_fts_plan-1273-p1;src_20260928_fts_plan-1273-p2;src_20260928_fts_plan-1510-p1;src_20260928_fts_plan-1510-p2;src_20260928_fts_locations;src_20260928_fts_organizations
GBR,2025-09-01,2026-08-31,79788842,1186;1156;1273;1510,2026-09-28T06:57:17Z,src_20260928_fts_plan-1186-p1;src_20260928_fts_plan-1156-p1;src_20260928_fts_plan-1156-p2;src_20260928_fts_plan-1273-p1;src_20260928_fts_plan-1273-p2;src_20260928_fts_plan-1510-p1;src_20260928_fts_plan-1510-p2;src_20260928_fts_locations;src_20260928_fts_organizations
GRC,2022-10-01,2023-09-30,0,1186;1156;1273;1510,2026-09-28T06:57:17Z,src_20260928_fts_plan-1186-p1;src_20260928_fts_plan-1156-p1;src_20260928_fts_plan-1156-p2;src_20260928_fts_plan-1273-p1;src_20260928_fts_plan-1273-p2;src_20260928_fts_plan-1510-p1;src_20260928_fts_plan-1510-p2;src_20260928_fts_locations
GRC,2022-11-01,2023-10-31,0,1186;1156;1273;1510,2026-09-28T06:57:17Z,src_20260928_fts_plan-1186-p1;src_20260928_fts_plan-1156-p1;src_20260928_fts_plan-1156-p2;src_20260928_fts_plan-1273-p1;src_20260928_fts_plan-1273-p2;src_20260928_fts_plan-1510-p1;src_20260928_fts_plan-1510-p2;src_20260928_fts_locations
GRC,2022-12-01,2023-11-30,0,1186;1156;1273;1510,2026-09-28T06:57:17Z,src_20260928_fts_plan-1186-p1;src_20260928_fts_plan-1156-p1;src_20260928_fts_plan-1156-p2;src_20260928_fts_plan-1273-p1;src_20260928_fts_plan-1273-p2;src_20260928_fts_plan-1510-p1;src_20260928_fts_plan-1510-p2;src_20260928_fts_locations
GRC,2023-01-01,2023-12-31,0,1186;1156;1273;1510,2026-09-28T06:57:17Z,src_20260928_fts_plan-1186-p1;src_20260928_fts_plan-1156-p1;src_20260928_fts_plan-1156-p2;src_20260928_fts_plan-1273-p1;src_20260928_fts_plan-1273-p2;src_20260928_fts_plan-1510-p1;src_20260928_fts_plan-1510-p2;src_20260928_fts_locations
GRC,2023-02-01,2024-01-31,0,1186;1156;1273;1510,2026-09-28T06:57:17Z,src_20260928_fts_plan-1186-p1;src_20260928_fts_plan-1156-p1;src_20260928_fts_plan-1156-p2;src_20260928_fts_plan-1273-p1;src_20260928_fts_plan-1273-p2;src_20260928_fts_plan-1510-p1;src_20260928_fts_plan-1510-p2;src_20260928_fts_locations
GRC,2023-03-01,2024-02-29,0,1186;1156;1273;1510,2026-09-28T06:57:17Z,src_20260928_fts_plan-1186-p1;src_20260928_fts_plan-1156-p1;src_20260928_fts_plan-1156-p2;src_20260928_fts_plan-1273-p1;src_20260928_fts_plan-1273-p2;src_20260928_fts_plan-1510-p1;src_20260928_fts_plan-1510-p2;src_20260928_fts_locations
GRC,2023-04-01,2024-03-31,0,1186;1156;1273;1510,2026-09-28T06:57:17Z,src_20260928_fts_plan-1186-p1;src_20260928_fts_plan-1156-p1;src_20260928_fts_plan-1156-p2;src_20260928_fts_plan-1273-p1;src_20260928_fts_plan-1273-p2;src_20260928_fts_plan-1510-p1;src_20260928_fts_plan-1510-p2;src_20260928_fts_locations
GRC,2023-05-01,2024-04-30,0,1186;1156;1273;1510,2026-09-28T06:57:17Z,src_20260928_fts_plan-1186-p1;src_20260928_fts_plan-1156-p1;src_20260928_fts_plan-1156-p2;src_20260928_fts_plan-1273-p1;src_20260928_fts_plan-1273-p2;src_20260928_fts_plan-1510-p1;src_20260928_fts_plan-1510-p2;src_20260928_fts_locations
GRC,2023-06-01,2024-05-31,0,1186;1156;1273;1510,2026-09-28T06:57:17Z,src_20260928_fts_plan-1186-p1;src_20260928_fts_plan-1156-p1;src_20260928_fts_plan-1156-p2;src_20260928_fts_plan-1273-p1;src_20260928_fts_plan-1273-p2;src_20260928_fts_plan-1510-p1;src_20260928_fts_plan-1510-p2;src_20260928_fts_locations
GRC,2023-07-01,2024-06-30,0,1186;1156;1273;1510,2026-09-28T06:57:17Z,src_20260928_fts_plan-1186-p1;src_20260928_fts_plan-1156-p1;src_20260928_fts_plan-1156-p2;src_20260928_fts_plan-1273-p1;src_20260928_fts_plan-1273-p2;src_20260928_fts_plan-1510-p1;src_20260928_fts_plan-1510-p2;src_20260928_fts_locations
GRC,2023-08-01,2024-07-31,0,1186;1156;1273;1510,2026-09-28T06:57:17Z,src_20260928_fts_plan-1186-p1;src_20260928_fts_plan-1156-p1;src_20260928_fts_plan-1156-p2;src_20260928_fts_plan-1273-p1;src_20260928_fts_plan-1273-p2;src_20260928_fts_plan-1510-p1;src_20260928_fts_plan-1510-p2;src_20260928_fts_locations
GRC,2023-09-01,2024-08-31,0,1186;1156;1273;1510,2026-09-28T06:57:17Z,src_20260928_fts_plan-1186-p1;src_20260928_fts_plan-1156-p1;src_20260928_fts_plan-1156-p2;src_20260928_fts_plan-1273-p1;src_20260928_fts_plan-1273-p2;src_20260928_fts_plan-1510-p1;src_20260928_fts_plan-1510-p2;src_20260928_fts_locations
GRC,2023-10-01,2024-09-30,0,1186;1156;1273;1510,2026-09-28T06:57:17Z,src_20260928_fts_plan-1186-p1;src_20260928_fts_plan-1156-p1;src_20260928_fts_plan-1156-p2;src_20260928_fts_plan-1273-p1;src_20260928_fts_plan-1273-p2;src_20260928_fts_plan-1510-p1;src_20260928_fts_plan-1510-p2;src_20260928_fts_locations
GRC,2023-11-01,2024-10-31,0,1186;1156;1273;1510,2026-09-28T06:57:17Z,src_20260928_fts_plan-1186-p1;src_20260928_fts_plan-1156-p1;src_20260928_fts_plan-1156-p2;src_20260928_fts_plan-1273-p1;src_20260928_fts_plan-1273-p2;src_20260928_fts_plan-1510-p1;src_20260928_fts_plan-1510-p2;src_20260928_fts_locations
GRC,2023-12-01,2024-11-30,53022,1186;1156;1273;1510,2026-09-28T06:57:17Z,src_20260928_fts_plan-1186-p1;src_20260928_fts_plan-1156-p1;src_20260928_fts_plan-1156-p2;src_20260928_fts_plan-1273-p1;src_20260928_fts_plan-1273-p2;src_20260928_fts_plan-1510-p1;src_20260928_fts_plan-1510-p2;src_20260928_fts_locations
GRC,2024-01-01,2024-12-31,53022,1186;1156;1273;1510,2026-09-28T06:57:17Z,src_20260928_fts_plan-1186-p1;src_20260928_fts_plan-1156-p1;src_20260928_fts_plan-1156-p2;src_20260928_fts_plan-1273-p1;src_20260928_fts_plan-1273-p2;src_20260928_fts_plan-1510-p1;src_20260928_fts_plan-1510-p2;src_20260928_fts_locations
GRC,2024-02-01,2025-01-31,53022,1186;1156;1273;1510,2026-09-28T06:57:17Z,src_20260928_fts_plan-1186-p1;src_20260928_fts_plan-1156-p1;src_20260928_fts_plan-1156-p2;src_20260928_fts_plan-1273-p1;src_20260928_fts_plan-1273-p2;src_20260928_fts_plan-1510-p1;src_20260928_fts_plan-1510-p2;src_20260928_fts_locations
GRC,2024-03-01,2025-02-28,53022,1186;1156;1273;1510,2026-09-28T06:57:17Z,src_20260928_fts_plan-1186-p1;src_20260928_fts_plan-1156-p1;src_20260928_fts_plan-1156-p2;src_20260928_fts_plan-1273-p1;src_20260928_fts_plan-1273-p2;src_20260928_fts_plan-1510-p1;src_20260928_fts_plan-1510-p2;src_20260928_fts_locations
GRC,2024-04-01,2025-03-31,53022,1186;1156;1273;1510,2026-09-28T06:57:17Z,src_20260928_fts_plan-1186-p1;src_20260928_fts_plan-1156-p1;src_20260928_fts_plan-1156-p2;src_20260928_fts_plan-1273-p1;src_20260928_fts_plan-1273-p2;src_20260928_fts_plan-1510-p1;src_20260928_fts_plan-1510-p2;src_20260928_fts_locations
GRC,2024-05-01,2025-04-30,53022,1186;1156;1273;1510,2026-09-28T06:57:17Z,src_20260928_fts_plan-1186-p1;src_20260928_fts_plan-1156-p1;src_20260928_fts_plan-1156-p2;src_20260928_fts_plan-1273-p1;src_20260928_fts_plan-1273-p2;src_20260928_fts_plan-1510-p1;src_20260928_fts_plan-1510-p2;src_20260928_fts_locations
GRC,2024-06-01,2025-05-31,53022,1186;1156;1273;1510,2026-09-28T06:57:17Z,src_20260928_fts_plan-1186-p1;src_20260928_fts_plan-1156-p1;src_20260928_fts_plan-1156-p2;src_20260928_fts_plan-1273-p1;src_20260928_fts_plan-1273-p2;src_20260928_fts_plan-1510-p1;src_20260928_fts_plan-1510-p2;src_20260928_fts_locations
GRC,2024-07-01,2025-06-30,53022,1186;1156;1273;1510,2026-09-28T06:57:17Z,src_20260928_fts_plan-1186-p1;src_20260928_fts_plan-1156-p1;src_20260928_fts_plan-1156-p2;src_20260928_fts_plan-1273-p1;src_20260928_fts_plan-1273-p2;src_20260928_fts_plan-1510-p1;src_20260928_fts_plan-1510-p2;src_20260928_fts_locations
GRC,2024-08-01,2025-07-31,53022,1186;1156;1273;1510,2026-09-28T06:57:17Z,src_20260928_fts_plan-1186-p1;src_20260928_fts_plan-1156-p1;src_20260928_fts_plan-1156-p2;src_20260928_fts_plan-1273-p1;src_20260928_fts_plan-1273-p2;src_20260928_fts_plan-1510-p1;src_20260928_fts_plan-1510-p2;src_20260928_fts_locations
GRC,2024-09-01,2025-08-31,53022,1186;1156;1273;1510,2026-09-28T06:57:17Z,src_20260928_fts_plan-1186-p1;src_20260928_fts_plan-1156-p1;src_20260928_fts_plan-1156-p2;src_20260928_fts_plan-1273-p1;src_20260928_fts_plan-1273-p2;src_20260928_fts_plan-1510-p1;src_20260928_fts_plan-1510-p2;src_20260928_fts_locations
GRC,2024-10-01,2025-09-30,53022,1186;1156;1273;1510,2026-09-28T06:57:17Z,src_20260928_fts_plan-1186-p1;src_20260928_fts_plan-1156-p1;src_20260928_fts_plan-1156-p2;src_20260928_fts_plan-1273-p1;src_20260928_fts_plan-1273-p2;src_20260928_fts_plan-1510-p1;src_20260928_fts_plan-1510-p2;src_20260928_fts_locations
GRC,2024-11-01,2025-10-31,53022,1186;1156;1273;1510,2026-09-28T06:57:17Z,src_20260928_fts_plan-1186-p1;src_20260928_fts_plan-1156-p1;src_20260928_fts_plan-1156-p2;src_20260928_fts_plan-1273-p1;src_20260928_fts_plan-1273-p2;src_20260928_fts_plan-1510-p1;src_20260928_fts_plan-1510-p2;src_20260928_fts_locations
GRC,2024-12-01,2025-11-30,0,1186;1156;1273;1510,2026-09-28T06:57:17Z,src_20260928_fts_plan-1186-p1;src_20260928_fts_plan-1156-p1;src_20260928_fts_plan-1156-p2;src_20260928_fts_plan-1273-p1;src_20260928_fts_plan-1273-p2;src_20260928_fts_plan-1510-p1;src_20260928_fts_plan-1510-p2;src_20260928_fts_locations
GRC,2025-01-01,2025-12-31,0,1186;1156;1273;1510,2026-09-28T06:57:17Z,src_20260928_fts_plan-1186-p1;src_20260928_fts_plan-1156-p1;src_20260928_fts_plan-1156-p2;src_20260928_fts_plan-1273-p1;src_20260928_fts_plan-1273-p2;src_20260928_fts_plan-1510-p1;src_20260928_fts_plan-1510-p2;src_20260928_fts_locations
GRC,2025-02-01,2026-01-31,352941,1186;1156;1273;1510,2026-09-28T06:57:17Z,src_20260928_fts_plan-1186-p1;src_20260928_fts_plan-1156-p1;src_20260928_fts_plan-1156-p2;src_20260928_fts_plan-1273-p1;src_20260928_fts_plan-1273-p2;src_20260928_fts_plan-1510-p1;src_20260928_fts_plan-1510-p2;src_20260928_fts_locations
GRC,2025-03-01,2026-02-28,352941,1186;1156;1273;1510,2026-09-28T06:57:17Z,src_20260928_fts_plan-1186-p1;src_20260928_fts_plan-1156-p1;src_20260928_fts_plan-1156-p2;src_20260928_fts_plan-1273-p1;src_20260928_fts_plan-1273-p2;src_20260928_fts_plan-1510-p1;src_20260928_fts_plan-1510-p2;src_20260928_fts_locations
GRC,2025-04-01,2026-03-31,352941,1186;1156;1273;1510,2026-09-28T06:57:17Z,src_20260928_fts_plan-1186-p1;src_20260928_fts_plan-1156-p1;src_20260928_fts_plan-1156-p2;src_20260928_fts_plan-1273-p1;src_20260928_fts_plan-1273-p2;src_20260928_fts_plan-1510-p1;src_20260928_fts_plan-1510-p2;src_20260928_fts_locations
GRC,2025-05-01,2026-04-30,352941,1186;1156;1273;1510,2026-09-28T06:57:17Z,src_20260928_fts_plan-1186-p1;src_20260928_fts_plan-1156-p1;src_20260928_fts_plan-1156-p2;src_20260928_fts_plan-1273-p1;src_20260928_fts_plan-1273-p2;src_20260928_fts_plan-1510-p1;src_20260928_fts_plan-1510-p2;src_20260928_fts_locations
GRC,2025-06-01,2026-05-31,352941,1186;1156;1273;1510,2026-09-28T06:57:17Z,src_20260928_fts_plan-1186-p1;src_20260928_fts_plan-1156-p1;src_20260928_fts_plan-1156-p2;src_20260928_fts_plan-1273-p1;src_20260928_fts_plan-1273-p2;src_20260928_fts_plan-1510-p1;src_20260928_fts_plan-1510-p2;src_20260928_fts_locations
GRC,2025-07-01,2026-06-30,352941,1186;1156;1273;1510,2026-09-28T06:57:17Z,src_20260928_fts_plan-1186-p1;src_20260928_fts_plan-1156-p1;src_20260928_fts_plan-1156-p2;src_20260928_fts_plan-1273-p1;src_20260928_fts_plan-1273-p2;src_20260928_fts_plan-1510-p1;src_20260928_fts_plan-1510-p2;src_20260928_fts_locations
GRC,2025-08-01,2026-07-31,352941,1186;1156;1273;1510,2026-09-28T06:57:17Z,src_20260928_fts_plan-1186-p1;src_20260928_fts_plan-1156-p1;src_20260928_fts_plan-1156-p2;src_20260928_fts_plan-1273-p1;src_20260928_fts_plan-1273-p2;src_20260928_fts_plan-1510-p1;src_20260928_fts_plan-1510-p2;src_20260928_fts_locations
GRC,2025-09-01,2026-08-31,352941,1186;1156;1273;1510,2026-09-28T06:57:17Z,src_20260928_fts_plan-1186-p1;src_20260928_fts_plan-1156-p1;src_20260928_fts_plan-1156-p2;src_20260928_fts_plan-1273-p1;src_20260928_fts_plan-1273-p2;src_20260928_fts_plan-1510-p1;src_20260928_fts_plan-1510-p2;src_20260928_fts_locations
GUY,2022-10-01,2023-09-30,0,1186;1156;1273;1510,2026-09-28T06:57:17Z,src_20260928_fts_plan-1186-p1;src_20260928_fts_plan-1156-p1;src_20260928_fts_plan-1156-p2;src_20260928_fts_plan-1273-p1;src_20260928_fts_plan-1273-p2;src_20260928_fts_plan-1510-p1;src_20260928_fts_plan-1510-p2;src_20260928_fts_locations
GUY,2022-11-01,2023-10-31,0,1186;1156;1273;1510,2026-09-28T06:57:17Z,src_20260928_fts_plan-1186-p1;src_20260928_fts_plan-1156-p1;src_20260928_fts_plan-1156-p2;src_20260928_fts_plan-1273-p1;src_20260928_fts_plan-1273-p2;src_20260928_fts_plan-1510-p1;src_20260928_fts_plan-1510-p2;src_20260928_fts_locations
GUY,2022-12-01,2023-11-30,0,1186;1156;1273;1510,2026-09-28T06:57:17Z,src_20260928_fts_plan-1186-p1;src_20260928_fts_plan-1156-p1;src_20260928_fts_plan-1156-p2;src_20260928_fts_plan-1273-p1;src_20260928_fts_plan-1273-p2;src_20260928_fts_plan-1510-p1;src_20260928_fts_plan-1510-p2;src_20260928_fts_locations
GUY,2023-01-01,2023-12-31,0,1186;1156;1273;1510,2026-09-28T06:57:17Z,src_20260928_fts_plan-1186-p1;src_20260928_fts_plan-1156-p1;src_20260928_fts_plan-1156-p2;src_20260928_fts_plan-1273-p1;src_20260928_fts_plan-1273-p2;src_20260928_fts_plan-1510-p1;src_20260928_fts_plan-1510-p2;src_20260928_fts_locations
GUY,2023-02-01,2024-01-31,0,1186;1156;1273;1510,2026-09-28T06:57:17Z,src_20260928_fts_plan-1186-p1;src_20260928_fts_plan-1156-p1;src_20260928_fts_plan-1156-p2;src_20260928_fts_plan-1273-p1;src_20260928_fts_plan-1273-p2;src_20260928_fts_plan-1510-p1;src_20260928_fts_plan-1510-p2;src_20260928_fts_locations
GUY,2023-03-01,2024-02-29,0,1186;1156;1273;1510,2026-09-28T06:57:17Z,src_20260928_fts_plan-1186-p1;src_20260928_fts_plan-1156-p1;src_20260928_fts_plan-1156-p2;src_20260928_fts_plan-1273-p1;src_20260928_fts_plan-1273-p2;src_20260928_fts_plan-1510-p1;src_20260928_fts_plan-1510-p2;src_20260928_fts_locations
GUY,2023-04-01,2024-03-31,0,1186;1156;1273;1510,2026-09-28T06:57:17Z,src_20260928_fts_plan-1186-p1;src_20260928_fts_plan-1156-p1;src_20260928_fts_plan-1156-p2;src_20260928_fts_plan-1273-p1;src_20260928_fts_plan-1273-p2;src_20260928_fts_plan-1510-p1;src_20260928_fts_plan-1510-p2;src_20260928_fts_locations
GUY,2023-05-01,2024-04-30,0,1186;1156;1273;1510,2026-09-28T06:57:17Z,src_20260928_fts_plan-1186-p1;src_20260928_fts_plan-1156-p1;src_20260928_fts_plan-1156-p2;src_20260928_fts_plan-1273-p1;src_20260928_fts_plan-1273-p2;src_20260928_fts_plan-1510-p1;src_20260928_fts_plan-1510-p2;src_20260928_fts_locations
GUY,2023-06-01,2024-05-31,0,1186;1156;1273;1510,2026-09-28T06:57:17Z,src_20260928_fts_plan-1186-p1;src_20260928_fts_plan-1156-p1;src_20260928_fts_plan-1156-p2;src_20260928_fts_plan-1273-p1;src_20260928_fts_plan-1273-p2;src_20260928_fts_plan-1510-p1;src_20260928_fts_plan-1510-p2;src_20260928_fts_locations
GUY,2023-07-01,2024-06-30,0,1186;1156;1273;1510,2026-09-28T06:57:17Z,src_20260928_fts_plan-1186-p1;src_20260928_fts_plan-1156-p1;src_20260928_fts_plan-1156-p2;src_20260928_fts_plan-1273-p1;src_20260928_fts_plan-1273-p2;src_20260928_fts_plan-1510-p1;src_20260928_fts_plan-1510-p2;src_20260928_fts_locations
GUY,2023-08-01,2024-07-31,0,1186;1156;1273;1510,2026-09-28T06:57:17Z,src_20260928_fts_plan-1186-p1;src_20260928_fts_plan-1156-p1;src_20260928_fts_plan-1156-p2;src_20260928_fts_plan-1273-p1;src_20260928_fts_plan-1273-p2;src_20260928_fts_plan-1510-p1;src_20260928_fts_plan-1510-p2;src_20260928_fts_locations
GUY,2023-09-01,2024-08-31,0,1186;1156;1273;1510,2026-09-28T06:57:17Z,src_20260928_fts_plan-1186-p1;src_20260928_fts_plan-1156-p1;src_20260928_fts_plan-1156-p2;src_20260928_fts_plan-1273-p1;src_20260928_fts_plan-1273-p2;src_20260928_fts_plan-1510-p1;src_20260928_fts_plan-1510-p2;src_20260928_fts_locations
GUY,2023-10-01,2024-09-30,0,1186;1156;1273;1510,2026-09-28T06:57:17Z,src_20260928_fts_plan-1186-p1;src_20260928_fts_plan-1156-p1;src_20260928_fts_plan-1156-p2;src_20260928_fts_plan-1273-p1;src_20260928_fts_plan-1273-p2;src_20260928_fts_plan-1510-p1;src_20260928_fts_plan-1510-p2;src_20260928_fts_locations
GUY,2023-11-01,2024-10-31,0,1186;1156;1273;1510,2026-09-28T06:57:17Z,src_20260928_fts_plan-1186-p1;src_20260928_fts_plan-1156-p1;src_20260928_fts_plan-1156-p2;src_20260928_fts_plan-1273-p1;src_20260928_fts_plan-1273-p2;src_20260928_fts_plan-1510-p1;src_20260928_fts_plan-1510-p2;src_20260928_fts_locations
GUY,2023-12-01,2024-11-30,0,1186;1156;1273;1510,2026-09-28T06:57:17Z,src_20260928_fts_plan-1186-p1;src_20260928_fts_plan-1156-p1;src_20260928_fts_plan-1156-p2;src_20260928_fts_plan-1273-p1;src_20260928_fts_plan-1273-p2;src_20260928_fts_plan-1510-p1;src_20260928_fts_plan-1510-p2;src_20260928_fts_locations
GUY,2024-01-01,2024-12-31,0,1186;1156;1273;1510,2026-09-28T06:57:17Z,src_20260928_fts_plan-1186-p1;src_20260928_fts_plan-1156-p1;src_20260928_fts_plan-1156-p2;src_20260928_fts_plan-1273-p1;src_20260928_fts_plan-1273-p2;src_20260928_fts_plan-1510-p1;src_20260928_fts_plan-1510-p2;src_20260928_fts_locations
GUY,2024-02-01,2025-01-31,0,1186;1156;1273;1510,2026-09-28T06:57:17Z,src_20260928_fts_plan-1186-p1;src_20260928_fts_plan-1156-p1;src_20260928_fts_plan-1156-p2;src_20260928_fts_plan-1273-p1;src_20260928_fts_plan-1273-p2;src_20260928_fts_plan-1510-p1;src_20260928_fts_plan-1510-p2;src_20260928_fts_locations
GUY,2024-03-01,2025-02-28,0,1186;1156;1273;1510,2026-09-28T06:57:17Z,src_20260928_fts_plan-1186-p1;src_20260928_fts_plan-1156-p1;src_20260928_fts_plan-1156-p2;src_20260928_fts_plan-1273-p1;src_20260928_fts_plan-1273-p2;src_20260928_fts_plan-1510-p1;src_20260928_fts_plan-1510-p2;src_20260928_fts_locations
GUY,2024-04-01,2025-03-31,0,1186;1156;1273;1510,2026-09-28T06:57:17Z,src_20260928_fts_plan-1186-p1;src_20260928_fts_plan-1156-p1;src_20260928_fts_plan-1156-p2;src_20260928_fts_plan-1273-p1;src_20260928_fts_plan-1273-p2;src_20260928_fts_plan-1510-p1;src_20260928_fts_plan-1510-p2;src_20260928_fts_locations
GUY,2024-05-01,2025-04-30,0,1186;1156;1273;1510,2026-09-28T06:57:17Z,src_20260928_fts_plan-1186-p1;src_20260928_fts_plan-1156-p1;src_20260928_fts_plan-1156-p2;src_20260928_fts_plan-1273-p1;src_20260928_fts_plan-1273-p2;src_20260928_fts_plan-1510-p1;src_20260928_fts_plan-1510-p2;src_20260928_fts_locations
GUY,2024-06-01,2025-05-31,150000,1186;1156;1273;1510,2026-09-28T06:57:17Z,src_20260928_fts_plan-1186-p1;src_20260928_fts_plan-1156-p1;src_20260928_fts_plan-1156-p2;src_20260928_fts_plan-1273-p1;src_20260928_fts_plan-1273-p2;src_20260928_fts_plan-1510-p1;src_20260928_fts_plan-1510-p2;src_20260928_fts_locations
GUY,2024-07-01,2025-06-30,150000,1186;1156;1273;1510,2026-09-28T06:57:17Z,src_20260928_fts_plan-1186-p1;src_20260928_fts_plan-1156-p1;src_20260928_fts_plan-1156-p2;src_20260928_fts_plan-1273-p1;src_20260928_fts_plan-1273-p2;src_20260928_fts_plan-1510-p1;src_20260928_fts_plan-1510-p2;src_20260928_fts_locations
GUY,2024-08-01,2025-07-31,150000,1186;1156;1273;1510,2026-09-28T06:57:17Z,src_20260928_fts_plan-1186-p1;src_20260928_fts_plan-1156-p1;src_20260928_fts_plan-1156-p2;src_20260928_fts_plan-1273-p1;src_20260928_fts_plan-1273-p2;src_20260928_fts_plan-1510-p1;src_20260928_fts_plan-1510-p2;src_20260928_fts_locations
GUY,2024-09-01,2025-08-31,150000,1186;1156;1273;1510,2026-09-28T06:57:17Z,src_20260928_fts_plan-1186-p1;src_20260928_fts_plan-1156-p1;src_20260928_fts_plan-1156-p2;src_20260928_fts_plan-1273-p1;src_20260928_fts_plan-1273-p2;src_20260928_fts_plan-1510-p1;src_20260928_fts_plan-1510-p2;src_20260928_fts_locations
GUY,2024-10-01,2025-09-30,150000,1186;1156;1273;1510,2026-09-28T06:57:17Z,src_20260928_fts_plan-1186-p1;src_20260928_fts_plan-1156-p1;src_20260928_fts_plan-1156-p2;src_20260928_fts_plan-1273-p1;src_20260928_fts_plan-1273-p2;src_20260928_fts_plan-1510-p1;src_20260928_fts_plan-1510-p2;src_20260928_fts_locations
GUY,2024-11-01,2025-10-31,150000,1186;1156;1273;1510,2026-09-28T06:57:17Z,src_20260928_fts_plan-1186-p1;src_20260928_fts_plan-1156-p1;src_20260928_fts_plan-1156-p2;src_20260928_fts_plan-1273-p1;src_20260928_fts_plan-1273-p2;src_20260928_fts_plan-1510-p1;src_20260928_fts_plan-1510-p2;src_20260928_fts_locations
GUY,2024-12-01,2025-11-30,150000,1186;1156;1273;1510,2026-09-28T06:57:17Z,src_20260928_fts_plan-1186-p1;src_20260928_fts_plan-1156-p1;src_20260928_fts_plan-1156-p2;src_20260928_fts_plan-1273-p1;src_20260928_fts_plan-1273-p2;src_20260928_fts_plan-1510-p1;src_20260928_fts_plan-1510-p2;src_20260928_fts_locations
GUY,2025-01-01,2025-12-31,150000,1186;1156;1273;1510,2026-09-28T06:57:17Z,src_20260928_fts_plan-1186-p1;src_20260928_fts_plan-1156-p1;src_20260928_fts_plan-1156-p2;src_20260928_fts_plan-1273-p1;src_20260928_fts_plan-1273-p2;src_20260928_fts_plan-1510-p1;src_20260928_fts_plan-1510-p2;src_20260928_fts_locations
GUY,2025-02-01,2026-01-31,150000,1186;1156;1273;1510,2026-09-28T06:57:17Z,src_20260928_fts_plan-1186-p1;src_20260928_fts_plan-1156-p1;src_20260928_fts_plan-1156-p2;src_20260928_fts_plan-1273-p1;src_20260928_fts_plan-1273-p2;src_20260928_fts_plan-1510-p1;src_20260928_fts_plan-1510-p2;src_20260928_fts_locations
GUY,2025-03-01,2026-02-28,150000,1186;1156;1273;1510,2026-09-28T06:57:17Z,src_20260928_fts_plan-1186-p1;src_20260928_fts_plan-1156-p1;src_20260928_fts_plan-1156-p2;src_20260928_fts_plan-1273-p1;src_20260928_fts_plan-1273-p2;src_20260928_fts_plan-1510-p1;src_20260928_fts_plan-1510-p2;src_20260928_fts_locations
GUY,2025-04-01,2026-03-31,150000,1186;1156;1273;1510,2026-09-28T06:57:17Z,src_20260928_fts_plan-1186-p1;src_20260928_fts_plan-1156-p1;src_20260928_fts_plan-1156-p2;src_20260928_fts_plan-1273-p1;src_20260928_fts_plan-1273-p2;src_20260928_fts_plan-1510-p1;src_20260928_fts_plan-1510-p2;src_20260928_fts_locations
GUY,2025-05-01,2026-04-30,150000,1186;1156;1273;1510,2026-09-28T06:57:17Z,src_20260928_fts_plan-1186-p1;src_20260928_fts_plan-1156-p1;src_20260928_fts_plan-1156-p2;src_20260928_fts_plan-1273-p1;src_20260928_fts_plan-1273-p2;src_20260928_fts_plan-1510-p1;src_20260928_fts_plan-1510-p2;src_20260928_fts_locations
GUY,2025-06-01,2026-05-31,0,1186;1156;1273;1510,2026-09-28T06:57:17Z,src_20260928_fts_plan-1186-p1;src_20260928_fts_plan-1156-p1;src_20260928_fts_plan-1156-p2;src_20260928_fts_plan-1273-p1;src_20260928_fts_plan-1273-p2;src_20260928_fts_plan-1510-p1;src_20260928_fts_plan-1510-p2;src_20260928_fts_locations
GUY,2025-07-01,2026-06-30,0,1186;1156;1273;1510,2026-09-28T06:57:17Z,src_20260928_fts_plan-1186-p1;src_20260928_fts_plan-1156-p1;src_20260928_fts_plan-1156-p2;src_20260928_fts_plan-1273-p1;src_20260928_fts_plan-1273-p2;src_20260928_fts_plan-1510-p1;src_20260928_fts_plan-1510-p2;src_20260928_fts_locations
GUY,2025-08-01,2026-07-31,0,1186;1156;1273;1510,2026-09-28T06:57:17Z,src_20260928_fts_plan-1186-p1;src_20260928_fts_plan-1156-p1;src_20260928_fts_plan-1156-p2;src_20260928_fts_plan-1273-p1;src_20260928_fts_plan-1273-p2;src_20260928_fts_plan-1510-p1;src_20260928_fts_plan-1510-p2;src_20260928_fts_locations
GUY,2025-09-01,2026-08-31,0,1186;1156;1273;1510,2026-09-28T06:57:17Z,src_20260928_fts_plan-1186-p1;src_20260928_fts_plan-1156-p1;src_20260928_fts_plan-1156-p2;src_20260928_fts_plan-1273-p1;src_20260928_fts_plan-1273-p2;src_20260928_fts_plan-1510-p1;src_20260928_fts_plan-1510-p2;src_20260928_fts_locations
HRV,2022-10-01,2023-09-30,0,1186;1156;1273;1510,2026-09-28T06:57:17Z,src_20260928_fts_plan-1186-p1;src_20260928_fts_plan-1156-p1;src_20260928_fts_plan-1156-p2;src_20260928_fts_plan-1273-p1;src_20260928_fts_plan-1273-p2;src_20260928_fts_plan-1510-p1;src_20260928_fts_plan-1510-p2;src_20260928_fts_locations
HRV,2022-11-01,2023-10-31,0,1186;1156;1273;1510,2026-09-28T06:57:17Z,src_20260928_fts_plan-1186-p1;src_20260928_fts_plan-1156-p1;src_20260928_fts_plan-1156-p2;src_20260928_fts_plan-1273-p1;src_20260928_fts_plan-1273-p2;src_20260928_fts_plan-1510-p1;src_20260928_fts_plan-1510-p2;src_20260928_fts_locations
HRV,2022-12-01,2023-11-30,0,1186;1156;1273;1510,2026-09-28T06:57:17Z,src_20260928_fts_plan-1186-p1;src_20260928_fts_plan-1156-p1;src_20260928_fts_plan-1156-p2;src_20260928_fts_plan-1273-p1;src_20260928_fts_plan-1273-p2;src_20260928_fts_plan-1510-p1;src_20260928_fts_plan-1510-p2;src_20260928_fts_locations
HRV,2023-01-01,2023-12-31,328947,1186;1156;1273;1510,2026-09-28T06:57:17Z,src_20260928_fts_plan-1186-p1;src_20260928_fts_plan-1156-p1;src_20260928_fts_plan-1156-p2;src_20260928_fts_plan-1273-p1;src_20260928_fts_plan-1273-p2;src_20260928_fts_plan-1510-p1;src_20260928_fts_plan-1510-p2;src_20260928_fts_locations
HRV,2023-02-01,2024-01-31,328947,1186;1156;1273;1510,2026-09-28T06:57:17Z,src_20260928_fts_plan-1186-p1;src_20260928_fts_plan-1156-p1;src_20260928_fts_plan-1156-p2;src_20260928_fts_plan-1273-p1;src_20260928_fts_plan-1273-p2;src_20260928_fts_plan-1510-p1;src_20260928_fts_plan-1510-p2;src_20260928_fts_locations
HRV,2023-03-01,2024-02-29,328947,1186;1156;1273;1510,2026-09-28T06:57:17Z,src_20260928_fts_plan-1186-p1;src_20260928_fts_plan-1156-p1;src_20260928_fts_plan-1156-p2;src_20260928_fts_plan-1273-p1;src_20260928_fts_plan-1273-p2;src_20260928_fts_plan-1510-p1;src_20260928_fts_plan-1510-p2;src_20260928_fts_locations
HRV,2023-04-01,2024-03-31,328947,1186;1156;1273;1510,2026-09-28T06:57:17Z,src_20260928_fts_plan-1186-p1;src_20260928_fts_plan-1156-p1;src_20260928_fts_plan-1156-p2;src_20260928_fts_plan-1273-p1;src_20260928_fts_plan-1273-p2;src_20260928_fts_plan-1510-p1;src_20260928_fts_plan-1510-p2;src_20260928_fts_locations
HRV,2023-05-01,2024-04-30,328947,1186;1156;1273;1510,2026-09-28T06:57:17Z,src_20260928_fts_plan-1186-p1;src_20260928_fts_plan-1156-p1;src_20260928_fts_plan-1156-p2;src_20260928_fts_plan-1273-p1;src_20260928_fts_plan-1273-p2;src_20260928_fts_plan-1510-p1;src_20260928_fts_plan-1510-p2;src_20260928_fts_locations
HRV,2023-06-01,2024-05-31,328947,1186;1156;1273;1510,2026-09-28T06:57:17Z,src_20260928_fts_plan-1186-p1;src_20260928_fts_plan-1156-p1;src_20260928_fts_plan-1156-p2;src_20260928_fts_plan-1273-p1;src_20260928_fts_plan-1273-p2;src_20260928_fts_plan-1510-p1;src_20260928_fts_plan-1510-p2;src_20260928_fts_locations
HRV,2023-07-01,2024-06-30,328947,1186;1156;1273;1510,2026-09-28T06:57:17Z,src_20260928_fts_plan-1186-p1;src_20260928_fts_plan-1156-p1;src_20260928_fts_plan-1156-p2;src_20260928_fts_plan-1273-p1;src_20260928_fts_plan-1273-p2;src_20260928_fts_plan-1510-p1;src_20260928_fts_plan-1510-p2;src_20260928_fts_locations
HRV,2023-08-01,2024-07-31,328947,1186;1156;1273;1510,2026-09-28T06:57:17Z,src_20260928_fts_plan-1186-p1;src_20260928_fts_plan-1156-p1;src_20260928_fts_plan-1156-p2;src_20260928_fts_plan-1273-p1;src_20260928_fts_plan-1273-p2;src_20260928_fts_plan-1510-p1;src_20260928_fts_plan-1510-p2;src_20260928_fts_locations
HRV,2023-09-01,2024-08-31,328947,1186;1156;1273;1510,2026-09-28T06:57:17Z,src_20260928_fts_plan-1186-p1;src_20260928_fts_plan-1156-p1;src_20260928_fts_plan-1156-p2;src_20260928_fts_plan-1273-p1;src_20260928_fts_plan-1273-p2;src_20260928_fts_plan-1510-p1;src_20260928_fts_plan-1510-p2;src_20260928_fts_locations
HRV,2023-10-01,2024-09-30,328947,1186;1156;1273;1510,2026-09-28T06:57:17Z,src_20260928_fts_plan-1186-p1;src_20260928_fts_plan-1156-p1;src_20260928_fts_plan-1156-p2;src_20260928_fts_plan-1273-p1;src_20260928_fts_plan-1273-p2;src_20260928_fts_plan-1510-p1;src_20260928_fts_plan-1510-p2;src_20260928_fts_locations
HRV,2023-11-01,2024-10-31,328947,1186;1156;1273;1510,2026-09-28T06:57:17Z,src_20260928_fts_plan-1186-p1;src_20260928_fts_plan-1156-p1;src_20260928_fts_plan-1156-p2;src_20260928_fts_plan-1273-p1;src_20260928_fts_plan-1273-p2;src_20260928_fts_plan-1510-p1;src_20260928_fts_plan-1510-p2;src_20260928_fts_locations
HRV,2023-12-01,2024-11-30,469945,1186;1156;1273;1510,2026-09-28T06:57:17Z,src_20260928_fts_plan-1186-p1;src_20260928_fts_plan-1156-p1;src_20260928_fts_plan-1156-p2;src_20260928_fts_plan-1273-p1;src_20260928_fts_plan-1273-p2;src_20260928_fts_plan-1510-p1;src_20260928_fts_plan-1510-p2;src_20260928_fts_locations
HRV,2024-01-01,2024-12-31,140998,1186;1156;1273;1510,2026-09-28T06:57:17Z,src_20260928_fts_plan-1186-p1;src_20260928_fts_plan-1156-p1;src_20260928_fts_plan-1156-p2;src_20260928_fts_plan-1273-p1;src_20260928_fts_plan-1273-p2;src_20260928_fts_plan-1510-p1;src_20260928_fts_plan-1510-p2;src_20260928_fts_locations
HRV,2024-02-01,2025-01-31,140998,1186;1156;1273;1510,2026-09-28T06:57:17Z,src_20260928_fts_plan-1186-p1;src_20260928_fts_plan-1156-p1;src_20260928_fts_plan-1156-p2;src_20260928_fts_plan-1273-p1;src_20260928_fts_plan-1273-p2;src_20260928_fts_plan-1510-p1;src_20260928_fts_plan-1510-p2;src_20260928_fts_locations
HRV,2024-03-01,2025-02-28,140998,1186;1156;1273;1510,2026-09-28T06:57:17Z,src_20260928_fts_plan-1186-p1;src_20260928_fts_plan-1156-p1;src_20260928_fts_plan-1156-p2;src_20260928_fts_plan-1273-p1;src_20260928_fts_plan-1273-p2;src_20260928_fts_plan-1510-p1;src_20260928_fts_plan-1510-p2;src_20260928_fts_locations
HRV,2024-04-01,2025-03-31,140998,1186;1156;1273;1510,2026-09-28T06:57:17Z,src_20260928_fts_plan-1186-p1;src_20260928_fts_plan-1156-p1;src_20260928_fts_plan-1156-p2;src_20260928_fts_plan-1273-p1;src_20260928_fts_plan-1273-p2;src_20260928_fts_plan-1510-p1;src_20260928_fts_plan-1510-p2;src_20260928_fts_locations
HRV,2024-05-01,2025-04-30,665657,1186;1156;1273;1510,2026-09-28T06:57:17Z,src_20260928_fts_plan-1186-p1;src_20260928_fts_plan-1156-p1;src_20260928_fts_plan-1156-p2;src_20260928_fts_plan-1273-p1;src_20260928_fts_plan-1273-p2;src_20260928_fts_plan-1510-p1;src_20260928_fts_plan-1510-p2;src_20260928_fts_locations
HRV,2024-06-01,2025-05-31,665657,1186;1156;1273;1510,2026-09-28T06:57:17Z,src_20260928_fts_plan-1186-p1;src_20260928_fts_plan-1156-p1;src_20260928_fts_plan-1156-p2;src_20260928_fts_plan-1273-p1;src_20260928_fts_plan-1273-p2;src_20260928_fts_plan-1510-p1;src_20260928_fts_plan-1510-p2;src_20260928_fts_locations
HRV,2024-07-01,2025-06-30,665657,1186;1156;1273;1510,2026-09-28T06:57:17Z,src_20260928_fts_plan-1186-p1;src_20260928_fts_plan-1156-p1;src_20260928_fts_plan-1156-p2;src_20260928_fts_plan-1273-p1;src_20260928_fts_plan-1273-p2;src_20260928_fts_plan-1510-p1;src_20260928_fts_plan-1510-p2;src_20260928_fts_locations
HRV,2024-08-01,2025-07-31,665657,1186;1156;1273;1510,2026-09-28T06:57:17Z,src_20260928_fts_plan-1186-p1;src_20260928_fts_plan-1156-p1;src_20260928_fts_plan-1156-p2;src_20260928_fts_plan-1273-p1;src_20260928_fts_plan-1273-p2;src_20260928_fts_plan-1510-p1;src_20260928_fts_plan-1510-p2;src_20260928_fts_locations
HRV,2024-09-01,2025-08-31,665657,1186;1156;1273;1510,2026-09-28T06:57:17Z,src_20260928_fts_plan-1186-p1;src_20260928_fts_plan-1156-p1;src_20260928_fts_plan-1156-p2;src_20260928_fts_plan-1273-p1;src_20260928_fts_plan-1273-p2;src_20260928_fts_plan-1510-p1;src_20260928_fts_plan-1510-p2;src_20260928_fts_locations
HRV,2024-10-01,2025-09-30,665657,1186;1156;1273;1510,2026-09-28T06:57:17Z,src_20260928_fts_plan-1186-p1;src_20260928_fts_plan-1156-p1;src_20260928_fts_plan-1156-p2;src_20260928_fts_plan-1273-p1;src_20260928_fts_plan-1273-p2;src_20260928_fts_plan-1510-p1;src_20260928_fts_plan-1510-p2;src_20260928_fts_locations
HRV,2024-11-01,2025-10-31,1345985,1186;1156;1273;1510,2026-09-28T06:57:17Z,src_20260928_fts_plan-1186-p1;src_20260928_fts_plan-1156-p1;src_20260928_fts_plan-1156-p2;src_20260928_fts_plan-1273-p1;src_20260928_fts_plan-1273-p2;src_20260928_fts_plan-1510-p1;src_20260928_fts_plan-1510-p2;src_20260928_fts_locations
HRV,2024-12-01,2025-11-30,3508285,1186;1156;1273;1510,2026-09-28T06:57:17Z,src_20260928_fts_plan-1186-p1;src_20260928_fts_plan-1156-p1;src_20260928_fts_plan-1156-p2;src_20260928_fts_plan-1273-p1;src_20260928_fts_plan-1273-p2;src_20260928_fts_plan-1510-p1;src_20260928_fts_plan-1510-p2;src_20260928_fts_locations
HRV,2025-01-01,2025-12-31,3508285,1186;1156;1273;1510,2026-09-28T06:57:17Z,src_20260928_fts_plan-1186-p1;src_20260928_fts_plan-1156-p1;src_20260928_fts_plan-1156-p2;src_20260928_fts_plan-1273-p1;src_20260928_fts_plan-1273-p2;src_20260928_fts_plan-1510-p1;src_20260928_fts_plan-1510-p2;src_20260928_fts_locations
HRV,2025-02-01,2026-01-31,3508285,1186;1156;1273;1510,2026-09-28T06:57:17Z,src_20260928_fts_plan-1186-p1;src_20260928_fts_plan-1156-p1;src_20260928_fts_plan-1156-p2;src_20260928_fts_plan-1273-p1;src_20260928_fts_plan-1273-p2;src_20260928_fts_plan-1510-p1;src_20260928_fts_plan-1510-p2;src_20260928_fts_locations
HRV,2025-03-01,2026-02-28,3508285,1186;1156;1273;1510,2026-09-28T06:57:17Z,src_20260928_fts_plan-1186-p1;src_20260928_fts_plan-1156-p1;src_20260928_fts_plan-1156-p2;src_20260928_fts_plan-1273-p1;src_20260928_fts_plan-1273-p2;src_20260928_fts_plan-1510-p1;src_20260928_fts_plan-1510-p2;src_20260928_fts_locations
HRV,2025-04-01,2026-03-31,3508285,1186;1156;1273;1510,2026-09-28T06:57:17Z,src_20260928_fts_plan-1186-p1;src_20260928_fts_plan-1156-p1;src_20260928_fts_plan-1156-p2;src_20260928_fts_plan-1273-p1;src_20260928_fts_plan-1273-p2;src_20260928_fts_plan-1510-p1;src_20260928_fts_plan-1510-p2;src_20260928_fts_locations
HRV,2025-05-01,2026-04-30,2983626,1186;1156;1273;1510,2026-09-28T06:57:17Z,src_20260928_fts_plan-1186-p1;src_20260928_fts_plan-1156-p1;src_20260928_fts_plan-1156-p2;src_20260928_fts_plan-1273-p1;src_20260928_fts_plan-1273-p2;src_20260928_fts_plan-1510-p1;src_20260928_fts_plan-1510-p2;src_20260928_fts_locations
HRV,2025-06-01,2026-05-31,2983626,1186;1156;1273;1510,2026-09-28T06:57:17Z,src_20260928_fts_plan-1186-p1;src_20260928_fts_plan-1156-p1;src_20260928_fts_plan-1156-p2;src_20260928_fts_plan-1273-p1;src_20260928_fts_plan-1273-p2;src_20260928_fts_plan-1510-p1;src_20260928_fts_plan-1510-p2;src_20260928_fts_locations
HRV,2025-07-01,2026-06-30,2983626,1186;1156;1273;1510,2026-09-28T06:57:17Z,src_20260928_fts_plan-1186-p1;src_20260928_fts_plan-1156-p1;src_20260928_fts_plan-1156-p2;src_20260928_fts_plan-1273-p1;src_20260928_fts_plan-1273-p2;src_20260928_fts_plan-1510-p1;src_20260928_fts_plan-1510-p2;src_20260928_fts_locations
HRV,2025-08-01,2026-07-31,2983626,1186;1156;1273;1510,2026-09-28T06:57:17Z,src_20260928_fts_plan-1186-p1;src_20260928_fts_plan-1156-p1;src_20260928_fts_plan-1156-p2;src_20260928_fts_plan-1273-p1;src_20260928_fts_plan-1273-p2;src_20260928_fts_plan-1510-p1;src_20260928_fts_plan-1510-p2;src_20260928_fts_locations
HRV,2025-09-01,2026-08-31,2983626,1186;1156;1273;1510,2026-09-28T06:57:17Z,src_20260928_fts_plan-1186-p1;src_20260928_fts_plan-1156-p1;src_20260928_fts_plan-1156-p2;src_20260928_fts_plan-1273-p1;src_20260928_fts_plan-1273-p2;src_20260928_fts_plan-1510-p1;src_20260928_fts_plan-1510-p2;src_20260928_fts_locations
IDN,2022-10-01,2023-09-30,0,1186;1156;1273;1510,2026-09-28T06:57:17Z,src_20260928_fts_plan-1186-p1;src_20260928_fts_plan-1156-p1;src_20260928_fts_plan-1156-p2;src_20260928_fts_plan-1273-p1;src_20260928_fts_plan-1273-p2;src_20260928_fts_plan-1510-p1;src_20260928_fts_plan-1510-p2;src_20260928_fts_locations
IDN,2022-11-01,2023-10-31,0,1186;1156;1273;1510,2026-09-28T06:57:17Z,src_20260928_fts_plan-1186-p1;src_20260928_fts_plan-1156-p1;src_20260928_fts_plan-1156-p2;src_20260928_fts_plan-1273-p1;src_20260928_fts_plan-1273-p2;src_20260928_fts_plan-1510-p1;src_20260928_fts_plan-1510-p2;src_20260928_fts_locations
IDN,2022-12-01,2023-11-30,0,1186;1156;1273;1510,2026-09-28T06:57:17Z,src_20260928_fts_plan-1186-p1;src_20260928_fts_plan-1156-p1;src_20260928_fts_plan-1156-p2;src_20260928_fts_plan-1273-p1;src_20260928_fts_plan-1273-p2;src_20260928_fts_plan-1510-p1;src_20260928_fts_plan-1510-p2;src_20260928_fts_locations
IDN,2023-01-01,2023-12-31,0,1186;1156;1273;1510,2026-09-28T06:57:17Z,src_20260928_fts_plan-1186-p1;src_20260928_fts_plan-1156-p1;src_20260928_fts_plan-1156-p2;src_20260928_fts_plan-1273-p1;src_20260928_fts_plan-1273-p2;src_20260928_fts_plan-1510-p1;src_20260928_fts_plan-1510-p2;src_20260928_fts_locations
IDN,2023-02-01,2024-01-31,0,1186;1156;1273;1510,2026-09-28T06:57:17Z,src_20260928_fts_plan-1186-p1;src_20260928_fts_plan-1156-p1;src_20260928_fts_plan-1156-p2;src_20260928_fts_plan-1273-p1;src_20260928_fts_plan-1273-p2;src_20260928_fts_plan-1510-p1;src_20260928_fts_plan-1510-p2;src_20260928_fts_locations
IDN,2023-03-01,2024-02-29,0,1186;1156;1273;1510,2026-09-28T06:57:17Z,src_20260928_fts_plan-1186-p1;src_20260928_fts_plan-1156-p1;src_20260928_fts_plan-1156-p2;src_20260928_fts_plan-1273-p1;src_20260928_fts_plan-1273-p2;src_20260928_fts_plan-1510-p1;src_20260928_fts_plan-1510-p2;src_20260928_fts_locations
IDN,2023-04-01,2024-03-31,0,1186;1156;1273;1510,2026-09-28T06:57:17Z,src_20260928_fts_plan-1186-p1;src_20260928_fts_plan-1156-p1;src_20260928_fts_plan-1156-p2;src_20260928_fts_plan-1273-p1;src_20260928_fts_plan-1273-p2;src_20260928_fts_plan-1510-p1;src_20260928_fts_plan-1510-p2;src_20260928_fts_locations
IDN,2023-05-01,2024-04-30,0,1186;1156;1273;1510,2026-09-28T06:57:17Z,src_20260928_fts_plan-1186-p1;src_20260928_fts_plan-1156-p1;src_20260928_fts_plan-1156-p2;src_20260928_fts_plan-1273-p1;src_20260928_fts_plan-1273-p2;src_20260928_fts_plan-1510-p1;src_20260928_fts_plan-1510-p2;src_20260928_fts_locations
IDN,2023-06-01,2024-05-31,0,1186;1156;1273;1510,2026-09-28T06:57:17Z,src_20260928_fts_plan-1186-p1;src_20260928_fts_plan-1156-p1;src_20260928_fts_plan-1156-p2;src_20260928_fts_plan-1273-p1;src_20260928_fts_plan-1273-p2;src_20260928_fts_plan-1510-p1;src_20260928_fts_plan-1510-p2;src_20260928_fts_locations
IDN,2023-07-01,2024-06-30,0,1186;1156;1273;1510,2026-09-28T06:57:17Z,src_20260928_fts_plan-1186-p1;src_20260928_fts_plan-1156-p1;src_20260928_fts_plan-1156-p2;src_20260928_fts_plan-1273-p1;src_20260928_fts_plan-1273-p2;src_20260928_fts_plan-1510-p1;src_20260928_fts_plan-1510-p2;src_20260928_fts_locations
IDN,2023-08-01,2024-07-31,0,1186;1156;1273;1510,2026-09-28T06:57:17Z,src_20260928_fts_plan-1186-p1;src_20260928_fts_plan-1156-p1;src_20260928_fts_plan-1156-p2;src_20260928_fts_plan-1273-p1;src_20260928_fts_plan-1273-p2;src_20260928_fts_plan-1510-p1;src_20260928_fts_plan-1510-p2;src_20260928_fts_locations
IDN,2023-09-01,2024-08-31,0,1186;1156;1273;1510,2026-09-28T06:57:17Z,src_20260928_fts_plan-1186-p1;src_20260928_fts_plan-1156-p1;src_20260928_fts_plan-1156-p2;src_20260928_fts_plan-1273-p1;src_20260928_fts_plan-1273-p2;src_20260928_fts_plan-1510-p1;src_20260928_fts_plan-1510-p2;src_20260928_fts_locations
IDN,2023-10-01,2024-09-30,0,1186;1156;1273;1510,2026-09-28T06:57:17Z,src_20260928_fts_plan-1186-p1;src_20260928_fts_plan-1156-p1;src_20260928_fts_plan-1156-p2;src_20260928_fts_plan-1273-p1;src_20260928_fts_plan-1273-p2;src_20260928_fts_plan-1510-p1;src_20260928_fts_plan-1510-p2;src_20260928_fts_locations
IDN,2023-11-01,2024-10-31,0,1186;1156;1273;1510,2026-09-28T06:57:17Z,src_20260928_fts_plan-1186-p1;src_20260928_fts_plan-1156-p1;src_20260928_fts_plan-1156-p2;src_20260928_fts_plan-1273-p1;src_20260928_fts_plan-1273-p2;src_20260928_fts_plan-1510-p1;src_20260928_fts_plan-1510-p2;src_20260928_fts_locations
IDN,2023-12-01,2024-11-30,0,1186;1156;1273;1510,2026-09-28T06:57:17Z,src_20260928_fts_plan-1186-p1;src_20260928_fts_plan-1156-p1;src_20260928_fts_plan-1156-p2;src_20260928_fts_plan-1273-p1;src_20260928_fts_plan-1273-p2;src_20260928_fts_plan-1510-p1;src_20260928_fts_plan-1510-p2;src_20260928_fts_locations
IDN,2024-01-01,2024-12-31,0,1186;1156;1273;1510,2026-09-28T06:57:17Z,src_20260928_fts_plan-1186-p1;src_20260928_fts_plan-1156-p1;src_20260928_fts_plan-1156-p2;src_20260928_fts_plan-1273-p1;src_20260928_fts_plan-1273-p2;src_20260928_fts_plan-1510-p1;src_20260928_fts_plan-1510-p2;src_20260928_fts_locations
IDN,2024-02-01,2025-01-31,0,1186;1156;1273;1510,2026-09-28T06:57:17Z,src_20260928_fts_plan-1186-p1;src_20260928_fts_plan-1156-p1;src_20260928_fts_plan-1156-p2;src_20260928_fts_plan-1273-p1;src_20260928_fts_plan-1273-p2;src_20260928_fts_plan-1510-p1;src_20260928_fts_plan-1510-p2;src_20260928_fts_locations
IDN,2024-03-01,2025-02-28,0,1186;1156;1273;1510,2026-09-28T06:57:17Z,src_20260928_fts_plan-1186-p1;src_20260928_fts_plan-1156-p1;src_20260928_fts_plan-1156-p2;src_20260928_fts_plan-1273-p1;src_20260928_fts_plan-1273-p2;src_20260928_fts_plan-1510-p1;src_20260928_fts_plan-1510-p2;src_20260928_fts_locations
IDN,2024-04-01,2025-03-31,0,1186;1156;1273;1510,2026-09-28T06:57:17Z,src_20260928_fts_plan-1186-p1;src_20260928_fts_plan-1156-p1;src_20260928_fts_plan-1156-p2;src_20260928_fts_plan-1273-p1;src_20260928_fts_plan-1273-p2;src_20260928_fts_plan-1510-p1;src_20260928_fts_plan-1510-p2;src_20260928_fts_locations
IDN,2024-05-01,2025-04-30,0,1186;1156;1273;1510,2026-09-28T06:57:17Z,src_20260928_fts_plan-1186-p1;src_20260928_fts_plan-1156-p1;src_20260928_fts_plan-1156-p2;src_20260928_fts_plan-1273-p1;src_20260928_fts_plan-1273-p2;src_20260928_fts_plan-1510-p1;src_20260928_fts_plan-1510-p2;src_20260928_fts_locations
IDN,2024-06-01,2025-05-31,2426000,1186;1156;1273;1510,2026-09-28T06:57:17Z,src_20260928_fts_plan-1186-p1;src_20260928_fts_plan-1156-p1;src_20260928_fts_plan-1156-p2;src_20260928_fts_plan-1273-p1;src_20260928_fts_plan-1273-p2;src_20260928_fts_plan-1510-p1;src_20260928_fts_plan-1510-p2;src_20260928_fts_locations
IDN,2024-07-01,2025-06-30,2426000,1186;1156;1273;1510,2026-09-28T06:57:17Z,src_20260928_fts_plan-1186-p1;src_20260928_fts_plan-1156-p1;src_20260928_fts_plan-1156-p2;src_20260928_fts_plan-1273-p1;src_20260928_fts_plan-1273-p2;src_20260928_fts_plan-1510-p1;src_20260928_fts_plan-1510-p2;src_20260928_fts_locations
IDN,2024-08-01,2025-07-31,2426000,1186;1156;1273;1510,2026-09-28T06:57:17Z,src_20260928_fts_plan-1186-p1;src_20260928_fts_plan-1156-p1;src_20260928_fts_plan-1156-p2;src_20260928_fts_plan-1273-p1;src_20260928_fts_plan-1273-p2;src_20260928_fts_plan-1510-p1;src_20260928_fts_plan-1510-p2;src_20260928_fts_locations
IDN,2024-09-01,2025-08-31,2426000,1186;1156;1273;1510,2026-09-28T06:57:17Z,src_20260928_fts_plan-1186-p1;src_20260928_fts_plan-1156-p1;src_20260928_fts_plan-1156-p2;src_20260928_fts_plan-1273-p1;src_20260928_fts_plan-1273-p2;src_20260928_fts_plan-1510-p1;src_20260928_fts_plan-1510-p2;src_20260928_fts_locations
IDN,2024-10-01,2025-09-30,2426000,1186;1156;1273;1510,2026-09-28T06:57:17Z,src_20260928_fts_plan-1186-p1;src_20260928_fts_plan-1156-p1;src_20260928_fts_plan-1156-p2;src_20260928_fts_plan-1273-p1;src_20260928_fts_plan-1273-p2;src_20260928_fts_plan-1510-p1;src_20260928_fts_plan-1510-p2;src_20260928_fts_locations
IDN,2024-11-01,2025-10-31,14426000,1186;1156;1273;1510,2026-09-28T06:57:17Z,src_20260928_fts_plan-1186-p1;src_20260928_fts_plan-1156-p1;src_20260928_fts_plan-1156-p2;src_20260928_fts_plan-1273-p1;src_20260928_fts_plan-1273-p2;src_20260928_fts_plan-1510-p1;src_20260928_fts_plan-1510-p2;src_20260928_fts_locations
IDN,2024-12-01,2025-11-30,14426000,1186;1156;1273;1510,2026-09-28T06:57:17Z,src_20260928_fts_plan-1186-p1;src_20260928_fts_plan-1156-p1;src_20260928_fts_plan-1156-p2;src_20260928_fts_plan-1273-p1;src_20260928_fts_plan-1273-p2;src_20260928_fts_plan-1510-p1;src_20260928_fts_plan-1510-p2;src_20260928_fts_locations
IDN,2025-01-01,2025-12-31,14426000,1186;1156;1273;1510,2026-09-28T06:57:17Z,src_20260928_fts_plan-1186-p1;src_20260928_fts_plan-1156-p1;src_20260928_fts_plan-1156-p2;src_20260928_fts_plan-1273-p1;src_20260928_fts_plan-1273-p2;src_20260928_fts_plan-1510-p1;src_20260928_fts_plan-1510-p2;src_20260928_fts_locations
IDN,2025-02-01,2026-01-31,14426000,1186;1156;1273;1510,2026-09-28T06:57:17Z,src_20260928_fts_plan-1186-p1;src_20260928_fts_plan-1156-p1;src_20260928_fts_plan-1156-p2;src_20260928_fts_plan-1273-p1;src_20260928_fts_plan-1273-p2;src_20260928_fts_plan-1510-p1;src_20260928_fts_plan-1510-p2;src_20260928_fts_locations
IDN,2025-03-01,2026-02-28,14426000,1186;1156;1273;1510,2026-09-28T06:57:17Z,src_20260928_fts_plan-1186-p1;src_20260928_fts_plan-1156-p1;src_20260928_fts_plan-1156-p2;src_20260928_fts_plan-1273-p1;src_20260928_fts_plan-1273-p2;src_20260928_fts_plan-1510-p1;src_20260928_fts_plan-1510-p2;src_20260928_fts_locations
IDN,2025-04-01,2026-03-31,14426000,1186;1156;1273;1510,2026-09-28T06:57:17Z,src_20260928_fts_plan-1186-p1;src_20260928_fts_plan-1156-p1;src_20260928_fts_plan-1156-p2;src_20260928_fts_plan-1273-p1;src_20260928_fts_plan-1273-p2;src_20260928_fts_plan-1510-p1;src_20260928_fts_plan-1510-p2;src_20260928_fts_locations
IDN,2025-05-01,2026-04-30,14426000,1186;1156;1273;1510,2026-09-28T06:57:17Z,src_20260928_fts_plan-1186-p1;src_20260928_fts_plan-1156-p1;src_20260928_fts_plan-1156-p2;src_20260928_fts_plan-1273-p1;src_20260928_fts_plan-1273-p2;src_20260928_fts_plan-1510-p1;src_20260928_fts_plan-1510-p2;src_20260928_fts_locations
IDN,2025-06-01,2026-05-31,12000000,1186;1156;1273;1510,2026-09-28T06:57:17Z,src_20260928_fts_plan-1186-p1;src_20260928_fts_plan-1156-p1;src_20260928_fts_plan-1156-p2;src_20260928_fts_plan-1273-p1;src_20260928_fts_plan-1273-p2;src_20260928_fts_plan-1510-p1;src_20260928_fts_plan-1510-p2;src_20260928_fts_locations
IDN,2025-07-01,2026-06-30,12000000,1186;1156;1273;1510,2026-09-28T06:57:17Z,src_20260928_fts_plan-1186-p1;src_20260928_fts_plan-1156-p1;src_20260928_fts_plan-1156-p2;src_20260928_fts_plan-1273-p1;src_20260928_fts_plan-1273-p2;src_20260928_fts_plan-1510-p1;src_20260928_fts_plan-1510-p2;src_20260928_fts_locations
IDN,2025-08-01,2026-07-31,12000000,1186;1156;1273;1510,2026-09-28T06:57:17Z,src_20260928_fts_plan-1186-p1;src_20260928_fts_plan-1156-p1;src_20260928_fts_plan-1156-p2;src_20260928_fts_plan-1273-p1;src_20260928_fts_plan-1273-p2;src_20260928_fts_plan-1510-p1;src_20260928_fts_plan-1510-p2;src_20260928_fts_locations
IDN,2025-09-01,2026-08-31,12000000,1186;1156;1273;1510,2026-09-28T06:57:17Z,src_20260928_fts_plan-1186-p1;src_20260928_fts_plan-1156-p1;src_20260928_fts_plan-1156-p2;src_20260928_fts_plan-1273-p1;src_20260928_fts_plan-1273-p2;src_20260928_fts_plan-1510-p1;src_20260928_fts_plan-1510-p2;src_20260928_fts_locations
IND,2022-10-01,2023-09-30,0,1186;1156;1273;1510,2026-09-28T06:57:17Z,src_20260928_fts_plan-1186-p1;src_20260928_fts_plan-1156-p1;src_20260928_fts_plan-1156-p2;src_20260928_fts_plan-1273-p1;src_20260928_fts_plan-1273-p2;src_20260928_fts_plan-1510-p1;src_20260928_fts_plan-1510-p2;src_20260928_fts_locations
IND,2022-11-01,2023-10-31,0,1186;1156;1273;1510,2026-09-28T06:57:17Z,src_20260928_fts_plan-1186-p1;src_20260928_fts_plan-1156-p1;src_20260928_fts_plan-1156-p2;src_20260928_fts_plan-1273-p1;src_20260928_fts_plan-1273-p2;src_20260928_fts_plan-1510-p1;src_20260928_fts_plan-1510-p2;src_20260928_fts_locations
IND,2022-12-01,2023-11-30,0,1186;1156;1273;1510,2026-09-28T06:57:17Z,src_20260928_fts_plan-1186-p1;src_20260928_fts_plan-1156-p1;src_20260928_fts_plan-1156-p2;src_20260928_fts_plan-1273-p1;src_20260928_fts_plan-1273-p2;src_20260928_fts_plan-1510-p1;src_20260928_fts_plan-1510-p2;src_20260928_fts_locations
IND,2023-01-01,2023-12-31,0,1186;1156;1273;1510,2026-09-28T06:57:17Z,src_20260928_fts_plan-1186-p1;src_20260928_fts_plan-1156-p1;src_20260928_fts_plan-1156-p2;src_20260928_fts_plan-1273-p1;src_20260928_fts_plan-1273-p2;src_20260928_fts_plan-1510-p1;src_20260928_fts_plan-1510-p2;src_20260928_fts_locations
IND,2023-02-01,2024-01-31,0,1186;1156;1273;1510,2026-09-28T06:57:17Z,src_20260928_fts_plan-1186-p1;src_20260928_fts_plan-1156-p1;src_20260928_fts_plan-1156-p2;src_20260928_fts_plan-1273-p1;src_20260928_fts_plan-1273-p2;src_20260928_fts_plan-1510-p1;src_20260928_fts_plan-1510-p2;src_20260928_fts_locations
IND,2023-03-01,2024-02-29,0,1186;1156;1273;1510,2026-09-28T06:57:17Z,src_20260928_fts_plan-1186-p1;src_20260928_fts_plan-1156-p1;src_20260928_fts_plan-1156-p2;src_20260928_fts_plan-1273-p1;src_20260928_fts_plan-1273-p2;src_20260928_fts_plan-1510-p1;src_20260928_fts_plan-1510-p2;src_20260928_fts_locations
IND,2023-04-01,2024-03-31,0,1186;1156;1273;1510,2026-09-28T06:57:17Z,src_20260928_fts_plan-1186-p1;src_20260928_fts_plan-1156-p1;src_20260928_fts_plan-1156-p2;src_20260928_fts_plan-1273-p1;src_20260928_fts_plan-1273-p2;src_20260928_fts_plan-1510-p1;src_20260928_fts_plan-1510-p2;src_20260928_fts_locations
IND,2023-05-01,2024-04-30,0,1186;1156;1273;1510,2026-09-28T06:57:17Z,src_20260928_fts_plan-1186-p1;src_20260928_fts_plan-1156-p1;src_20260928_fts_plan-1156-p2;src_20260928_fts_plan-1273-p1;src_20260928_fts_plan-1273-p2;src_20260928_fts_plan-1510-p1;src_20260928_fts_plan-1510-p2;src_20260928_fts_locations
IND,2023-06-01,2024-05-31,0,1186;1156;1273;1510,2026-09-28T06:57:17Z,src_20260928_fts_plan-1186-p1;src_20260928_fts_plan-1156-p1;src_20260928_fts_plan-1156-p2;src_20260928_fts_plan-1273-p1;src_20260928_fts_plan-1273-p2;src_20260928_fts_plan-1510-p1;src_20260928_fts_plan-1510-p2;src_20260928_fts_locations
IND,2023-07-01,2024-06-30,0,1186;1156;1273;1510,2026-09-28T06:57:17Z,src_20260928_fts_plan-1186-p1;src_20260928_fts_plan-1156-p1;src_20260928_fts_plan-1156-p2;src_20260928_fts_plan-1273-p1;src_20260928_fts_plan-1273-p2;src_20260928_fts_plan-1510-p1;src_20260928_fts_plan-1510-p2;src_20260928_fts_locations
IND,2023-08-01,2024-07-31,0,1186;1156;1273;1510,2026-09-28T06:57:17Z,src_20260928_fts_plan-1186-p1;src_20260928_fts_plan-1156-p1;src_20260928_fts_plan-1156-p2;src_20260928_fts_plan-1273-p1;src_20260928_fts_plan-1273-p2;src_20260928_fts_plan-1510-p1;src_20260928_fts_plan-1510-p2;src_20260928_fts_locations
IND,2023-09-01,2024-08-31,0,1186;1156;1273;1510,2026-09-28T06:57:17Z,src_20260928_fts_plan-1186-p1;src_20260928_fts_plan-1156-p1;src_20260928_fts_plan-1156-p2;src_20260928_fts_plan-1273-p1;src_20260928_fts_plan-1273-p2;src_20260928_fts_plan-1510-p1;src_20260928_fts_plan-1510-p2;src_20260928_fts_locations
IND,2023-10-01,2024-09-30,0,1186;1156;1273;1510,2026-09-28T06:57:17Z,src_20260928_fts_plan-1186-p1;src_20260928_fts_plan-1156-p1;src_20260928_fts_plan-1156-p2;src_20260928_fts_plan-1273-p1;src_20260928_fts_plan-1273-p2;src_20260928_fts_plan-1510-p1;src_20260928_fts_plan-1510-p2;src_20260928_fts_locations
IND,2023-11-01,2024-10-31,0,1186;1156;1273;1510,2026-09-28T06:57:17Z,src_20260928_fts_plan-1186-p1;src_20260928_fts_plan-1156-p1;src_20260928_fts_plan-1156-p2;src_20260928_fts_plan-1273-p1;src_20260928_fts_plan-1273-p2;src_20260928_fts_plan-1510-p1;src_20260928_fts_plan-1510-p2;src_20260928_fts_locations
IND,2023-12-01,2024-11-30,0,1186;1156;1273;1510,2026-09-28T06:57:17Z,src_20260928_fts_plan-1186-p1;src_20260928_fts_plan-1156-p1;src_20260928_fts_plan-1156-p2;src_20260928_fts_plan-1273-p1;src_20260928_fts_plan-1273-p2;src_20260928_fts_plan-1510-p1;src_20260928_fts_plan-1510-p2;src_20260928_fts_locations
IND,2024-01-01,2024-12-31,0,1186;1156;1273;1510,2026-09-28T06:57:17Z,src_20260928_fts_plan-1186-p1;src_20260928_fts_plan-1156-p1;src_20260928_fts_plan-1156-p2;src_20260928_fts_plan-1273-p1;src_20260928_fts_plan-1273-p2;src_20260928_fts_plan-1510-p1;src_20260928_fts_plan-1510-p2;src_20260928_fts_locations
IND,2024-02-01,2025-01-31,0,1186;1156;1273;1510,2026-09-28T06:57:17Z,src_20260928_fts_plan-1186-p1;src_20260928_fts_plan-1156-p1;src_20260928_fts_plan-1156-p2;src_20260928_fts_plan-1273-p1;src_20260928_fts_plan-1273-p2;src_20260928_fts_plan-1510-p1;src_20260928_fts_plan-1510-p2;src_20260928_fts_locations
IND,2024-03-01,2025-02-28,0,1186;1156;1273;1510,2026-09-28T06:57:17Z,src_20260928_fts_plan-1186-p1;src_20260928_fts_plan-1156-p1;src_20260928_fts_plan-1156-p2;src_20260928_fts_plan-1273-p1;src_20260928_fts_plan-1273-p2;src_20260928_fts_plan-1510-p1;src_20260928_fts_plan-1510-p2;src_20260928_fts_locations
IND,2024-04-01,2025-03-31,0,1186;1156;1273;1510,2026-09-28T06:57:17Z,src_20260928_fts_plan-1186-p1;src_20260928_fts_plan-1156-p1;src_20260928_fts_plan-1156-p2;src_20260928_fts_plan-1273-p1;src_20260928_fts_plan-1273-p2;src_20260928_fts_plan-1510-p1;src_20260928_fts_plan-1510-p2;src_20260928_fts_locations
IND,2024-05-01,2025-04-30,0,1186;1156;1273;1510,2026-09-28T06:57:17Z,src_20260928_fts_plan-1186-p1;src_20260928_fts_plan-1156-p1;src_20260928_fts_plan-1156-p2;src_20260928_fts_plan-1273-p1;src_20260928_fts_plan-1273-p2;src_20260928_fts_plan-1510-p1;src_20260928_fts_plan-1510-p2;src_20260928_fts_locations
IND,2024-06-01,2025-05-31,0,1186;1156;1273;1510,2026-09-28T06:57:17Z,src_20260928_fts_plan-1186-p1;src_20260928_fts_plan-1156-p1;src_20260928_fts_plan-1156-p2;src_20260928_fts_plan-1273-p1;src_20260928_fts_plan-1273-p2;src_20260928_fts_plan-1510-p1;src_20260928_fts_plan-1510-p2;src_20260928_fts_locations
IND,2024-07-01,2025-06-30,0,1186;1156;1273;1510,2026-09-28T06:57:17Z,src_20260928_fts_plan-1186-p1;src_20260928_fts_plan-1156-p1;src_20260928_fts_plan-1156-p2;src_20260928_fts_plan-1273-p1;src_20260928_fts_plan-1273-p2;src_20260928_fts_plan-1510-p1;src_20260928_fts_plan-1510-p2;src_20260928_fts_locations
IND,2024-08-01,2025-07-31,0,1186;1156;1273;1510,2026-09-28T06:57:17Z,src_20260928_fts_plan-1186-p1;src_20260928_fts_plan-1156-p1;src_20260928_fts_plan-1156-p2;src_20260928_fts_plan-1273-p1;src_20260928_fts_plan-1273-p2;src_20260928_fts_plan-1510-p1;src_20260928_fts_plan-1510-p2;src_20260928_fts_locations
IND,2024-09-01,2025-08-31,0,1186;1156;1273;1510,2026-09-28T06:57:17Z,src_20260928_fts_plan-1186-p1;src_20260928_fts_plan-1156-p1;src_20260928_fts_plan-1156-p2;src_20260928_fts_plan-1273-p1;src_20260928_fts_plan-1273-p2;src_20260928_fts_plan-1510-p1;src_20260928_fts_plan-1510-p2;src_20260928_fts_locations
IND,2024-10-01,2025-09-30,0,1186;1156;1273;1510,2026-09-28T06:57:17Z,src_20260928_fts_plan-1186-p1;src_20260928_fts_plan-1156-p1;src_20260928_fts_plan-1156-p2;src_20260928_fts_plan-1273-p1;src_20260928_fts_plan-1273-p2;src_20260928_fts_plan-1510-p1;src_20260928_fts_plan-1510-p2;src_20260928_fts_locations
IND,2024-11-01,2025-10-31,0,1186;1156;1273;1510,2026-09-28T06:57:17Z,src_20260928_fts_plan-1186-p1;src_20260928_fts_plan-1156-p1;src_20260928_fts_plan-1156-p2;src_20260928_fts_plan-1273-p1;src_20260928_fts_plan-1273-p2;src_20260928_fts_plan-1510-p1;src_20260928_fts_plan-1510-p2;src_20260928_fts_locations
IND,2024-12-01,2025-11-30,0,1186;1156;1273;1510,2026-09-28T06:57:17Z,src_20260928_fts_plan-1186-p1;src_20260928_fts_plan-1156-p1;src_20260928_fts_plan-1156-p2;src_20260928_fts_plan-1273-p1;src_20260928_fts_plan-1273-p2;src_20260928_fts_plan-1510-p1;src_20260928_fts_plan-1510-p2;src_20260928_fts_locations
IND,2025-01-01,2025-12-31,0,1186;1156;1273;1510,2026-09-28T06:57:17Z,src_20260928_fts_plan-1186-p1;src_20260928_fts_plan-1156-p1;src_20260928_fts_plan-1156-p2;src_20260928_fts_plan-1273-p1;src_20260928_fts_plan-1273-p2;src_20260928_fts_plan-1510-p1;src_20260928_fts_plan-1510-p2;src_20260928_fts_locations
IND,2025-02-01,2026-01-31,0,1186;1156;1273;1510,2026-09-28T06:57:17Z,src_20260928_fts_plan-1186-p1;src_20260928_fts_plan-1156-p1;src_20260928_fts_plan-1156-p2;src_20260928_fts_plan-1273-p1;src_20260928_fts_plan-1273-p2;src_20260928_fts_plan-1510-p1;src_20260928_fts_plan-1510-p2;src_20260928_fts_locations
IND,2025-03-01,2026-02-28,0,1186;1156;1273;1510,2026-09-28T06:57:17Z,src_20260928_fts_plan-1186-p1;src_20260928_fts_plan-1156-p1;src_20260928_fts_plan-1156-p2;src_20260928_fts_plan-1273-p1;src_20260928_fts_plan-1273-p2;src_20260928_fts_plan-1510-p1;src_20260928_fts_plan-1510-p2;src_20260928_fts_locations
IND,2025-04-01,2026-03-31,0,1186;1156;1273;1510,2026-09-28T06:57:17Z,src_20260928_fts_plan-1186-p1;src_20260928_fts_plan-1156-p1;src_20260928_fts_plan-1156-p2;src_20260928_fts_plan-1273-p1;src_20260928_fts_plan-1273-p2;src_20260928_fts_plan-1510-p1;src_20260928_fts_plan-1510-p2;src_20260928_fts_locations
IND,2025-05-01,2026-04-30,0,1186;1156;1273;1510,2026-09-28T06:57:17Z,src_20260928_fts_plan-1186-p1;src_20260928_fts_plan-1156-p1;src_20260928_fts_plan-1156-p2;src_20260928_fts_plan-1273-p1;src_20260928_fts_plan-1273-p2;src_20260928_fts_plan-1510-p1;src_20260928_fts_plan-1510-p2;src_20260928_fts_locations
IND,2025-06-01,2026-05-31,0,1186;1156;1273;1510,2026-09-28T06:57:17Z,src_20260928_fts_plan-1186-p1;src_20260928_fts_plan-1156-p1;src_20260928_fts_plan-1156-p2;src_20260928_fts_plan-1273-p1;src_20260928_fts_plan-1273-p2;src_20260928_fts_plan-1510-p1;src_20260928_fts_plan-1510-p2;src_20260928_fts_locations
IND,2025-07-01,2026-06-30,24528,1186;1156;1273;1510,2026-09-28T06:57:17Z,src_20260928_fts_plan-1186-p1;src_20260928_fts_plan-1156-p1;src_20260928_fts_plan-1156-p2;src_20260928_fts_plan-1273-p1;src_20260928_fts_plan-1273-p2;src_20260928_fts_plan-1510-p1;src_20260928_fts_plan-1510-p2;src_20260928_fts_locations
IND,2025-08-01,2026-07-31,24528,1186;1156;1273;1510,2026-09-28T06:57:17Z,src_20260928_fts_plan-1186-p1;src_20260928_fts_plan-1156-p1;src_20260928_fts_plan-1156-p2;src_20260928_fts_plan-1273-p1;src_20260928_fts_plan-1273-p2;src_20260928_fts_plan-1510-p1;src_20260928_fts_plan-1510-p2;src_20260928_fts_locations
IND,2025-09-01,2026-08-31,24528,1186;1156;1273;1510,2026-09-28T06:57:17Z,src_20260928_fts_plan-1186-p1;src_20260928_fts_plan-1156-p1;src_20260928_fts_plan-1156-p2;src_20260928_fts_plan-1273-p1;src_20260928_fts_plan-1273-p2;src_20260928_fts_plan-1510-p1;src_20260928_fts_plan-1510-p2;src_20260928_fts_locations
IRL,2022-10-01,2023-09-30,218103,1186;1156;1273;1510,2026-09-28T06:57:17Z,src_20260928_fts_plan-1186-p1;src_20260928_fts_plan-1156-p1;src_20260928_fts_plan-1156-p2;src_20260928_fts_plan-1273-p1;src_20260928_fts_plan-1273-p2;src_20260928_fts_plan-1510-p1;src_20260928_fts_plan-1510-p2;src_20260928_fts_locations
IRL,2022-11-01,2023-10-31,1296852,1186;1156;1273;1510,2026-09-28T06:57:17Z,src_20260928_fts_plan-1186-p1;src_20260928_fts_plan-1156-p1;src_20260928_fts_plan-1156-p2;src_20260928_fts_plan-1273-p1;src_20260928_fts_plan-1273-p2;src_20260928_fts_plan-1510-p1;src_20260928_fts_plan-1510-p2;src_20260928_fts_locations
IRL,2022-12-01,2023-11-30,4478188,1186;1156;1273;1510,2026-09-28T06:57:17Z,src_20260928_fts_plan-1186-p1;src_20260928_fts_plan-1156-p1;src_20260928_fts_plan-1156-p2;src_20260928_fts_plan-1273-p1;src_20260928_fts_plan-1273-p2;src_20260928_fts_plan-1510-p1;src_20260928_fts_plan-1510-p2;src_20260928_fts_locations
IRL,2023-01-01,2023-12-31,8913495,1186;1156;1273;1510,2026-09-28T06:57:17Z,src_20260928_fts_plan-1186-p1;src_20260928_fts_plan-1156-p1;src_20260928_fts_plan-1156-p2;src_20260928_fts_plan-1273-p1;src_20260928_fts_plan-1273-p2;src_20260928_fts_plan-1510-p1;src_20260928_fts_plan-1510-p2;src_20260928_fts_locations
IRL,2023-02-01,2024-01-31,8913495,1186;1156;1273;1510,2026-09-28T06:57:17Z,src_20260928_fts_plan-1186-p1;src_20260928_fts_plan-1156-p1;src_20260928_fts_plan-1156-p2;src_20260928_fts_plan-1273-p1;src_20260928_fts_plan-1273-p2;src_20260928_fts_plan-1510-p1;src_20260928_fts_plan-1510-p2;src_20260928_fts_locations
IRL,2023-03-01,2024-02-29,8913495,1186;1156;1273;1510,2026-09-28T06:57:17Z,src_20260928_fts_plan-1186-p1;src_20260928_fts_plan-1156-p1;src_20260928_fts_plan-1156-p2;src_20260928_fts_plan-1273-p1;src_20260928_fts_plan-1273-p2;src_20260928_fts_plan-1510-p1;src_20260928_fts_plan-1510-p2;src_20260928_fts_locations
IRL,2023-04-01,2024-03-31,8913495,1186;1156;1273;1510,2026-09-28T06:57:17Z,src_20260928_fts_plan-1186-p1;src_20260928_fts_plan-1156-p1;src_20260928_fts_plan-1156-p2;src_20260928_fts_plan-1273-p1;src_20260928_fts_plan-1273-p2;src_20260928_fts_plan-1510-p1;src_20260928_fts_plan-1510-p2;src_20260928_fts_locations
IRL,2023-05-01,2024-04-30,9029112,1186;1156;1273;1510,2026-09-28T06:57:17Z,src_20260928_fts_plan-1186-p1;src_20260928_fts_plan-1156-p1;src_20260928_fts_plan-1156-p2;src_20260928_fts_plan-1273-p1;src_20260928_fts_plan-1273-p2;src_20260928_fts_plan-1510-p1;src_20260928_fts_plan-1510-p2;src_20260928_fts_locations
IRL,2023-06-01,2024-05-31,8811009,1186;1156;1273;1510,2026-09-28T06:57:17Z,src_20260928_fts_plan-1186-p1;src_20260928_fts_plan-1156-p1;src_20260928_fts_plan-1156-p2;src_20260928_fts_plan-1273-p1;src_20260928_fts_plan-1273-p2;src_20260928_fts_plan-1510-p1;src_20260928_fts_plan-1510-p2;src_20260928_fts_locations
IRL,2023-07-01,2024-06-30,8811009,1186;1156;1273;1510,2026-09-28T06:57:17Z,src_20260928_fts_plan-1186-p1;src_20260928_fts_plan-1156-p1;src_20260928_fts_plan-1156-p2;src_20260928_fts_plan-1273-p1;src_20260928_fts_plan-1273-p2;src_20260928_fts_plan-1510-p1;src_20260928_fts_plan-1510-p2;src_20260928_fts_locations
IRL,2023-08-01,2024-07-31,8939626,1186;1156;1273;1510,2026-09-28T06:57:17Z,src_20260928_fts_plan-1186-p1;src_20260928_fts_plan-1156-p1;src_20260928_fts_plan-1156-p2;src_20260928_fts_plan-1273-p1;src_20260928_fts_plan-1273-p2;src_20260928_fts_plan-1510-p1;src_20260928_fts_plan-1510-p2;src_20260928_fts_locations
IRL,2023-09-01,2024-08-31,8939626,1186;1156;1273;1510,2026-09-28T06:57:17Z,src_20260928_fts_plan-1186-p1;src_20260928_fts_plan-1156-p1;src_20260928_fts_plan-1156-p2;src_20260928_fts_plan-1273-p1;src_20260928_fts_plan-1273-p2;src_20260928_fts_plan-1510-p1;src_20260928_fts_plan-1510-p2;src_20260928_fts_locations
IRL,2023-10-01,2024-09-30,8939626,1186;1156;1273;1510,2026-09-28T06:57:17Z,src_20260928_fts_plan-1186-p1;src_20260928_fts_plan-1156-p1;src_20260928_fts_plan-1156-p2;src_20260928_fts_plan-1273-p1;src_20260928_fts_plan-1273-p2;src_20260928_fts_plan-1510-p1;src_20260928_fts_plan-1510-p2;src_20260928_fts_locations
IRL,2023-11-01,2024-10-31,9037026,1186;1156;1273;1510,2026-09-28T06:57:17Z,src_20260928_fts_plan-1186-p1;src_20260928_fts_plan-1156-p1;src_20260928_fts_plan-1156-p2;src_20260928_fts_plan-1273-p1;src_20260928_fts_plan-1273-p2;src_20260928_fts_plan-1510-p1;src_20260928_fts_plan-1510-p2;src_20260928_fts_locations
IRL,2023-12-01,2024-11-30,5855690,1186;1156;1273;1510,2026-09-28T06:57:17Z,src_20260928_fts_plan-1186-p1;src_20260928_fts_plan-1156-p1;src_20260928_fts_plan-1156-p2;src_20260928_fts_plan-1273-p1;src_20260928_fts_plan-1273-p2;src_20260928_fts_plan-1510-p1;src_20260928_fts_plan-1510-p2;src_20260928_fts_locations
IRL,2024-01-01,2024-12-31,1420383,1186;1156;1273;1510,2026-09-28T06:57:17Z,src_20260928_fts_plan-1186-p1;src_20260928_fts_plan-1156-p1;src_20260928_fts_plan-1156-p2;src_20260928_fts_plan-1273-p1;src_20260928_fts_plan-1273-p2;src_20260928_fts_plan-1510-p1;src_20260928_fts_plan-1510-p2;src_20260928_fts_locations
IRL,2024-02-01,2025-01-31,1420383,1186;1156;1273;1510,2026-09-28T06:57:17Z,src_20260928_fts_plan-1186-p1;src_20260928_fts_plan-1156-p1;src_20260928_fts_plan-1156-p2;src_20260928_fts_plan-1273-p1;src_20260928_fts_plan-1273-p2;src_20260928_fts_plan-1510-p1;src_20260928_fts_plan-1510-p2;src_20260928_fts_locations
IRL,2024-03-01,2025-02-28,2469701,1186;1156;1273;1510,2026-09-28T06:57:17Z,src_20260928_fts_plan-1186-p1;src_20260928_fts_plan-1156-p1;src_20260928_fts_plan-1156-p2;src_20260928_fts_plan-1273-p1;src_20260928_fts_plan-1273-p2;src_20260928_fts_plan-1510-p1;src_20260928_fts_plan-1510-p2;src_20260928_fts_locations
IRL,2024-04-01,2025-03-31,4011840,1186;1156;1273;1510,2026-09-28T06:57:17Z,src_20260928_fts_plan-1186-p1;src_20260928_fts_plan-1156-p1;src_20260928_fts_plan-1156-p2;src_20260928_fts_plan-1273-p1;src_20260928_fts_plan-1273-p2;src_20260928_fts_plan-1510-p1;src_20260928_fts_plan-1510-p2;src_20260928_fts_locations
IRL,2024-05-01,2025-04-30,3896223,1186;1156;1273;1510,2026-09-28T06:57:17Z,src_20260928_fts_plan-1186-p1;src_20260928_fts_plan-1156-p1;src_20260928_fts_plan-1156-p2;src_20260928_fts_plan-1273-p1;src_20260928_fts_plan-1273-p2;src_20260928_fts_plan-1510-p1;src_20260928_fts_plan-1510-p2;src_20260928_fts_locations
IRL,2024-06-01,2025-05-31,3896223,1186;1156;1273;1510,2026-09-28T06:57:17Z,src_20260928_fts_plan-1186-p1;src_20260928_fts_plan-1156-p1;src_20260928_fts_plan-1156-p2;src_20260928_fts_plan-1273-p1;src_20260928_fts_plan-1273-p2;src_20260928_fts_plan-1510-p1;src_20260928_fts_plan-1510-p2;src_20260928_fts_locations
IRL,2024-07-01,2025-06-30,3896223,1186;1156;1273;1510,2026-09-28T06:57:17Z,src_20260928_fts_plan-1186-p1;src_20260928_fts_plan-1156-p1;src_20260928_fts_plan-1156-p2;src_20260928_fts_plan-1273-p1;src_20260928_fts_plan-1273-p2;src_20260928_fts_plan-1510-p1;src_20260928_fts_plan-1510-p2;src_20260928_fts_locations
IRL,2024-08-01,2025-07-31,3767606,1186;1156;1273;1510,2026-09-28T06:57:17Z,src_20260928_fts_plan-1186-p1;src_20260928_fts_plan-1156-p1;src_20260928_fts_plan-1156-p2;src_20260928_fts_plan-1273-p1;src_20260928_fts_plan-1273-p2;src_20260928_fts_plan-1510-p1;src_20260928_fts_plan-1510-p2;src_20260928_fts_locations
IRL,2024-09-01,2025-08-31,3767606,1186;1156;1273;1510,2026-09-28T06:57:17Z,src_20260928_fts_plan-1186-p1;src_20260928_fts_plan-1156-p1;src_20260928_fts_plan-1156-p2;src_20260928_fts_plan-1273-p1;src_20260928_fts_plan-1273-p2;src_20260928_fts_plan-1510-p1;src_20260928_fts_plan-1510-p2;src_20260928_fts_locations
IRL,2024-10-01,2025-09-30,3767606,1186;1156;1273;1510,2026-09-28T06:57:17Z,src_20260928_fts_plan-1186-p1;src_20260928_fts_plan-1156-p1;src_20260928_fts_plan-1156-p2;src_20260928_fts_plan-1273-p1;src_20260928_fts_plan-1273-p2;src_20260928_fts_plan-1510-p1;src_20260928_fts_plan-1510-p2;src_20260928_fts_locations
IRL,2024-11-01,2025-10-31,7242777,1186;1156;1273;1510,2026-09-28T06:57:17Z,src_20260928_fts_plan-1186-p1;src_20260928_fts_plan-1156-p1;src_20260928_fts_plan-1156-p2;src_20260928_fts_plan-1273-p1;src_20260928_fts_plan-1273-p2;src_20260928_fts_plan-1510-p1;src_20260928_fts_plan-1510-p2;src_20260928_fts_locations
IRL,2024-12-01,2025-11-30,7242777,1186;1156;1273;1510,2026-09-28T06:57:17Z,src_20260928_fts_plan-1186-p1;src_20260928_fts_plan-1156-p1;src_20260928_fts_plan-1156-p2;src_20260928_fts_plan-1273-p1;src_20260928_fts_plan-1273-p2;src_20260928_fts_plan-1510-p1;src_20260928_fts_plan-1510-p2;src_20260928_fts_locations
IRL,2025-01-01,2025-12-31,29945301,1186;1156;1273;1510,2026-09-28T06:57:17Z,src_20260928_fts_plan-1186-p1;src_20260928_fts_plan-1156-p1;src_20260928_fts_plan-1156-p2;src_20260928_fts_plan-1273-p1;src_20260928_fts_plan-1273-p2;src_20260928_fts_plan-1510-p1;src_20260928_fts_plan-1510-p2;src_20260928_fts_locations
IRL,2025-02-01,2026-01-31,31101370,1186;1156;1273;1510,2026-09-28T06:57:17Z,src_20260928_fts_plan-1186-p1;src_20260928_fts_plan-1156-p1;src_20260928_fts_plan-1156-p2;src_20260928_fts_plan-1273-p1;src_20260928_fts_plan-1273-p2;src_20260928_fts_plan-1510-p1;src_20260928_fts_plan-1510-p2;src_20260928_fts_locations
IRL,2025-03-01,2026-02-28,30468719,1186;1156;1273;1510,2026-09-28T06:57:17Z,src_20260928_fts_plan-1186-p1;src_20260928_fts_plan-1156-p1;src_20260928_fts_plan-1156-p2;src_20260928_fts_plan-1273-p1;src_20260928_fts_plan-1273-p2;src_20260928_fts_plan-1510-p1;src_20260928_fts_plan-1510-p2;src_20260928_fts_locations
IRL,2025-04-01,2026-03-31,31238719,1186;1156;1273;1510,2026-09-28T06:57:17Z,src_20260928_fts_plan-1186-p1;src_20260928_fts_plan-1156-p1;src_20260928_fts_plan-1156-p2;src_20260928_fts_plan-1273-p1;src_20260928_fts_plan-1273-p2;src_20260928_fts_plan-1510-p1;src_20260928_fts_plan-1510-p2;src_20260928_fts_locations
IRL,2025-05-01,2026-04-30,36086494,1186;1156;1273;1510,2026-09-28T06:57:17Z,src_20260928_fts_plan-1186-p1;src_20260928_fts_plan-1156-p1;src_20260928_fts_plan-1156-p2;src_20260928_fts_plan-1273-p1;src_20260928_fts_plan-1273-p2;src_20260928_fts_plan-1510-p1;src_20260928_fts_plan-1510-p2;src_20260928_fts_locations
IRL,2025-06-01,2026-05-31,36086494,1186;1156;1273;1510,2026-09-28T06:57:17Z,src_20260928_fts_plan-1186-p1;src_20260928_fts_plan-1156-p1;src_20260928_fts_plan-1156-p2;src_20260928_fts_plan-1273-p1;src_20260928_fts_plan-1273-p2;src_20260928_fts_plan-1510-p1;src_20260928_fts_plan-1510-p2;src_20260928_fts_locations
IRL,2025-07-01,2026-06-30,36086494,1186;1156;1273;1510,2026-09-28T06:57:17Z,src_20260928_fts_plan-1186-p1;src_20260928_fts_plan-1156-p1;src_20260928_fts_plan-1156-p2;src_20260928_fts_plan-1273-p1;src_20260928_fts_plan-1273-p2;src_20260928_fts_plan-1510-p1;src_20260928_fts_plan-1510-p2;src_20260928_fts_locations
IRL,2025-08-01,2026-07-31,36086494,1186;1156;1273;1510,2026-09-28T06:57:17Z,src_20260928_fts_plan-1186-p1;src_20260928_fts_plan-1156-p1;src_20260928_fts_plan-1156-p2;src_20260928_fts_plan-1273-p1;src_20260928_fts_plan-1273-p2;src_20260928_fts_plan-1510-p1;src_20260928_fts_plan-1510-p2;src_20260928_fts_locations
IRL,2025-09-01,2026-08-31,36086494,1186;1156;1273;1510,2026-09-28T06:57:17Z,src_20260928_fts_plan-1186-p1;src_20260928_fts_plan-1156-p1;src_20260928_fts_plan-1156-p2;src_20260928_fts_plan-1273-p1;src_20260928_fts_plan-1273-p2;src_20260928_fts_plan-1510-p1;src_20260928_fts_plan-1510-p2;src_20260928_fts_locations
IRQ,2022-10-01,2023-09-30,0,1186;1156;1273;1510,2026-09-28T06:57:17Z,src_20260928_fts_plan-1186-p1;src_20260928_fts_plan-1156-p1;src_20260928_fts_plan-1156-p2;src_20260928_fts_plan-1273-p1;src_20260928_fts_plan-1273-p2;src_20260928_fts_plan-1510-p1;src_20260928_fts_plan-1510-p2;src_20260928_fts_locations
IRQ,2022-11-01,2023-10-31,0,1186;1156;1273;1510,2026-09-28T06:57:17Z,src_20260928_fts_plan-1186-p1;src_20260928_fts_plan-1156-p1;src_20260928_fts_plan-1156-p2;src_20260928_fts_plan-1273-p1;src_20260928_fts_plan-1273-p2;src_20260928_fts_plan-1510-p1;src_20260928_fts_plan-1510-p2;src_20260928_fts_locations
IRQ,2022-12-01,2023-11-30,0,1186;1156;1273;1510,2026-09-28T06:57:17Z,src_20260928_fts_plan-1186-p1;src_20260928_fts_plan-1156-p1;src_20260928_fts_plan-1156-p2;src_20260928_fts_plan-1273-p1;src_20260928_fts_plan-1273-p2;src_20260928_fts_plan-1510-p1;src_20260928_fts_plan-1510-p2;src_20260928_fts_locations
IRQ,2023-01-01,2023-12-31,0,1186;1156;1273;1510,2026-09-28T06:57:17Z,src_20260928_fts_plan-1186-p1;src_20260928_fts_plan-1156-p1;src_20260928_fts_plan-1156-p2;src_20260928_fts_plan-1273-p1;src_20260928_fts_plan-1273-p2;src_20260928_fts_plan-1510-p1;src_20260928_fts_plan-1510-p2;src_20260928_fts_locations
IRQ,2023-02-01,2024-01-31,0,1186;1156;1273;1510,2026-09-28T06:57:17Z,src_20260928_fts_plan-1186-p1;src_20260928_fts_plan-1156-p1;src_20260928_fts_plan-1156-p2;src_20260928_fts_plan-1273-p1;src_20260928_fts_plan-1273-p2;src_20260928_fts_plan-1510-p1;src_20260928_fts_plan-1510-p2;src_20260928_fts_locations
IRQ,2023-03-01,2024-02-29,0,1186;1156;1273;1510,2026-09-28T06:57:17Z,src_20260928_fts_plan-1186-p1;src_20260928_fts_plan-1156-p1;src_20260928_fts_plan-1156-p2;src_20260928_fts_plan-1273-p1;src_20260928_fts_plan-1273-p2;src_20260928_fts_plan-1510-p1;src_20260928_fts_plan-1510-p2;src_20260928_fts_locations
IRQ,2023-04-01,2024-03-31,0,1186;1156;1273;1510,2026-09-28T06:57:17Z,src_20260928_fts_plan-1186-p1;src_20260928_fts_plan-1156-p1;src_20260928_fts_plan-1156-p2;src_20260928_fts_plan-1273-p1;src_20260928_fts_plan-1273-p2;src_20260928_fts_plan-1510-p1;src_20260928_fts_plan-1510-p2;src_20260928_fts_locations
IRQ,2023-05-01,2024-04-30,0,1186;1156;1273;1510,2026-09-28T06:57:17Z,src_20260928_fts_plan-1186-p1;src_20260928_fts_plan-1156-p1;src_20260928_fts_plan-1156-p2;src_20260928_fts_plan-1273-p1;src_20260928_fts_plan-1273-p2;src_20260928_fts_plan-1510-p1;src_20260928_fts_plan-1510-p2;src_20260928_fts_locations
IRQ,2023-06-01,2024-05-31,0,1186;1156;1273;1510,2026-09-28T06:57:17Z,src_20260928_fts_plan-1186-p1;src_20260928_fts_plan-1156-p1;src_20260928_fts_plan-1156-p2;src_20260928_fts_plan-1273-p1;src_20260928_fts_plan-1273-p2;src_20260928_fts_plan-1510-p1;src_20260928_fts_plan-1510-p2;src_20260928_fts_locations
IRQ,2023-07-01,2024-06-30,0,1186;1156;1273;1510,2026-09-28T06:57:17Z,src_20260928_fts_plan-1186-p1;src_20260928_fts_plan-1156-p1;src_20260928_fts_plan-1156-p2;src_20260928_fts_plan-1273-p1;src_20260928_fts_plan-1273-p2;src_20260928_fts_plan-1510-p1;src_20260928_fts_plan-1510-p2;src_20260928_fts_locations
IRQ,2023-08-01,2024-07-31,0,1186;1156;1273;1510,2026-09-28T06:57:17Z,src_20260928_fts_plan-1186-p1;src_20260928_fts_plan-1156-p1;src_20260928_fts_plan-1156-p2;src_20260928_fts_plan-1273-p1;src_20260928_fts_plan-1273-p2;src_20260928_fts_plan-1510-p1;src_20260928_fts_plan-1510-p2;src_20260928_fts_locations
IRQ,2023-09-01,2024-08-31,0,1186;1156;1273;1510,2026-09-28T06:57:17Z,src_20260928_fts_plan-1186-p1;src_20260928_fts_plan-1156-p1;src_20260928_fts_plan-1156-p2;src_20260928_fts_plan-1273-p1;src_20260928_fts_plan-1273-p2;src_20260928_fts_plan-1510-p1;src_20260928_fts_plan-1510-p2;src_20260928_fts_locations
IRQ,2023-10-01,2024-09-30,0,1186;1156;1273;1510,2026-09-28T06:57:17Z,src_20260928_fts_plan-1186-p1;src_20260928_fts_plan-1156-p1;src_20260928_fts_plan-1156-p2;src_20260928_fts_plan-1273-p1;src_20260928_fts_plan-1273-p2;src_20260928_fts_plan-1510-p1;src_20260928_fts_plan-1510-p2;src_20260928_fts_locations
IRQ,2023-11-01,2024-10-31,0,1186;1156;1273;1510,2026-09-28T06:57:17Z,src_20260928_fts_plan-1186-p1;src_20260928_fts_plan-1156-p1;src_20260928_fts_plan-1156-p2;src_20260928_fts_plan-1273-p1;src_20260928_fts_plan-1273-p2;src_20260928_fts_plan-1510-p1;src_20260928_fts_plan-1510-p2;src_20260928_fts_locations
IRQ,2023-12-01,2024-11-30,0,1186;1156;1273;1510,2026-09-28T06:57:17Z,src_20260928_fts_plan-1186-p1;src_20260928_fts_plan-1156-p1;src_20260928_fts_plan-1156-p2;src_20260928_fts_plan-1273-p1;src_20260928_fts_plan-1273-p2;src_20260928_fts_plan-1510-p1;src_20260928_fts_plan-1510-p2;src_20260928_fts_locations
IRQ,2024-01-01,2024-12-31,0,1186;1156;1273;1510,2026-09-28T06:57:17Z,src_20260928_fts_plan-1186-p1;src_20260928_fts_plan-1156-p1;src_20260928_fts_plan-1156-p2;src_20260928_fts_plan-1273-p1;src_20260928_fts_plan-1273-p2;src_20260928_fts_plan-1510-p1;src_20260928_fts_plan-1510-p2;src_20260928_fts_locations
IRQ,2024-02-01,2025-01-31,0,1186;1156;1273;1510,2026-09-28T06:57:17Z,src_20260928_fts_plan-1186-p1;src_20260928_fts_plan-1156-p1;src_20260928_fts_plan-1156-p2;src_20260928_fts_plan-1273-p1;src_20260928_fts_plan-1273-p2;src_20260928_fts_plan-1510-p1;src_20260928_fts_plan-1510-p2;src_20260928_fts_locations
IRQ,2024-03-01,2025-02-28,0,1186;1156;1273;1510,2026-09-28T06:57:17Z,src_20260928_fts_plan-1186-p1;src_20260928_fts_plan-1156-p1;src_20260928_fts_plan-1156-p2;src_20260928_fts_plan-1273-p1;src_20260928_fts_plan-1273-p2;src_20260928_fts_plan-1510-p1;src_20260928_fts_plan-1510-p2;src_20260928_fts_locations
IRQ,2024-04-01,2025-03-31,0,1186;1156;1273;1510,2026-09-28T06:57:17Z,src_20260928_fts_plan-1186-p1;src_20260928_fts_plan-1156-p1;src_20260928_fts_plan-1156-p2;src_20260928_fts_plan-1273-p1;src_20260928_fts_plan-1273-p2;src_20260928_fts_plan-1510-p1;src_20260928_fts_plan-1510-p2;src_20260928_fts_locations
IRQ,2024-05-01,2025-04-30,0,1186;1156;1273;1510,2026-09-28T06:57:17Z,src_20260928_fts_plan-1186-p1;src_20260928_fts_plan-1156-p1;src_20260928_fts_plan-1156-p2;src_20260928_fts_plan-1273-p1;src_20260928_fts_plan-1273-p2;src_20260928_fts_plan-1510-p1;src_20260928_fts_plan-1510-p2;src_20260928_fts_locations
IRQ,2024-06-01,2025-05-31,25000001,1186;1156;1273;1510,2026-09-28T06:57:17Z,src_20260928_fts_plan-1186-p1;src_20260928_fts_plan-1156-p1;src_20260928_fts_plan-1156-p2;src_20260928_fts_plan-1273-p1;src_20260928_fts_plan-1273-p2;src_20260928_fts_plan-1510-p1;src_20260928_fts_plan-1510-p2;src_20260928_fts_locations
IRQ,2024-07-01,2025-06-30,25000001,1186;1156;1273;1510,2026-09-28T06:57:17Z,src_20260928_fts_plan-1186-p1;src_20260928_fts_plan-1156-p1;src_20260928_fts_plan-1156-p2;src_20260928_fts_plan-1273-p1;src_20260928_fts_plan-1273-p2;src_20260928_fts_plan-1510-p1;src_20260928_fts_plan-1510-p2;src_20260928_fts_locations
IRQ,2024-08-01,2025-07-31,25000001,1186;1156;1273;1510,2026-09-28T06:57:17Z,src_20260928_fts_plan-1186-p1;src_20260928_fts_plan-1156-p1;src_20260928_fts_plan-1156-p2;src_20260928_fts_plan-1273-p1;src_20260928_fts_plan-1273-p2;src_20260928_fts_plan-1510-p1;src_20260928_fts_plan-1510-p2;src_20260928_fts_locations
IRQ,2024-09-01,2025-08-31,25000001,1186;1156;1273;1510,2026-09-28T06:57:17Z,src_20260928_fts_plan-1186-p1;src_20260928_fts_plan-1156-p1;src_20260928_fts_plan-1156-p2;src_20260928_fts_plan-1273-p1;src_20260928_fts_plan-1273-p2;src_20260928_fts_plan-1510-p1;src_20260928_fts_plan-1510-p2;src_20260928_fts_locations
IRQ,2024-10-01,2025-09-30,25000001,1186;1156;1273;1510,2026-09-28T06:57:17Z,src_20260928_fts_plan-1186-p1;src_20260928_fts_plan-1156-p1;src_20260928_fts_plan-1156-p2;src_20260928_fts_plan-1273-p1;src_20260928_fts_plan-1273-p2;src_20260928_fts_plan-1510-p1;src_20260928_fts_plan-1510-p2;src_20260928_fts_locations
IRQ,2024-11-01,2025-10-31,25000001,1186;1156;1273;1510,2026-09-28T06:57:17Z,src_20260928_fts_plan-1186-p1;src_20260928_fts_plan-1156-p1;src_20260928_fts_plan-1156-p2;src_20260928_fts_plan-1273-p1;src_20260928_fts_plan-1273-p2;src_20260928_fts_plan-1510-p1;src_20260928_fts_plan-1510-p2;src_20260928_fts_locations
IRQ,2024-12-01,2025-11-30,25000001,1186;1156;1273;1510,2026-09-28T06:57:17Z,src_20260928_fts_plan-1186-p1;src_20260928_fts_plan-1156-p1;src_20260928_fts_plan-1156-p2;src_20260928_fts_plan-1273-p1;src_20260928_fts_plan-1273-p2;src_20260928_fts_plan-1510-p1;src_20260928_fts_plan-1510-p2;src_20260928_fts_locations
IRQ,2025-01-01,2025-12-31,25000001,1186;1156;1273;1510,2026-09-28T06:57:17Z,src_20260928_fts_plan-1186-p1;src_20260928_fts_plan-1156-p1;src_20260928_fts_plan-1156-p2;src_20260928_fts_plan-1273-p1;src_20260928_fts_plan-1273-p2;src_20260928_fts_plan-1510-p1;src_20260928_fts_plan-1510-p2;src_20260928_fts_locations
IRQ,2025-02-01,2026-01-31,25000001,1186;1156;1273;1510,2026-09-28T06:57:17Z,src_20260928_fts_plan-1186-p1;src_20260928_fts_plan-1156-p1;src_20260928_fts_plan-1156-p2;src_20260928_fts_plan-1273-p1;src_20260928_fts_plan-1273-p2;src_20260928_fts_plan-1510-p1;src_20260928_fts_plan-1510-p2;src_20260928_fts_locations
IRQ,2025-03-01,2026-02-28,25000001,1186;1156;1273;1510,2026-09-28T06:57:17Z,src_20260928_fts_plan-1186-p1;src_20260928_fts_plan-1156-p1;src_20260928_fts_plan-1156-p2;src_20260928_fts_plan-1273-p1;src_20260928_fts_plan-1273-p2;src_20260928_fts_plan-1510-p1;src_20260928_fts_plan-1510-p2;src_20260928_fts_locations
IRQ,2025-04-01,2026-03-31,25000001,1186;1156;1273;1510,2026-09-28T06:57:17Z,src_20260928_fts_plan-1186-p1;src_20260928_fts_plan-1156-p1;src_20260928_fts_plan-1156-p2;src_20260928_fts_plan-1273-p1;src_20260928_fts_plan-1273-p2;src_20260928_fts_plan-1510-p1;src_20260928_fts_plan-1510-p2;src_20260928_fts_locations
IRQ,2025-05-01,2026-04-30,25000001,1186;1156;1273;1510,2026-09-28T06:57:17Z,src_20260928_fts_plan-1186-p1;src_20260928_fts_plan-1156-p1;src_20260928_fts_plan-1156-p2;src_20260928_fts_plan-1273-p1;src_20260928_fts_plan-1273-p2;src_20260928_fts_plan-1510-p1;src_20260928_fts_plan-1510-p2;src_20260928_fts_locations
IRQ,2025-06-01,2026-05-31,0,1186;1156;1273;1510,2026-09-28T06:57:17Z,src_20260928_fts_plan-1186-p1;src_20260928_fts_plan-1156-p1;src_20260928_fts_plan-1156-p2;src_20260928_fts_plan-1273-p1;src_20260928_fts_plan-1273-p2;src_20260928_fts_plan-1510-p1;src_20260928_fts_plan-1510-p2;src_20260928_fts_locations
IRQ,2025-07-01,2026-06-30,0,1186;1156;1273;1510,2026-09-28T06:57:17Z,src_20260928_fts_plan-1186-p1;src_20260928_fts_plan-1156-p1;src_20260928_fts_plan-1156-p2;src_20260928_fts_plan-1273-p1;src_20260928_fts_plan-1273-p2;src_20260928_fts_plan-1510-p1;src_20260928_fts_plan-1510-p2;src_20260928_fts_locations
IRQ,2025-08-01,2026-07-31,0,1186;1156;1273;1510,2026-09-28T06:57:17Z,src_20260928_fts_plan-1186-p1;src_20260928_fts_plan-1156-p1;src_20260928_fts_plan-1156-p2;src_20260928_fts_plan-1273-p1;src_20260928_fts_plan-1273-p2;src_20260928_fts_plan-1510-p1;src_20260928_fts_plan-1510-p2;src_20260928_fts_locations
IRQ,2025-09-01,2026-08-31,0,1186;1156;1273;1510,2026-09-28T06:57:17Z,src_20260928_fts_plan-1186-p1;src_20260928_fts_plan-1156-p1;src_20260928_fts_plan-1156-p2;src_20260928_fts_plan-1273-p1;src_20260928_fts_plan-1273-p2;src_20260928_fts_plan-1510-p1;src_20260928_fts_plan-1510-p2;src_20260928_fts_locations
ISL,2022-10-01,2023-09-30,363242,1186;1156;1273;1510,2026-09-28T06:57:17Z,src_20260928_fts_plan-1186-p1;src_20260928_fts_plan-1156-p1;src_20260928_fts_plan-1156-p2;src_20260928_fts_plan-1273-p1;src_20260928_fts_plan-1273-p2;src_20260928_fts_plan-1510-p1;src_20260928_fts_plan-1510-p2;src_20260928_fts_locations
ISL,2022-11-01,2023-10-31,363242,1186;1156;1273;1510,2026-09-28T06:57:17Z,src_20260928_fts_plan-1186-p1;src_20260928_fts_plan-1156-p1;src_20260928_fts_plan-1156-p2;src_20260928_fts_plan-1273-p1;src_20260928_fts_plan-1273-p2;src_20260928_fts_plan-1510-p1;src_20260928_fts_plan-1510-p2;src_20260928_fts_locations
ISL,2022-12-01,2023-11-30,980754,1186;1156;1273;1510,2026-09-28T06:57:17Z,src_20260928_fts_plan-1186-p1;src_20260928_fts_plan-1156-p1;src_20260928_fts_plan-1156-p2;src_20260928_fts_plan-1273-p1;src_20260928_fts_plan-1273-p2;src_20260928_fts_plan-1510-p1;src_20260928_fts_plan-1510-p2;src_20260928_fts_locations
ISL,2023-01-01,2023-12-31,980754,1186;1156;1273;1510,2026-09-28T06:57:17Z,src_20260928_fts_plan-1186-p1;src_20260928_fts_plan-1156-p1;src_20260928_fts_plan-1156-p2;src_20260928_fts_plan-1273-p1;src_20260928_fts_plan-1273-p2;src_20260928_fts_plan-1510-p1;src_20260928_fts_plan-1510-p2;src_20260928_fts_locations
ISL,2023-02-01,2024-01-31,980754,1186;1156;1273;1510,2026-09-28T06:57:17Z,src_20260928_fts_plan-1186-p1;src_20260928_fts_plan-1156-p1;src_20260928_fts_plan-1156-p2;src_20260928_fts_plan-1273-p1;src_20260928_fts_plan-1273-p2;src_20260928_fts_plan-1510-p1;src_20260928_fts_plan-1510-p2;src_20260928_fts_locations
ISL,2023-03-01,2024-02-29,980754,1186;1156;1273;1510,2026-09-28T06:57:17Z,src_20260928_fts_plan-1186-p1;src_20260928_fts_plan-1156-p1;src_20260928_fts_plan-1156-p2;src_20260928_fts_plan-1273-p1;src_20260928_fts_plan-1273-p2;src_20260928_fts_plan-1510-p1;src_20260928_fts_plan-1510-p2;src_20260928_fts_locations
ISL,2023-04-01,2024-03-31,980754,1186;1156;1273;1510,2026-09-28T06:57:17Z,src_20260928_fts_plan-1186-p1;src_20260928_fts_plan-1156-p1;src_20260928_fts_plan-1156-p2;src_20260928_fts_plan-1273-p1;src_20260928_fts_plan-1273-p2;src_20260928_fts_plan-1510-p1;src_20260928_fts_plan-1510-p2;src_20260928_fts_locations
ISL,2023-05-01,2024-04-30,833236,1186;1156;1273;1510,2026-09-28T06:57:17Z,src_20260928_fts_plan-1186-p1;src_20260928_fts_plan-1156-p1;src_20260928_fts_plan-1156-p2;src_20260928_fts_plan-1273-p1;src_20260928_fts_plan-1273-p2;src_20260928_fts_plan-1510-p1;src_20260928_fts_plan-1510-p2;src_20260928_fts_locations
ISL,2023-06-01,2024-05-31,1122879,1186;1156;1273;1510,2026-09-28T06:57:17Z,src_20260928_fts_plan-1186-p1;src_20260928_fts_plan-1156-p1;src_20260928_fts_plan-1156-p2;src_20260928_fts_plan-1273-p1;src_20260928_fts_plan-1273-p2;src_20260928_fts_plan-1510-p1;src_20260928_fts_plan-1510-p2;src_20260928_fts_locations
ISL,2023-07-01,2024-06-30,1122879,1186;1156;1273;1510,2026-09-28T06:57:17Z,src_20260928_fts_plan-1186-p1;src_20260928_fts_plan-1156-p1;src_20260928_fts_plan-1156-p2;src_20260928_fts_plan-1273-p1;src_20260928_fts_plan-1273-p2;src_20260928_fts_plan-1510-p1;src_20260928_fts_plan-1510-p2;src_20260928_fts_locations
ISL,2023-08-01,2024-07-31,1407718,1186;1156;1273;1510,2026-09-28T06:57:17Z,src_20260928_fts_plan-1186-p1;src_20260928_fts_plan-1156-p1;src_20260928_fts_plan-1156-p2;src_20260928_fts_plan-1273-p1;src_20260928_fts_plan-1273-p2;src_20260928_fts_plan-1510-p1;src_20260928_fts_plan-1510-p2;src_20260928_fts_locations
ISL,2023-09-01,2024-08-31,1407718,1186;1156;1273;1510,2026-09-28T06:57:17Z,src_20260928_fts_plan-1186-p1;src_20260928_fts_plan-1156-p1;src_20260928_fts_plan-1156-p2;src_20260928_fts_plan-1273-p1;src_20260928_fts_plan-1273-p2;src_20260928_fts_plan-1510-p1;src_20260928_fts_plan-1510-p2;src_20260928_fts_locations
ISL,2023-10-01,2024-09-30,1407718,1186;1156;1273;1510,2026-09-28T06:57:17Z,src_20260928_fts_plan-1186-p1;src_20260928_fts_plan-1156-p1;src_20260928_fts_plan-1156-p2;src_20260928_fts_plan-1273-p1;src_20260928_fts_plan-1273-p2;src_20260928_fts_plan-1510-p1;src_20260928_fts_plan-1510-p2;src_20260928_fts_locations
ISL,2023-11-01,2024-10-31,1407718,1186;1156;1273;1510,2026-09-28T06:57:17Z,src_20260928_fts_plan-1186-p1;src_20260928_fts_plan-1156-p1;src_20260928_fts_plan-1156-p2;src_20260928_fts_plan-1273-p1;src_20260928_fts_plan-1273-p2;src_20260928_fts_plan-1510-p1;src_20260928_fts_plan-1510-p2;src_20260928_fts_locations
ISL,2023-12-01,2024-11-30,790206,1186;1156;1273;1510,2026-09-28T06:57:17Z,src_20260928_fts_plan-1186-p1;src_20260928_fts_plan-1156-p1;src_20260928_fts_plan-1156-p2;src_20260928_fts_plan-1273-p1;src_20260928_fts_plan-1273-p2;src_20260928_fts_plan-1510-p1;src_20260928_fts_plan-1510-p2;src_20260928_fts_locations
ISL,2024-01-01,2024-12-31,790206,1186;1156;1273;1510,2026-09-28T06:57:17Z,src_20260928_fts_plan-1186-p1;src_20260928_fts_plan-1156-p1;src_20260928_fts_plan-1156-p2;src_20260928_fts_plan-1273-p1;src_20260928_fts_plan-1273-p2;src_20260928_fts_plan-1510-p1;src_20260928_fts_plan-1510-p2;src_20260928_fts_locations
ISL,2024-02-01,2025-01-31,1002146,1186;1156;1273;1510,2026-09-28T06:57:17Z,src_20260928_fts_plan-1186-p1;src_20260928_fts_plan-1156-p1;src_20260928_fts_plan-1156-p2;src_20260928_fts_plan-1273-p1;src_20260928_fts_plan-1273-p2;src_20260928_fts_plan-1510-p1;src_20260928_fts_plan-1510-p2;src_20260928_fts_locations
ISL,2024-03-01,2025-02-28,1002146,1186;1156;1273;1510,2026-09-28T06:57:17Z,src_20260928_fts_plan-1186-p1;src_20260928_fts_plan-1156-p1;src_20260928_fts_plan-1156-p2;src_20260928_fts_plan-1273-p1;src_20260928_fts_plan-1273-p2;src_20260928_fts_plan-1510-p1;src_20260928_fts_plan-1510-p2;src_20260928_fts_locations
ISL,2024-04-01,2025-03-31,1002146,1186;1156;1273;1510,2026-09-28T06:57:17Z,src_20260928_fts_plan-1186-p1;src_20260928_fts_plan-1156-p1;src_20260928_fts_plan-1156-p2;src_20260928_fts_plan-1273-p1;src_20260928_fts_plan-1273-p2;src_20260928_fts_plan-1510-p1;src_20260928_fts_plan-1510-p2;src_20260928_fts_locations
ISL,2024-05-01,2025-04-30,786422,1186;1156;1273;1510,2026-09-28T06:57:17Z,src_20260928_fts_plan-1186-p1;src_20260928_fts_plan-1156-p1;src_20260928_fts_plan-1156-p2;src_20260928_fts_plan-1273-p1;src_20260928_fts_plan-1273-p2;src_20260928_fts_plan-1510-p1;src_20260928_fts_plan-1510-p2;src_20260928_fts_locations
ISL,2024-06-01,2025-05-31,496779,1186;1156;1273;1510,2026-09-28T06:57:17Z,src_20260928_fts_plan-1186-p1;src_20260928_fts_plan-1156-p1;src_20260928_fts_plan-1156-p2;src_20260928_fts_plan-1273-p1;src_20260928_fts_plan-1273-p2;src_20260928_fts_plan-1510-p1;src_20260928_fts_plan-1510-p2;src_20260928_fts_locations
ISL,2024-07-01,2025-06-30,496779,1186;1156;1273;1510,2026-09-28T06:57:17Z,src_20260928_fts_plan-1186-p1;src_20260928_fts_plan-1156-p1;src_20260928_fts_plan-1156-p2;src_20260928_fts_plan-1273-p1;src_20260928_fts_plan-1273-p2;src_20260928_fts_plan-1510-p1;src_20260928_fts_plan-1510-p2;src_20260928_fts_locations
ISL,2024-08-01,2025-07-31,704358,1186;1156;1273;1510,2026-09-28T06:57:17Z,src_20260928_fts_plan-1186-p1;src_20260928_fts_plan-1156-p1;src_20260928_fts_plan-1156-p2;src_20260928_fts_plan-1273-p1;src_20260928_fts_plan-1273-p2;src_20260928_fts_plan-1510-p1;src_20260928_fts_plan-1510-p2;src_20260928_fts_locations
ISL,2024-09-01,2025-08-31,704358,1186;1156;1273;1510,2026-09-28T06:57:17Z,src_20260928_fts_plan-1186-p1;src_20260928_fts_plan-1156-p1;src_20260928_fts_plan-1156-p2;src_20260928_fts_plan-1273-p1;src_20260928_fts_plan-1273-p2;src_20260928_fts_plan-1510-p1;src_20260928_fts_plan-1510-p2;src_20260928_fts_locations
ISL,2024-10-01,2025-09-30,704358,1186;1156;1273;1510,2026-09-28T06:57:17Z,src_20260928_fts_plan-1186-p1;src_20260928_fts_plan-1156-p1;src_20260928_fts_plan-1156-p2;src_20260928_fts_plan-1273-p1;src_20260928_fts_plan-1273-p2;src_20260928_fts_plan-1510-p1;src_20260928_fts_plan-1510-p2;src_20260928_fts_locations
ISL,2024-11-01,2025-10-31,3195999,1186;1156;1273;1510,2026-09-28T06:57:17Z,src_20260928_fts_plan-1186-p1;src_20260928_fts_plan-1156-p1;src_20260928_fts_plan-1156-p2;src_20260928_fts_plan-1273-p1;src_20260928_fts_plan-1273-p2;src_20260928_fts_plan-1510-p1;src_20260928_fts_plan-1510-p2;src_20260928_fts_locations
ISL,2024-12-01,2025-11-30,3195999,1186;1156;1273;1510,2026-09-28T06:57:17Z,src_20260928_fts_plan-1186-p1;src_20260928_fts_plan-1156-p1;src_20260928_fts_plan-1156-p2;src_20260928_fts_plan-1273-p1;src_20260928_fts_plan-1273-p2;src_20260928_fts_plan-1510-p1;src_20260928_fts_plan-1510-p2;src_20260928_fts_locations
ISL,2025-01-01,2025-12-31,3195999,1186;1156;1273;1510,2026-09-28T06:57:17Z,src_20260928_fts_plan-1186-p1;src_20260928_fts_plan-1156-p1;src_20260928_fts_plan-1156-p2;src_20260928_fts_plan-1273-p1;src_20260928_fts_plan-1273-p2;src_20260928_fts_plan-1510-p1;src_20260928_fts_plan-1510-p2;src_20260928_fts_locations
ISL,2025-02-01,2026-01-31,3459796,1186;1156;1273;1510,2026-09-28T06:57:17Z,src_20260928_fts_plan-1186-p1;src_20260928_fts_plan-1156-p1;src_20260928_fts_plan-1156-p2;src_20260928_fts_plan-1273-p1;src_20260928_fts_plan-1273-p2;src_20260928_fts_plan-1510-p1;src_20260928_fts_plan-1510-p2;src_20260928_fts_locations
ISL,2025-03-01,2026-02-28,3459796,1186;1156;1273;1510,2026-09-28T06:57:17Z,src_20260928_fts_plan-1186-p1;src_20260928_fts_plan-1156-p1;src_20260928_fts_plan-1156-p2;src_20260928_fts_plan-1273-p1;src_20260928_fts_plan-1273-p2;src_20260928_fts_plan-1510-p1;src_20260928_fts_plan-1510-p2;src_20260928_fts_locations
ISL,2025-04-01,2026-03-31,3459796,1186;1156;1273;1510,2026-09-28T06:57:17Z,src_20260928_fts_plan-1186-p1;src_20260928_fts_plan-1156-p1;src_20260928_fts_plan-1156-p2;src_20260928_fts_plan-1273-p1;src_20260928_fts_plan-1273-p2;src_20260928_fts_plan-1510-p1;src_20260928_fts_plan-1510-p2;src_20260928_fts_locations
ISL,2025-05-01,2026-04-30,3459796,1186;1156;1273;1510,2026-09-28T06:57:17Z,src_20260928_fts_plan-1186-p1;src_20260928_fts_plan-1156-p1;src_20260928_fts_plan-1156-p2;src_20260928_fts_plan-1273-p1;src_20260928_fts_plan-1273-p2;src_20260928_fts_plan-1510-p1;src_20260928_fts_plan-1510-p2;src_20260928_fts_locations
ISL,2025-06-01,2026-05-31,3944070,1186;1156;1273;1510,2026-09-28T06:57:17Z,src_20260928_fts_plan-1186-p1;src_20260928_fts_plan-1156-p1;src_20260928_fts_plan-1156-p2;src_20260928_fts_plan-1273-p1;src_20260928_fts_plan-1273-p2;src_20260928_fts_plan-1510-p1;src_20260928_fts_plan-1510-p2;src_20260928_fts_locations
ISL,2025-07-01,2026-06-30,3944070,1186;1156;1273;1510,2026-09-28T06:57:17Z,src_20260928_fts_plan-1186-p1;src_20260928_fts_plan-1156-p1;src_20260928_fts_plan-1156-p2;src_20260928_fts_plan-1273-p1;src_20260928_fts_plan-1273-p2;src_20260928_fts_plan-1510-p1;src_20260928_fts_plan-1510-p2;src_20260928_fts_locations
ISL,2025-08-01,2026-07-31,3451652,1186;1156;1273;1510,2026-09-28T06:57:17Z,src_20260928_fts_plan-1186-p1;src_20260928_fts_plan-1156-p1;src_20260928_fts_plan-1156-p2;src_20260928_fts_plan-1273-p1;src_20260928_fts_plan-1273-p2;src_20260928_fts_plan-1510-p1;src_20260928_fts_plan-1510-p2;src_20260928_fts_locations
ISL,2025-09-01,2026-08-31,3451652,1186;1156;1273;1510,2026-09-28T06:57:17Z,src_20260928_fts_plan-1186-p1;src_20260928_fts_plan-1156-p1;src_20260928_fts_plan-1156-p2;src_20260928_fts_plan-1273-p1;src_20260928_fts_plan-1273-p2;src_20260928_fts_plan-1510-p1;src_20260928_fts_plan-1510-p2;src_20260928_fts_locations
ITA,2022-10-01,2023-09-30,550085,1186;1156;1273;1510,2026-09-28T06:57:17Z,src_20260928_fts_plan-1186-p1;src_20260928_fts_plan-1156-p1;src_20260928_fts_plan-1156-p2;src_20260928_fts_plan-1273-p1;src_20260928_fts_plan-1273-p2;src_20260928_fts_plan-1510-p1;src_20260928_fts_plan-1510-p2;src_20260928_fts_locations
ITA,2022-11-01,2023-10-31,626387,1186;1156;1273;1510,2026-09-28T06:57:17Z,src_20260928_fts_plan-1186-p1;src_20260928_fts_plan-1156-p1;src_20260928_fts_plan-1156-p2;src_20260928_fts_plan-1273-p1;src_20260928_fts_plan-1273-p2;src_20260928_fts_plan-1510-p1;src_20260928_fts_plan-1510-p2;src_20260928_fts_locations
ITA,2022-12-01,2023-11-30,626387,1186;1156;1273;1510,2026-09-28T06:57:17Z,src_20260928_fts_plan-1186-p1;src_20260928_fts_plan-1156-p1;src_20260928_fts_plan-1156-p2;src_20260928_fts_plan-1273-p1;src_20260928_fts_plan-1273-p2;src_20260928_fts_plan-1510-p1;src_20260928_fts_plan-1510-p2;src_20260928_fts_locations
ITA,2023-01-01,2023-12-31,7336991,1186;1156;1273;1510,2026-09-28T06:57:17Z,src_20260928_fts_plan-1186-p1;src_20260928_fts_plan-1156-p1;src_20260928_fts_plan-1156-p2;src_20260928_fts_plan-1273-p1;src_20260928_fts_plan-1273-p2;src_20260928_fts_plan-1510-p1;src_20260928_fts_plan-1510-p2;src_20260928_fts_locations
ITA,2023-02-01,2024-01-31,8409952,1186;1156;1273;1510,2026-09-28T06:57:17Z,src_20260928_fts_plan-1186-p1;src_20260928_fts_plan-1156-p1;src_20260928_fts_plan-1156-p2;src_20260928_fts_plan-1273-p1;src_20260928_fts_plan-1273-p2;src_20260928_fts_plan-1510-p1;src_20260928_fts_plan-1510-p2;src_20260928_fts_locations
ITA,2023-03-01,2024-02-29,8409952,1186;1156;1273;1510,2026-09-28T06:57:17Z,src_20260928_fts_plan-1186-p1;src_20260928_fts_plan-1156-p1;src_20260928_fts_plan-1156-p2;src_20260928_fts_plan-1273-p1;src_20260928_fts_plan-1273-p2;src_20260928_fts_plan-1510-p1;src_20260928_fts_plan-1510-p2;src_20260928_fts_locations
ITA,2023-04-01,2024-03-31,11500557,1186;1156;1273;1510,2026-09-28T06:57:17Z,src_20260928_fts_plan-1186-p1;src_20260928_fts_plan-1156-p1;src_20260928_fts_plan-1156-p2;src_20260928_fts_plan-1273-p1;src_20260928_fts_plan-1273-p2;src_20260928_fts_plan-1510-p1;src_20260928_fts_plan-1510-p2;src_20260928_fts_locations
ITA,2023-05-01,2024-04-30,11500557,1186;1156;1273;1510,2026-09-28T06:57:17Z,src_20260928_fts_plan-1186-p1;src_20260928_fts_plan-1156-p1;src_20260928_fts_plan-1156-p2;src_20260928_fts_plan-1273-p1;src_20260928_fts_plan-1273-p2;src_20260928_fts_plan-1510-p1;src_20260928_fts_plan-1510-p2;src_20260928_fts_locations
ITA,2023-06-01,2024-05-31,11500557,1186;1156;1273;1510,2026-09-28T06:57:17Z,src_20260928_fts_plan-1186-p1;src_20260928_fts_plan-1156-p1;src_20260928_fts_plan-1156-p2;src_20260928_fts_plan-1273-p1;src_20260928_fts_plan-1273-p2;src_20260928_fts_plan-1510-p1;src_20260928_fts_plan-1510-p2;src_20260928_fts_locations
ITA,2023-07-01,2024-06-30,27744891,1186;1156;1273;1510,2026-09-28T06:57:17Z,src_20260928_fts_plan-1186-p1;src_20260928_fts_plan-1156-p1;src_20260928_fts_plan-1156-p2;src_20260928_fts_plan-1273-p1;src_20260928_fts_plan-1273-p2;src_20260928_fts_plan-1510-p1;src_20260928_fts_plan-1510-p2;src_20260928_fts_locations
ITA,2023-08-01,2024-07-31,27965426,1186;1156;1273;1510,2026-09-28T06:57:17Z,src_20260928_fts_plan-1186-p1;src_20260928_fts_plan-1156-p1;src_20260928_fts_plan-1156-p2;src_20260928_fts_plan-1273-p1;src_20260928_fts_plan-1273-p2;src_20260928_fts_plan-1510-p1;src_20260928_fts_plan-1510-p2;src_20260928_fts_locations
ITA,2023-09-01,2024-08-31,27965426,1186;1156;1273;1510,2026-09-28T06:57:17Z,src_20260928_fts_plan-1186-p1;src_20260928_fts_plan-1156-p1;src_20260928_fts_plan-1156-p2;src_20260928_fts_plan-1273-p1;src_20260928_fts_plan-1273-p2;src_20260928_fts_plan-1510-p1;src_20260928_fts_plan-1510-p2;src_20260928_fts_locations
ITA,2023-10-01,2024-09-30,27965426,1186;1156;1273;1510,2026-09-28T06:57:17Z,src_20260928_fts_plan-1186-p1;src_20260928_fts_plan-1156-p1;src_20260928_fts_plan-1156-p2;src_20260928_fts_plan-1273-p1;src_20260928_fts_plan-1273-p2;src_20260928_fts_plan-1510-p1;src_20260928_fts_plan-1510-p2;src_20260928_fts_locations
ITA,2023-11-01,2024-10-31,27889124,1186;1156;1273;1510,2026-09-28T06:57:17Z,src_20260928_fts_plan-1186-p1;src_20260928_fts_plan-1156-p1;src_20260928_fts_plan-1156-p2;src_20260928_fts_plan-1273-p1;src_20260928_fts_plan-1273-p2;src_20260928_fts_plan-1510-p1;src_20260928_fts_plan-1510-p2;src_20260928_fts_locations
ITA,2023-12-01,2024-11-30,28096113,1186;1156;1273;1510,2026-09-28T06:57:17Z,src_20260928_fts_plan-1186-p1;src_20260928_fts_plan-1156-p1;src_20260928_fts_plan-1156-p2;src_20260928_fts_plan-1273-p1;src_20260928_fts_plan-1273-p2;src_20260928_fts_plan-1510-p1;src_20260928_fts_plan-1510-p2;src_20260928_fts_locations
ITA,2024-01-01,2024-12-31,25766669,1186;1156;1273;1510,2026-09-28T06:57:17Z,src_20260928_fts_plan-1186-p1;src_20260928_fts_plan-1156-p1;src_20260928_fts_plan-1156-p2;src_20260928_fts_plan-1273-p1;src_20260928_fts_plan-1273-p2;src_20260928_fts_plan-1510-p1;src_20260928_fts_plan-1510-p2;src_20260928_fts_locations
ITA,2024-02-01,2025-01-31,24693708,1186;1156;1273;1510,2026-09-28T06:57:17Z,src_20260928_fts_plan-1186-p1;src_20260928_fts_plan-1156-p1;src_20260928_fts_plan-1156-p2;src_20260928_fts_plan-1273-p1;src_20260928_fts_plan-1273-p2;src_20260928_fts_plan-1510-p1;src_20260928_fts_plan-1510-p2;src_20260928_fts_locations
ITA,2024-03-01,2025-02-28,24693708,1186;1156;1273;1510,2026-09-28T06:57:17Z,src_20260928_fts_plan-1186-p1;src_20260928_fts_plan-1156-p1;src_20260928_fts_plan-1156-p2;src_20260928_fts_plan-1273-p1;src_20260928_fts_plan-1273-p2;src_20260928_fts_plan-1510-p1;src_20260928_fts_plan-1510-p2;src_20260928_fts_locations
ITA,2024-04-01,2025-03-31,21053018,1186;1156;1273;1510,2026-09-28T06:57:17Z,src_20260928_fts_plan-1186-p1;src_20260928_fts_plan-1156-p1;src_20260928_fts_plan-1156-p2;src_20260928_fts_plan-1273-p1;src_20260928_fts_plan-1273-p2;src_20260928_fts_plan-1510-p1;src_20260928_fts_plan-1510-p2;src_20260928_fts_locations
ITA,2024-05-01,2025-04-30,24285806,1186;1156;1273;1510,2026-09-28T06:57:17Z,src_20260928_fts_plan-1186-p1;src_20260928_fts_plan-1156-p1;src_20260928_fts_plan-1156-p2;src_20260928_fts_plan-1273-p1;src_20260928_fts_plan-1273-p2;src_20260928_fts_plan-1510-p1;src_20260928_fts_plan-1510-p2;src_20260928_fts_locations
ITA,2024-06-01,2025-05-31,26455003,1186;1156;1273;1510,2026-09-28T06:57:17Z,src_20260928_fts_plan-1186-p1;src_20260928_fts_plan-1156-p1;src_20260928_fts_plan-1156-p2;src_20260928_fts_plan-1273-p1;src_20260928_fts_plan-1273-p2;src_20260928_fts_plan-1510-p1;src_20260928_fts_plan-1510-p2;src_20260928_fts_locations
ITA,2024-07-01,2025-06-30,10210669,1186;1156;1273;1510,2026-09-28T06:57:17Z,src_20260928_fts_plan-1186-p1;src_20260928_fts_plan-1156-p1;src_20260928_fts_plan-1156-p2;src_20260928_fts_plan-1273-p1;src_20260928_fts_plan-1273-p2;src_20260928_fts_plan-1510-p1;src_20260928_fts_plan-1510-p2;src_20260928_fts_locations
ITA,2024-08-01,2025-07-31,9990134,1186;1156;1273;1510,2026-09-28T06:57:17Z,src_20260928_fts_plan-1186-p1;src_20260928_fts_plan-1156-p1;src_20260928_fts_plan-1156-p2;src_20260928_fts_plan-1273-p1;src_20260928_fts_plan-1273-p2;src_20260928_fts_plan-1510-p1;src_20260928_fts_plan-1510-p2;src_20260928_fts_locations
ITA,2024-09-01,2025-08-31,9990134,1186;1156;1273;1510,2026-09-28T06:57:17Z,src_20260928_fts_plan-1186-p1;src_20260928_fts_plan-1156-p1;src_20260928_fts_plan-1156-p2;src_20260928_fts_plan-1273-p1;src_20260928_fts_plan-1273-p2;src_20260928_fts_plan-1510-p1;src_20260928_fts_plan-1510-p2;src_20260928_fts_locations
ITA,2024-10-01,2025-09-30,9990134,1186;1156;1273;1510,2026-09-28T06:57:17Z,src_20260928_fts_plan-1186-p1;src_20260928_fts_plan-1156-p1;src_20260928_fts_plan-1156-p2;src_20260928_fts_plan-1273-p1;src_20260928_fts_plan-1273-p2;src_20260928_fts_plan-1510-p1;src_20260928_fts_plan-1510-p2;src_20260928_fts_locations
ITA,2024-11-01,2025-10-31,44749653,1186;1156;1273;1510,2026-09-28T06:57:17Z,src_20260928_fts_plan-1186-p1;src_20260928_fts_plan-1156-p1;src_20260928_fts_plan-1156-p2;src_20260928_fts_plan-1273-p1;src_20260928_fts_plan-1273-p2;src_20260928_fts_plan-1510-p1;src_20260928_fts_plan-1510-p2;src_20260928_fts_locations
ITA,2024-12-01,2025-11-30,44542664,1186;1156;1273;1510,2026-09-28T06:57:17Z,src_20260928_fts_plan-1186-p1;src_20260928_fts_plan-1156-p1;src_20260928_fts_plan-1156-p2;src_20260928_fts_plan-1273-p1;src_20260928_fts_plan-1273-p2;src_20260928_fts_plan-1510-p1;src_20260928_fts_plan-1510-p2;src_20260928_fts_locations
ITA,2025-01-01,2025-12-31,40161504,1186;1156;1273;1510,2026-09-28T06:57:17Z,src_20260928_fts_plan-1186-p1;src_20260928_fts_plan-1156-p1;src_20260928_fts_plan-1156-p2;src_20260928_fts_plan-1273-p1;src_20260928_fts_plan-1273-p2;src_20260928_fts_plan-1510-p1;src_20260928_fts_plan-1510-p2;src_20260928_fts_locations
ITA,2025-02-01,2026-01-31,44217124,1186;1156;1273;1510,2026-09-28T06:57:17Z,src_20260928_fts_plan-1186-p1;src_20260928_fts_plan-1156-p1;src_20260928_fts_plan-1156-p2;src_20260928_fts_plan-1273-p1;src_20260928_fts_plan-1273-p2;src_20260928_fts_plan-1510-p1;src_20260928_fts_plan-1510-p2;src_20260928_fts_locations
ITA,2025-03-01,2026-02-28,44217124,1186;1156;1273;1510,2026-09-28T06:57:17Z,src_20260928_fts_plan-1186-p1;src_20260928_fts_plan-1156-p1;src_20260928_fts_plan-1156-p2;src_20260928_fts_plan-1273-p1;src_20260928_fts_plan-1273-p2;src_20260928_fts_plan-1510-p1;src_20260928_fts_plan-1510-p2;src_20260928_fts_locations
ITA,2025-04-01,2026-03-31,44217124,1186;1156;1273;1510,2026-09-28T06:57:17Z,src_20260928_fts_plan-1186-p1;src_20260928_fts_plan-1156-p1;src_20260928_fts_plan-1156-p2;src_20260928_fts_plan-1273-p1;src_20260928_fts_plan-1273-p2;src_20260928_fts_plan-1510-p1;src_20260928_fts_plan-1510-p2;src_20260928_fts_locations
ITA,2025-05-01,2026-04-30,40984336,1186;1156;1273;1510,2026-09-28T06:57:17Z,src_20260928_fts_plan-1186-p1;src_20260928_fts_plan-1156-p1;src_20260928_fts_plan-1156-p2;src_20260928_fts_plan-1273-p1;src_20260928_fts_plan-1273-p2;src_20260928_fts_plan-1510-p1;src_20260928_fts_plan-1510-p2;src_20260928_fts_locations
ITA,2025-06-01,2026-05-31,38815139,1186;1156;1273;1510,2026-09-28T06:57:17Z,src_20260928_fts_plan-1186-p1;src_20260928_fts_plan-1156-p1;src_20260928_fts_plan-1156-p2;src_20260928_fts_plan-1273-p1;src_20260928_fts_plan-1273-p2;src_20260928_fts_plan-1510-p1;src_20260928_fts_plan-1510-p2;src_20260928_fts_locations
ITA,2025-07-01,2026-06-30,43914407,1186;1156;1273;1510,2026-09-28T06:57:17Z,src_20260928_fts_plan-1186-p1;src_20260928_fts_plan-1156-p1;src_20260928_fts_plan-1156-p2;src_20260928_fts_plan-1273-p1;src_20260928_fts_plan-1273-p2;src_20260928_fts_plan-1510-p1;src_20260928_fts_plan-1510-p2;src_20260928_fts_locations
ITA,2025-08-01,2026-07-31,55369161,1186;1156;1273;1510,2026-09-28T06:57:17Z,src_20260928_fts_plan-1186-p1;src_20260928_fts_plan-1156-p1;src_20260928_fts_plan-1156-p2;src_20260928_fts_plan-1273-p1;src_20260928_fts_plan-1273-p2;src_20260928_fts_plan-1510-p1;src_20260928_fts_plan-1510-p2;src_20260928_fts_locations
ITA,2025-09-01,2026-08-31,55369161,1186;1156;1273;1510,2026-09-28T06:57:17Z,src_20260928_fts_plan-1186-p1;src_20260928_fts_plan-1156-p1;src_20260928_fts_plan-1156-p2;src_20260928_fts_plan-1273-p1;src_20260928_fts_plan-1273-p2;src_20260928_fts_plan-1510-p1;src_20260928_fts_plan-1510-p2;src_20260928_fts_locations
JPN,2022-10-01,2023-09-30,0,1186;1156;1273;1510,2026-09-28T06:57:17Z,src_20260928_fts_plan-1186-p1;src_20260928_fts_plan-1156-p1;src_20260928_fts_plan-1156-p2;src_20260928_fts_plan-1273-p1;src_20260928_fts_plan-1273-p2;src_20260928_fts_plan-1510-p1;src_20260928_fts_plan-1510-p2;src_20260928_fts_locations
JPN,2022-11-01,2023-10-31,0,1186;1156;1273;1510,2026-09-28T06:57:17Z,src_20260928_fts_plan-1186-p1;src_20260928_fts_plan-1156-p1;src_20260928_fts_plan-1156-p2;src_20260928_fts_plan-1273-p1;src_20260928_fts_plan-1273-p2;src_20260928_fts_plan-1510-p1;src_20260928_fts_plan-1510-p2;src_20260928_fts_locations
JPN,2022-12-01,2023-11-30,7000000,1186;1156;1273;1510,2026-09-28T06:57:17Z,src_20260928_fts_plan-1186-p1;src_20260928_fts_plan-1156-p1;src_20260928_fts_plan-1156-p2;src_20260928_fts_plan-1273-p1;src_20260928_fts_plan-1273-p2;src_20260928_fts_plan-1510-p1;src_20260928_fts_plan-1510-p2;src_20260928_fts_locations
JPN,2023-01-01,2023-12-31,9018572,1186;1156;1273;1510,2026-09-28T06:57:17Z,src_20260928_fts_plan-1186-p1;src_20260928_fts_plan-1156-p1;src_20260928_fts_plan-1156-p2;src_20260928_fts_plan-1273-p1;src_20260928_fts_plan-1273-p2;src_20260928_fts_plan-1510-p1;src_20260928_fts_plan-1510-p2;src_20260928_fts_locations
JPN,2023-02-01,2024-01-31,9969709,1186;1156;1273;1510,2026-09-28T06:57:17Z,src_20260928_fts_plan-1186-p1;src_20260928_fts_plan-1156-p1;src_20260928_fts_plan-1156-p2;src_20260928_fts_plan-1273-p1;src_20260928_fts_plan-1273-p2;src_20260928_fts_plan-1510-p1;src_20260928_fts_plan-1510-p2;src_20260928_fts_locations
JPN,2023-03-01,2024-02-29,41959886,1186;1156;1273;1510,2026-09-28T06:57:17Z,src_20260928_fts_plan-1186-p1;src_20260928_fts_plan-1156-p1;src_20260928_fts_plan-1156-p2;src_20260928_fts_plan-1273-p1;src_20260928_fts_plan-1273-p2;src_20260928_fts_plan-1510-p1;src_20260928_fts_plan-1510-p2;src_20260928_fts_locations
JPN,2023-04-01,2024-03-31,52459886,1186;1156;1273;1510,2026-09-28T06:57:17Z,src_20260928_fts_plan-1186-p1;src_20260928_fts_plan-1156-p1;src_20260928_fts_plan-1156-p2;src_20260928_fts_plan-1273-p1;src_20260928_fts_plan-1273-p2;src_20260928_fts_plan-1510-p1;src_20260928_fts_plan-1510-p2;src_20260928_fts_locations
JPN,2023-05-01,2024-04-30,55416720,1186;1156;1273;1510,2026-09-28T06:57:17Z,src_20260928_fts_plan-1186-p1;src_20260928_fts_plan-1156-p1;src_20260928_fts_plan-1156-p2;src_20260928_fts_plan-1273-p1;src_20260928_fts_plan-1273-p2;src_20260928_fts_plan-1510-p1;src_20260928_fts_plan-1510-p2;src_20260928_fts_locations
JPN,2023-06-01,2024-05-31,55416720,1186;1156;1273;1510,2026-09-28T06:57:17Z,src_20260928_fts_plan-1186-p1;src_20260928_fts_plan-1156-p1;src_20260928_fts_plan-1156-p2;src_20260928_fts_plan-1273-p1;src_20260928_fts_plan-1273-p2;src_20260928_fts_plan-1510-p1;src_20260928_fts_plan-1510-p2;src_20260928_fts_locations
JPN,2023-07-01,2024-06-30,55416720,1186;1156;1273;1510,2026-09-28T06:57:17Z,src_20260928_fts_plan-1186-p1;src_20260928_fts_plan-1156-p1;src_20260928_fts_plan-1156-p2;src_20260928_fts_plan-1273-p1;src_20260928_fts_plan-1273-p2;src_20260928_fts_plan-1510-p1;src_20260928_fts_plan-1510-p2;src_20260928_fts_locations
JPN,2023-08-01,2024-07-31,55416720,1186;1156;1273;1510,2026-09-28T06:57:17Z,src_20260928_fts_plan-1186-p1;src_20260928_fts_plan-1156-p1;src_20260928_fts_plan-1156-p2;src_20260928_fts_plan-1273-p1;src_20260928_fts_plan-1273-p2;src_20260928_fts_plan-1510-p1;src_20260928_fts_plan-1510-p2;src_20260928_fts_locations
JPN,2023-09-01,2024-08-31,58008737,1186;1156;1273;1510,2026-09-28T06:57:17Z,src_20260928_fts_plan-1186-p1;src_20260928_fts_plan-1156-p1;src_20260928_fts_plan-1156-p2;src_20260928_fts_plan-1273-p1;src_20260928_fts_plan-1273-p2;src_20260928_fts_plan-1510-p1;src_20260928_fts_plan-1510-p2;src_20260928_fts_locations
JPN,2023-10-01,2024-09-30,58008737,1186;1156;1273;1510,2026-09-28T06:57:17Z,src_20260928_fts_plan-1186-p1;src_20260928_fts_plan-1156-p1;src_20260928_fts_plan-1156-p2;src_20260928_fts_plan-1273-p1;src_20260928_fts_plan-1273-p2;src_20260928_fts_plan-1510-p1;src_20260928_fts_plan-1510-p2;src_20260928_fts_locations
JPN,2023-11-01,2024-10-31,58008737,1186;1156;1273;1510,2026-09-28T06:57:17Z,src_20260928_fts_plan-1186-p1;src_20260928_fts_plan-1156-p1;src_20260928_fts_plan-1156-p2;src_20260928_fts_plan-1273-p1;src_20260928_fts_plan-1273-p2;src_20260928_fts_plan-1510-p1;src_20260928_fts_plan-1510-p2;src_20260928_fts_locations
JPN,2023-12-01,2024-11-30,51008737,1186;1156;1273;1510,2026-09-28T06:57:17Z,src_20260928_fts_plan-1186-p1;src_20260928_fts_plan-1156-p1;src_20260928_fts_plan-1156-p2;src_20260928_fts_plan-1273-p1;src_20260928_fts_plan-1273-p2;src_20260928_fts_plan-1510-p1;src_20260928_fts_plan-1510-p2;src_20260928_fts_locations
JPN,2024-01-01,2024-12-31,48990165,1186;1156;1273;1510,2026-09-28T06:57:17Z,src_20260928_fts_plan-1186-p1;src_20260928_fts_plan-1156-p1;src_20260928_fts_plan-1156-p2;src_20260928_fts_plan-1273-p1;src_20260928_fts_plan-1273-p2;src_20260928_fts_plan-1510-p1;src_20260928_fts_plan-1510-p2;src_20260928_fts_locations
JPN,2024-02-01,2025-01-31,58039028,1186;1156;1273;1510,2026-09-28T06:57:17Z,src_20260928_fts_plan-1186-p1;src_20260928_fts_plan-1156-p1;src_20260928_fts_plan-1156-p2;src_20260928_fts_plan-1273-p1;src_20260928_fts_plan-1273-p2;src_20260928_fts_plan-1510-p1;src_20260928_fts_plan-1510-p2;src_20260928_fts_locations
JPN,2024-03-01,2025-02-28,26048851,1186;1156;1273;1510,2026-09-28T06:57:17Z,src_20260928_fts_plan-1186-p1;src_20260928_fts_plan-1156-p1;src_20260928_fts_plan-1156-p2;src_20260928_fts_plan-1273-p1;src_20260928_fts_plan-1273-p2;src_20260928_fts_plan-1510-p1;src_20260928_fts_plan-1510-p2;src_20260928_fts_locations
JPN,2024-04-01,2025-03-31,15548851,1186;1156;1273;1510,2026-09-28T06:57:17Z,src_20260928_fts_plan-1186-p1;src_20260928_fts_plan-1156-p1;src_20260928_fts_plan-1156-p2;src_20260928_fts_plan-1273-p1;src_20260928_fts_plan-1273-p2;src_20260928_fts_plan-1510-p1;src_20260928_fts_plan-1510-p2;src_20260928_fts_locations
JPN,2024-05-01,2025-04-30,40600520,1186;1156;1273;1510,2026-09-28T06:57:17Z,src_20260928_fts_plan-1186-p1;src_20260928_fts_plan-1156-p1;src_20260928_fts_plan-1156-p2;src_20260928_fts_plan-1273-p1;src_20260928_fts_plan-1273-p2;src_20260928_fts_plan-1510-p1;src_20260928_fts_plan-1510-p2;src_20260928_fts_locations
JPN,2024-06-01,2025-05-31,50809476,1186;1156;1273;1510,2026-09-28T06:57:17Z,src_20260928_fts_plan-1186-p1;src_20260928_fts_plan-1156-p1;src_20260928_fts_plan-1156-p2;src_20260928_fts_plan-1273-p1;src_20260928_fts_plan-1273-p2;src_20260928_fts_plan-1510-p1;src_20260928_fts_plan-1510-p2;src_20260928_fts_locations
JPN,2024-07-01,2025-06-30,52209476,1186;1156;1273;1510,2026-09-28T06:57:17Z,src_20260928_fts_plan-1186-p1;src_20260928_fts_plan-1156-p1;src_20260928_fts_plan-1156-p2;src_20260928_fts_plan-1273-p1;src_20260928_fts_plan-1273-p2;src_20260928_fts_plan-1510-p1;src_20260928_fts_plan-1510-p2;src_20260928_fts_locations
JPN,2024-08-01,2025-07-31,52209476,1186;1156;1273;1510,2026-09-28T06:57:17Z,src_20260928_fts_plan-1186-p1;src_20260928_fts_plan-1156-p1;src_20260928_fts_plan-1156-p2;src_20260928_fts_plan-1273-p1;src_20260928_fts_plan-1273-p2;src_20260928_fts_plan-1510-p1;src_20260928_fts_plan-1510-p2;src_20260928_fts_locations
JPN,2024-09-01,2025-08-31,50853485,1186;1156;1273;1510,2026-09-28T06:57:17Z,src_20260928_fts_plan-1186-p1;src_20260928_fts_plan-1156-p1;src_20260928_fts_plan-1156-p2;src_20260928_fts_plan-1273-p1;src_20260928_fts_plan-1273-p2;src_20260928_fts_plan-1510-p1;src_20260928_fts_plan-1510-p2;src_20260928_fts_locations
JPN,2024-10-01,2025-09-30,50853485,1186;1156;1273;1510,2026-09-28T06:57:17Z,src_20260928_fts_plan-1186-p1;src_20260928_fts_plan-1156-p1;src_20260928_fts_plan-1156-p2;src_20260928_fts_plan-1273-p1;src_20260928_fts_plan-1273-p2;src_20260928_fts_plan-1510-p1;src_20260928_fts_plan-1510-p2;src_20260928_fts_locations
JPN,2024-11-01,2025-10-31,58249301,1186;1156;1273;1510,2026-09-28T06:57:17Z,src_20260928_fts_plan-1186-p1;src_20260928_fts_plan-1156-p1;src_20260928_fts_plan-1156-p2;src_20260928_fts_plan-1273-p1;src_20260928_fts_plan-1273-p2;src_20260928_fts_plan-1510-p1;src_20260928_fts_plan-1510-p2;src_20260928_fts_locations
JPN,2024-12-01,2025-11-30,68488200,1186;1156;1273;1510,2026-09-28T06:57:17Z,src_20260928_fts_plan-1186-p1;src_20260928_fts_plan-1156-p1;src_20260928_fts_plan-1156-p2;src_20260928_fts_plan-1273-p1;src_20260928_fts_plan-1273-p2;src_20260928_fts_plan-1510-p1;src_20260928_fts_plan-1510-p2;src_20260928_fts_locations
JPN,2025-01-01,2025-12-31,68488200,1186;1156;1273;1510,2026-09-28T06:57:17Z,src_20260928_fts_plan-1186-p1;src_20260928_fts_plan-1156-p1;src_20260928_fts_plan-1156-p2;src_20260928_fts_plan-1273-p1;src_20260928_fts_plan-1273-p2;src_20260928_fts_plan-1510-p1;src_20260928_fts_plan-1510-p2;src_20260928_fts_locations
JPN,2025-02-01,2026-01-31,58488200,1186;1156;1273;1510,2026-09-28T06:57:17Z,src_20260928_fts_plan-1186-p1;src_20260928_fts_plan-1156-p1;src_20260928_fts_plan-1156-p2;src_20260928_fts_plan-1273-p1;src_20260928_fts_plan-1273-p2;src_20260928_fts_plan-1510-p1;src_20260928_fts_plan-1510-p2;src_20260928_fts_locations
JPN,2025-03-01,2026-02-28,70774866,1186;1156;1273;1510,2026-09-28T06:57:17Z,src_20260928_fts_plan-1186-p1;src_20260928_fts_plan-1156-p1;src_20260928_fts_plan-1156-p2;src_20260928_fts_plan-1273-p1;src_20260928_fts_plan-1273-p2;src_20260928_fts_plan-1510-p1;src_20260928_fts_plan-1510-p2;src_20260928_fts_locations
JPN,2025-04-01,2026-03-31,70774866,1186;1156;1273;1510,2026-09-28T06:57:17Z,src_20260928_fts_plan-1186-p1;src_20260928_fts_plan-1156-p1;src_20260928_fts_plan-1156-p2;src_20260928_fts_plan-1273-p1;src_20260928_fts_plan-1273-p2;src_20260928_fts_plan-1510-p1;src_20260928_fts_plan-1510-p2;src_20260928_fts_locations
JPN,2025-05-01,2026-04-30,97141227,1186;1156;1273;1510,2026-09-28T06:57:17Z,src_20260928_fts_plan-1186-p1;src_20260928_fts_plan-1156-p1;src_20260928_fts_plan-1156-p2;src_20260928_fts_plan-1273-p1;src_20260928_fts_plan-1273-p2;src_20260928_fts_plan-1510-p1;src_20260928_fts_plan-1510-p2;src_20260928_fts_locations
JPN,2025-06-01,2026-05-31,86932271,1186;1156;1273;1510,2026-09-28T06:57:17Z,src_20260928_fts_plan-1186-p1;src_20260928_fts_plan-1156-p1;src_20260928_fts_plan-1156-p2;src_20260928_fts_plan-1273-p1;src_20260928_fts_plan-1273-p2;src_20260928_fts_plan-1510-p1;src_20260928_fts_plan-1510-p2;src_20260928_fts_locations
JPN,2025-07-01,2026-06-30,85532271,1186;1156;1273;1510,2026-09-28T06:57:17Z,src_20260928_fts_plan-1186-p1;src_20260928_fts_plan-1156-p1;src_20260928_fts_plan-1156-p2;src_20260928_fts_plan-1273-p1;src_20260928_fts_plan-1273-p2;src_20260928_fts_plan-1510-p1;src_20260928_fts_plan-1510-p2;src_20260928_fts_locations
JPN,2025-08-01,2026-07-31,85532271,1186;1156;1273;1510,2026-09-28T06:57:17Z,src_20260928_fts_plan-1186-p1;src_20260928_fts_plan-1156-p1;src_20260928_fts_plan-1156-p2;src_20260928_fts_plan-1273-p1;src_20260928_fts_plan-1273-p2;src_20260928_fts_plan-1510-p1;src_20260928_fts_plan-1510-p2;src_20260928_fts_locations
JPN,2025-09-01,2026-08-31,97095717,1186;1156;1273;1510,2026-09-28T06:57:17Z,src_20260928_fts_plan-1186-p1;src_20260928_fts_plan-1156-p1;src_20260928_fts_plan-1156-p2;src_20260928_fts_plan-1273-p1;src_20260928_fts_plan-1273-p2;src_20260928_fts_plan-1510-p1;src_20260928_fts_plan-1510-p2;src_20260928_fts_locations
KAZ,2022-10-01,2023-09-30,0,1186;1156;1273;1510,2026-09-28T06:57:17Z,src_20260928_fts_plan-1186-p1;src_20260928_fts_plan-1156-p1;src_20260928_fts_plan-1156-p2;src_20260928_fts_plan-1273-p1;src_20260928_fts_plan-1273-p2;src_20260928_fts_plan-1510-p1;src_20260928_fts_plan-1510-p2;src_20260928_fts_locations
KAZ,2022-11-01,2023-10-31,0,1186;1156;1273;1510,2026-09-28T06:57:17Z,src_20260928_fts_plan-1186-p1;src_20260928_fts_plan-1156-p1;src_20260928_fts_plan-1156-p2;src_20260928_fts_plan-1273-p1;src_20260928_fts_plan-1273-p2;src_20260928_fts_plan-1510-p1;src_20260928_fts_plan-1510-p2;src_20260928_fts_locations
KAZ,2022-12-01,2023-11-30,1010000,1186;1156;1273;1510,2026-09-28T06:57:17Z,src_20260928_fts_plan-1186-p1;src_20260928_fts_plan-1156-p1;src_20260928_fts_plan-1156-p2;src_20260928_fts_plan-1273-p1;src_20260928_fts_plan-1273-p2;src_20260928_fts_plan-1510-p1;src_20260928_fts_plan-1510-p2;src_20260928_fts_locations
KAZ,2023-01-01,2023-12-31,1010000,1186;1156;1273;1510,2026-09-28T06:57:17Z,src_20260928_fts_plan-1186-p1;src_20260928_fts_plan-1156-p1;src_20260928_fts_plan-1156-p2;src_20260928_fts_plan-1273-p1;src_20260928_fts_plan-1273-p2;src_20260928_fts_plan-1510-p1;src_20260928_fts_plan-1510-p2;src_20260928_fts_locations
KAZ,2023-02-01,2024-01-31,1010000,1186;1156;1273;1510,2026-09-28T06:57:17Z,src_20260928_fts_plan-1186-p1;src_20260928_fts_plan-1156-p1;src_20260928_fts_plan-1156-p2;src_20260928_fts_plan-1273-p1;src_20260928_fts_plan-1273-p2;src_20260928_fts_plan-1510-p1;src_20260928_fts_plan-1510-p2;src_20260928_fts_locations
KAZ,2023-03-01,2024-02-29,1010000,1186;1156;1273;1510,2026-09-28T06:57:17Z,src_20260928_fts_plan-1186-p1;src_20260928_fts_plan-1156-p1;src_20260928_fts_plan-1156-p2;src_20260928_fts_plan-1273-p1;src_20260928_fts_plan-1273-p2;src_20260928_fts_plan-1510-p1;src_20260928_fts_plan-1510-p2;src_20260928_fts_locations
KAZ,2023-04-01,2024-03-31,1010000,1186;1156;1273;1510,2026-09-28T06:57:17Z,src_20260928_fts_plan-1186-p1;src_20260928_fts_plan-1156-p1;src_20260928_fts_plan-1156-p2;src_20260928_fts_plan-1273-p1;src_20260928_fts_plan-1273-p2;src_20260928_fts_plan-1510-p1;src_20260928_fts_plan-1510-p2;src_20260928_fts_locations
KAZ,2023-05-01,2024-04-30,1010000,1186;1156;1273;1510,2026-09-28T06:57:17Z,src_20260928_fts_plan-1186-p1;src_20260928_fts_plan-1156-p1;src_20260928_fts_plan-1156-p2;src_20260928_fts_plan-1273-p1;src_20260928_fts_plan-1273-p2;src_20260928_fts_plan-1510-p1;src_20260928_fts_plan-1510-p2;src_20260928_fts_locations
KAZ,2023-06-01,2024-05-31,1010000,1186;1156;1273;1510,2026-09-28T06:57:17Z,src_20260928_fts_plan-1186-p1;src_20260928_fts_plan-1156-p1;src_20260928_fts_plan-1156-p2;src_20260928_fts_plan-1273-p1;src_20260928_fts_plan-1273-p2;src_20260928_fts_plan-1510-p1;src_20260928_fts_plan-1510-p2;src_20260928_fts_locations
KAZ,2023-07-01,2024-06-30,1010000,1186;1156;1273;1510,2026-09-28T06:57:17Z,src_20260928_fts_plan-1186-p1;src_20260928_fts_plan-1156-p1;src_20260928_fts_plan-1156-p2;src_20260928_fts_plan-1273-p1;src_20260928_fts_plan-1273-p2;src_20260928_fts_plan-1510-p1;src_20260928_fts_plan-1510-p2;src_20260928_fts_locations
KAZ,2023-08-01,2024-07-31,1010000,1186;1156;1273;1510,2026-09-28T06:57:17Z,src_20260928_fts_plan-1186-p1;src_20260928_fts_plan-1156-p1;src_20260928_fts_plan-1156-p2;src_20260928_fts_plan-1273-p1;src_20260928_fts_plan-1273-p2;src_20260928_fts_plan-1510-p1;src_20260928_fts_plan-1510-p2;src_20260928_fts_locations
KAZ,2023-09-01,2024-08-31,1010000,1186;1156;1273;1510,2026-09-28T06:57:17Z,src_20260928_fts_plan-1186-p1;src_20260928_fts_plan-1156-p1;src_20260928_fts_plan-1156-p2;src_20260928_fts_plan-1273-p1;src_20260928_fts_plan-1273-p2;src_20260928_fts_plan-1510-p1;src_20260928_fts_plan-1510-p2;src_20260928_fts_locations
KAZ,2023-10-01,2024-09-30,1010000,1186;1156;1273;1510,2026-09-28T06:57:17Z,src_20260928_fts_plan-1186-p1;src_20260928_fts_plan-1156-p1;src_20260928_fts_plan-1156-p2;src_20260928_fts_plan-1273-p1;src_20260928_fts_plan-1273-p2;src_20260928_fts_plan-1510-p1;src_20260928_fts_plan-1510-p2;src_20260928_fts_locations
KAZ,2023-11-01,2024-10-31,1010000,1186;1156;1273;1510,2026-09-28T06:57:17Z,src_20260928_fts_plan-1186-p1;src_20260928_fts_plan-1156-p1;src_20260928_fts_plan-1156-p2;src_20260928_fts_plan-1273-p1;src_20260928_fts_plan-1273-p2;src_20260928_fts_plan-1510-p1;src_20260928_fts_plan-1510-p2;src_20260928_fts_locations
KAZ,2023-12-01,2024-11-30,0,1186;1156;1273;1510,2026-09-28T06:57:17Z,src_20260928_fts_plan-1186-p1;src_20260928_fts_plan-1156-p1;src_20260928_fts_plan-1156-p2;src_20260928_fts_plan-1273-p1;src_20260928_fts_plan-1273-p2;src_20260928_fts_plan-1510-p1;src_20260928_fts_plan-1510-p2;src_20260928_fts_locations
KAZ,2024-01-01,2024-12-31,0,1186;1156;1273;1510,2026-09-28T06:57:17Z,src_20260928_fts_plan-1186-p1;src_20260928_fts_plan-1156-p1;src_20260928_fts_plan-1156-p2;src_20260928_fts_plan-1273-p1;src_20260928_fts_plan-1273-p2;src_20260928_fts_plan-1510-p1;src_20260928_fts_plan-1510-p2;src_20260928_fts_locations
KAZ,2024-02-01,2025-01-31,0,1186;1156;1273;1510,2026-09-28T06:57:17Z,src_20260928_fts_plan-1186-p1;src_20260928_fts_plan-1156-p1;src_20260928_fts_plan-1156-p2;src_20260928_fts_plan-1273-p1;src_20260928_fts_plan-1273-p2;src_20260928_fts_plan-1510-p1;src_20260928_fts_plan-1510-p2;src_20260928_fts_locations
KAZ,2024-03-01,2025-02-28,0,1186;1156;1273;1510,2026-09-28T06:57:17Z,src_20260928_fts_plan-1186-p1;src_20260928_fts_plan-1156-p1;src_20260928_fts_plan-1156-p2;src_20260928_fts_plan-1273-p1;src_20260928_fts_plan-1273-p2;src_20260928_fts_plan-1510-p1;src_20260928_fts_plan-1510-p2;src_20260928_fts_locations
KAZ,2024-04-01,2025-03-31,0,1186;1156;1273;1510,2026-09-28T06:57:17Z,src_20260928_fts_plan-1186-p1;src_20260928_fts_plan-1156-p1;src_20260928_fts_plan-1156-p2;src_20260928_fts_plan-1273-p1;src_20260928_fts_plan-1273-p2;src_20260928_fts_plan-1510-p1;src_20260928_fts_plan-1510-p2;src_20260928_fts_locations
KAZ,2024-05-01,2025-04-30,0,1186;1156;1273;1510,2026-09-28T06:57:17Z,src_20260928_fts_plan-1186-p1;src_20260928_fts_plan-1156-p1;src_20260928_fts_plan-1156-p2;src_20260928_fts_plan-1273-p1;src_20260928_fts_plan-1273-p2;src_20260928_fts_plan-1510-p1;src_20260928_fts_plan-1510-p2;src_20260928_fts_locations
KAZ,2024-06-01,2025-05-31,0,1186;1156;1273;1510,2026-09-28T06:57:17Z,src_20260928_fts_plan-1186-p1;src_20260928_fts_plan-1156-p1;src_20260928_fts_plan-1156-p2;src_20260928_fts_plan-1273-p1;src_20260928_fts_plan-1273-p2;src_20260928_fts_plan-1510-p1;src_20260928_fts_plan-1510-p2;src_20260928_fts_locations
KAZ,2024-07-01,2025-06-30,0,1186;1156;1273;1510,2026-09-28T06:57:17Z,src_20260928_fts_plan-1186-p1;src_20260928_fts_plan-1156-p1;src_20260928_fts_plan-1156-p2;src_20260928_fts_plan-1273-p1;src_20260928_fts_plan-1273-p2;src_20260928_fts_plan-1510-p1;src_20260928_fts_plan-1510-p2;src_20260928_fts_locations
KAZ,2024-08-01,2025-07-31,0,1186;1156;1273;1510,2026-09-28T06:57:17Z,src_20260928_fts_plan-1186-p1;src_20260928_fts_plan-1156-p1;src_20260928_fts_plan-1156-p2;src_20260928_fts_plan-1273-p1;src_20260928_fts_plan-1273-p2;src_20260928_fts_plan-1510-p1;src_20260928_fts_plan-1510-p2;src_20260928_fts_locations
KAZ,2024-09-01,2025-08-31,0,1186;1156;1273;1510,2026-09-28T06:57:17Z,src_20260928_fts_plan-1186-p1;src_20260928_fts_plan-1156-p1;src_20260928_fts_plan-1156-p2;src_20260928_fts_plan-1273-p1;src_20260928_fts_plan-1273-p2;src_20260928_fts_plan-1510-p1;src_20260928_fts_plan-1510-p2;src_20260928_fts_locations
KAZ,2024-10-01,2025-09-30,0,1186;1156;1273;1510,2026-09-28T06:57:17Z,src_20260928_fts_plan-1186-p1;src_20260928_fts_plan-1156-p1;src_20260928_fts_plan-1156-p2;src_20260928_fts_plan-1273-p1;src_20260928_fts_plan-1273-p2;src_20260928_fts_plan-1510-p1;src_20260928_fts_plan-1510-p2;src_20260928_fts_locations
KAZ,2024-11-01,2025-10-31,0,1186;1156;1273;1510,2026-09-28T06:57:17Z,src_20260928_fts_plan-1186-p1;src_20260928_fts_plan-1156-p1;src_20260928_fts_plan-1156-p2;src_20260928_fts_plan-1273-p1;src_20260928_fts_plan-1273-p2;src_20260928_fts_plan-1510-p1;src_20260928_fts_plan-1510-p2;src_20260928_fts_locations
KAZ,2024-12-01,2025-11-30,0,1186;1156;1273;1510,2026-09-28T06:57:17Z,src_20260928_fts_plan-1186-p1;src_20260928_fts_plan-1156-p1;src_20260928_fts_plan-1156-p2;src_20260928_fts_plan-1273-p1;src_20260928_fts_plan-1273-p2;src_20260928_fts_plan-1510-p1;src_20260928_fts_plan-1510-p2;src_20260928_fts_locations
KAZ,2025-01-01,2025-12-31,0,1186;1156;1273;1510,2026-09-28T06:57:17Z,src_20260928_fts_plan-1186-p1;src_20260928_fts_plan-1156-p1;src_20260928_fts_plan-1156-p2;src_20260928_fts_plan-1273-p1;src_20260928_fts_plan-1273-p2;src_20260928_fts_plan-1510-p1;src_20260928_fts_plan-1510-p2;src_20260928_fts_locations
KAZ,2025-02-01,2026-01-31,0,1186;1156;1273;1510,2026-09-28T06:57:17Z,src_20260928_fts_plan-1186-p1;src_20260928_fts_plan-1156-p1;src_20260928_fts_plan-1156-p2;src_20260928_fts_plan-1273-p1;src_20260928_fts_plan-1273-p2;src_20260928_fts_plan-1510-p1;src_20260928_fts_plan-1510-p2;src_20260928_fts_locations
KAZ,2025-03-01,2026-02-28,0,1186;1156;1273;1510,2026-09-28T06:57:17Z,src_20260928_fts_plan-1186-p1;src_20260928_fts_plan-1156-p1;src_20260928_fts_plan-1156-p2;src_20260928_fts_plan-1273-p1;src_20260928_fts_plan-1273-p2;src_20260928_fts_plan-1510-p1;src_20260928_fts_plan-1510-p2;src_20260928_fts_locations
KAZ,2025-04-01,2026-03-31,0,1186;1156;1273;1510,2026-09-28T06:57:17Z,src_20260928_fts_plan-1186-p1;src_20260928_fts_plan-1156-p1;src_20260928_fts_plan-1156-p2;src_20260928_fts_plan-1273-p1;src_20260928_fts_plan-1273-p2;src_20260928_fts_plan-1510-p1;src_20260928_fts_plan-1510-p2;src_20260928_fts_locations
KAZ,2025-05-01,2026-04-30,0,1186;1156;1273;1510,2026-09-28T06:57:17Z,src_20260928_fts_plan-1186-p1;src_20260928_fts_plan-1156-p1;src_20260928_fts_plan-1156-p2;src_20260928_fts_plan-1273-p1;src_20260928_fts_plan-1273-p2;src_20260928_fts_plan-1510-p1;src_20260928_fts_plan-1510-p2;src_20260928_fts_locations
KAZ,2025-06-01,2026-05-31,0,1186;1156;1273;1510,2026-09-28T06:57:17Z,src_20260928_fts_plan-1186-p1;src_20260928_fts_plan-1156-p1;src_20260928_fts_plan-1156-p2;src_20260928_fts_plan-1273-p1;src_20260928_fts_plan-1273-p2;src_20260928_fts_plan-1510-p1;src_20260928_fts_plan-1510-p2;src_20260928_fts_locations
KAZ,2025-07-01,2026-06-30,0,1186;1156;1273;1510,2026-09-28T06:57:17Z,src_20260928_fts_plan-1186-p1;src_20260928_fts_plan-1156-p1;src_20260928_fts_plan-1156-p2;src_20260928_fts_plan-1273-p1;src_20260928_fts_plan-1273-p2;src_20260928_fts_plan-1510-p1;src_20260928_fts_plan-1510-p2;src_20260928_fts_locations
KAZ,2025-08-01,2026-07-31,0,1186;1156;1273;1510,2026-09-28T06:57:17Z,src_20260928_fts_plan-1186-p1;src_20260928_fts_plan-1156-p1;src_20260928_fts_plan-1156-p2;src_20260928_fts_plan-1273-p1;src_20260928_fts_plan-1273-p2;src_20260928_fts_plan-1510-p1;src_20260928_fts_plan-1510-p2;src_20260928_fts_locations
KAZ,2025-09-01,2026-08-31,0,1186;1156;1273;1510,2026-09-28T06:57:17Z,src_20260928_fts_plan-1186-p1;src_20260928_fts_plan-1156-p1;src_20260928_fts_plan-1156-p2;src_20260928_fts_plan-1273-p1;src_20260928_fts_plan-1273-p2;src_20260928_fts_plan-1510-p1;src_20260928_fts_plan-1510-p2;src_20260928_fts_locations
KEN,2022-10-01,2023-09-30,0,1186;1156;1273;1510,2026-09-28T06:57:17Z,src_20260928_fts_plan-1186-p1;src_20260928_fts_plan-1156-p1;src_20260928_fts_plan-1156-p2;src_20260928_fts_plan-1273-p1;src_20260928_fts_plan-1273-p2;src_20260928_fts_plan-1510-p1;src_20260928_fts_plan-1510-p2;src_20260928_fts_locations
KEN,2022-11-01,2023-10-31,0,1186;1156;1273;1510,2026-09-28T06:57:17Z,src_20260928_fts_plan-1186-p1;src_20260928_fts_plan-1156-p1;src_20260928_fts_plan-1156-p2;src_20260928_fts_plan-1273-p1;src_20260928_fts_plan-1273-p2;src_20260928_fts_plan-1510-p1;src_20260928_fts_plan-1510-p2;src_20260928_fts_locations
KEN,2022-12-01,2023-11-30,0,1186;1156;1273;1510,2026-09-28T06:57:17Z,src_20260928_fts_plan-1186-p1;src_20260928_fts_plan-1156-p1;src_20260928_fts_plan-1156-p2;src_20260928_fts_plan-1273-p1;src_20260928_fts_plan-1273-p2;src_20260928_fts_plan-1510-p1;src_20260928_fts_plan-1510-p2;src_20260928_fts_locations
KEN,2023-01-01,2023-12-31,0,1186;1156;1273;1510,2026-09-28T06:57:17Z,src_20260928_fts_plan-1186-p1;src_20260928_fts_plan-1156-p1;src_20260928_fts_plan-1156-p2;src_20260928_fts_plan-1273-p1;src_20260928_fts_plan-1273-p2;src_20260928_fts_plan-1510-p1;src_20260928_fts_plan-1510-p2;src_20260928_fts_locations
KEN,2023-02-01,2024-01-31,0,1186;1156;1273;1510,2026-09-28T06:57:17Z,src_20260928_fts_plan-1186-p1;src_20260928_fts_plan-1156-p1;src_20260928_fts_plan-1156-p2;src_20260928_fts_plan-1273-p1;src_20260928_fts_plan-1273-p2;src_20260928_fts_plan-1510-p1;src_20260928_fts_plan-1510-p2;src_20260928_fts_locations
KEN,2023-03-01,2024-02-29,0,1186;1156;1273;1510,2026-09-28T06:57:17Z,src_20260928_fts_plan-1186-p1;src_20260928_fts_plan-1156-p1;src_20260928_fts_plan-1156-p2;src_20260928_fts_plan-1273-p1;src_20260928_fts_plan-1273-p2;src_20260928_fts_plan-1510-p1;src_20260928_fts_plan-1510-p2;src_20260928_fts_locations
KEN,2023-04-01,2024-03-31,0,1186;1156;1273;1510,2026-09-28T06:57:17Z,src_20260928_fts_plan-1186-p1;src_20260928_fts_plan-1156-p1;src_20260928_fts_plan-1156-p2;src_20260928_fts_plan-1273-p1;src_20260928_fts_plan-1273-p2;src_20260928_fts_plan-1510-p1;src_20260928_fts_plan-1510-p2;src_20260928_fts_locations
KEN,2023-05-01,2024-04-30,0,1186;1156;1273;1510,2026-09-28T06:57:17Z,src_20260928_fts_plan-1186-p1;src_20260928_fts_plan-1156-p1;src_20260928_fts_plan-1156-p2;src_20260928_fts_plan-1273-p1;src_20260928_fts_plan-1273-p2;src_20260928_fts_plan-1510-p1;src_20260928_fts_plan-1510-p2;src_20260928_fts_locations
KEN,2023-06-01,2024-05-31,0,1186;1156;1273;1510,2026-09-28T06:57:17Z,src_20260928_fts_plan-1186-p1;src_20260928_fts_plan-1156-p1;src_20260928_fts_plan-1156-p2;src_20260928_fts_plan-1273-p1;src_20260928_fts_plan-1273-p2;src_20260928_fts_plan-1510-p1;src_20260928_fts_plan-1510-p2;src_20260928_fts_locations
KEN,2023-07-01,2024-06-30,0,1186;1156;1273;1510,2026-09-28T06:57:17Z,src_20260928_fts_plan-1186-p1;src_20260928_fts_plan-1156-p1;src_20260928_fts_plan-1156-p2;src_20260928_fts_plan-1273-p1;src_20260928_fts_plan-1273-p2;src_20260928_fts_plan-1510-p1;src_20260928_fts_plan-1510-p2;src_20260928_fts_locations
KEN,2023-08-01,2024-07-31,1012020,1186;1156;1273;1510,2026-09-28T06:57:17Z,src_20260928_fts_plan-1186-p1;src_20260928_fts_plan-1156-p1;src_20260928_fts_plan-1156-p2;src_20260928_fts_plan-1273-p1;src_20260928_fts_plan-1273-p2;src_20260928_fts_plan-1510-p1;src_20260928_fts_plan-1510-p2;src_20260928_fts_locations
KEN,2023-09-01,2024-08-31,1012020,1186;1156;1273;1510,2026-09-28T06:57:17Z,src_20260928_fts_plan-1186-p1;src_20260928_fts_plan-1156-p1;src_20260928_fts_plan-1156-p2;src_20260928_fts_plan-1273-p1;src_20260928_fts_plan-1273-p2;src_20260928_fts_plan-1510-p1;src_20260928_fts_plan-1510-p2;src_20260928_fts_locations
KEN,2023-10-01,2024-09-30,1012020,1186;1156;1273;1510,2026-09-28T06:57:17Z,src_20260928_fts_plan-1186-p1;src_20260928_fts_plan-1156-p1;src_20260928_fts_plan-1156-p2;src_20260928_fts_plan-1273-p1;src_20260928_fts_plan-1273-p2;src_20260928_fts_plan-1510-p1;src_20260928_fts_plan-1510-p2;src_20260928_fts_locations
KEN,2023-11-01,2024-10-31,1012020,1186;1156;1273;1510,2026-09-28T06:57:17Z,src_20260928_fts_plan-1186-p1;src_20260928_fts_plan-1156-p1;src_20260928_fts_plan-1156-p2;src_20260928_fts_plan-1273-p1;src_20260928_fts_plan-1273-p2;src_20260928_fts_plan-1510-p1;src_20260928_fts_plan-1510-p2;src_20260928_fts_locations
KEN,2023-12-01,2024-11-30,1012020,1186;1156;1273;1510,2026-09-28T06:57:17Z,src_20260928_fts_plan-1186-p1;src_20260928_fts_plan-1156-p1;src_20260928_fts_plan-1156-p2;src_20260928_fts_plan-1273-p1;src_20260928_fts_plan-1273-p2;src_20260928_fts_plan-1510-p1;src_20260928_fts_plan-1510-p2;src_20260928_fts_locations
KEN,2024-01-01,2024-12-31,1012020,1186;1156;1273;1510,2026-09-28T06:57:17Z,src_20260928_fts_plan-1186-p1;src_20260928_fts_plan-1156-p1;src_20260928_fts_plan-1156-p2;src_20260928_fts_plan-1273-p1;src_20260928_fts_plan-1273-p2;src_20260928_fts_plan-1510-p1;src_20260928_fts_plan-1510-p2;src_20260928_fts_locations
KEN,2024-02-01,2025-01-31,1012020,1186;1156;1273;1510,2026-09-28T06:57:17Z,src_20260928_fts_plan-1186-p1;src_20260928_fts_plan-1156-p1;src_20260928_fts_plan-1156-p2;src_20260928_fts_plan-1273-p1;src_20260928_fts_plan-1273-p2;src_20260928_fts_plan-1510-p1;src_20260928_fts_plan-1510-p2;src_20260928_fts_locations
KEN,2024-03-01,2025-02-28,1012020,1186;1156;1273;1510,2026-09-28T06:57:17Z,src_20260928_fts_plan-1186-p1;src_20260928_fts_plan-1156-p1;src_20260928_fts_plan-1156-p2;src_20260928_fts_plan-1273-p1;src_20260928_fts_plan-1273-p2;src_20260928_fts_plan-1510-p1;src_20260928_fts_plan-1510-p2;src_20260928_fts_locations
KEN,2024-04-01,2025-03-31,1012020,1186;1156;1273;1510,2026-09-28T06:57:17Z,src_20260928_fts_plan-1186-p1;src_20260928_fts_plan-1156-p1;src_20260928_fts_plan-1156-p2;src_20260928_fts_plan-1273-p1;src_20260928_fts_plan-1273-p2;src_20260928_fts_plan-1510-p1;src_20260928_fts_plan-1510-p2;src_20260928_fts_locations
KEN,2024-05-01,2025-04-30,1012020,1186;1156;1273;1510,2026-09-28T06:57:17Z,src_20260928_fts_plan-1186-p1;src_20260928_fts_plan-1156-p1;src_20260928_fts_plan-1156-p2;src_20260928_fts_plan-1273-p1;src_20260928_fts_plan-1273-p2;src_20260928_fts_plan-1510-p1;src_20260928_fts_plan-1510-p2;src_20260928_fts_locations
KEN,2024-06-01,2025-05-31,1012020,1186;1156;1273;1510,2026-09-28T06:57:17Z,src_20260928_fts_plan-1186-p1;src_20260928_fts_plan-1156-p1;src_20260928_fts_plan-1156-p2;src_20260928_fts_plan-1273-p1;src_20260928_fts_plan-1273-p2;src_20260928_fts_plan-1510-p1;src_20260928_fts_plan-1510-p2;src_20260928_fts_locations
KEN,2024-07-01,2025-06-30,1012020,1186;1156;1273;1510,2026-09-28T06:57:17Z,src_20260928_fts_plan-1186-p1;src_20260928_fts_plan-1156-p1;src_20260928_fts_plan-1156-p2;src_20260928_fts_plan-1273-p1;src_20260928_fts_plan-1273-p2;src_20260928_fts_plan-1510-p1;src_20260928_fts_plan-1510-p2;src_20260928_fts_locations
KEN,2024-08-01,2025-07-31,0,1186;1156;1273;1510,2026-09-28T06:57:17Z,src_20260928_fts_plan-1186-p1;src_20260928_fts_plan-1156-p1;src_20260928_fts_plan-1156-p2;src_20260928_fts_plan-1273-p1;src_20260928_fts_plan-1273-p2;src_20260928_fts_plan-1510-p1;src_20260928_fts_plan-1510-p2;src_20260928_fts_locations
KEN,2024-09-01,2025-08-31,0,1186;1156;1273;1510,2026-09-28T06:57:17Z,src_20260928_fts_plan-1186-p1;src_20260928_fts_plan-1156-p1;src_20260928_fts_plan-1156-p2;src_20260928_fts_plan-1273-p1;src_20260928_fts_plan-1273-p2;src_20260928_fts_plan-1510-p1;src_20260928_fts_plan-1510-p2;src_20260928_fts_locations
KEN,2024-10-01,2025-09-30,0,1186;1156;1273;1510,2026-09-28T06:57:17Z,src_20260928_fts_plan-1186-p1;src_20260928_fts_plan-1156-p1;src_20260928_fts_plan-1156-p2;src_20260928_fts_plan-1273-p1;src_20260928_fts_plan-1273-p2;src_20260928_fts_plan-1510-p1;src_20260928_fts_plan-1510-p2;src_20260928_fts_locations
KEN,2024-11-01,2025-10-31,0,1186;1156;1273;1510,2026-09-28T06:57:17Z,src_20260928_fts_plan-1186-p1;src_20260928_fts_plan-1156-p1;src_20260928_fts_plan-1156-p2;src_20260928_fts_plan-1273-p1;src_20260928_fts_plan-1273-p2;src_20260928_fts_plan-1510-p1;src_20260928_fts_plan-1510-p2;src_20260928_fts_locations
KEN,2024-12-01,2025-11-30,0,1186;1156;1273;1510,2026-09-28T06:57:17Z,src_20260928_fts_plan-1186-p1;src_20260928_fts_plan-1156-p1;src_20260928_fts_plan-1156-p2;src_20260928_fts_plan-1273-p1;src_20260928_fts_plan-1273-p2;src_20260928_fts_plan-1510-p1;src_20260928_fts_plan-1510-p2;src_20260928_fts_locations
KEN,2025-01-01,2025-12-31,0,1186;1156;1273;1510,2026-09-28T06:57:17Z,src_20260928_fts_plan-1186-p1;src_20260928_fts_plan-1156-p1;src_20260928_fts_plan-1156-p2;src_20260928_fts_plan-1273-p1;src_20260928_fts_plan-1273-p2;src_20260928_fts_plan-1510-p1;src_20260928_fts_plan-1510-p2;src_20260928_fts_locations
KEN,2025-02-01,2026-01-31,0,1186;1156;1273;1510,2026-09-28T06:57:17Z,src_20260928_fts_plan-1186-p1;src_20260928_fts_plan-1156-p1;src_20260928_fts_plan-1156-p2;src_20260928_fts_plan-1273-p1;src_20260928_fts_plan-1273-p2;src_20260928_fts_plan-1510-p1;src_20260928_fts_plan-1510-p2;src_20260928_fts_locations
KEN,2025-03-01,2026-02-28,0,1186;1156;1273;1510,2026-09-28T06:57:17Z,src_20260928_fts_plan-1186-p1;src_20260928_fts_plan-1156-p1;src_20260928_fts_plan-1156-p2;src_20260928_fts_plan-1273-p1;src_20260928_fts_plan-1273-p2;src_20260928_fts_plan-1510-p1;src_20260928_fts_plan-1510-p2;src_20260928_fts_locations
KEN,2025-04-01,2026-03-31,0,1186;1156;1273;1510,2026-09-28T06:57:17Z,src_20260928_fts_plan-1186-p1;src_20260928_fts_plan-1156-p1;src_20260928_fts_plan-1156-p2;src_20260928_fts_plan-1273-p1;src_20260928_fts_plan-1273-p2;src_20260928_fts_plan-1510-p1;src_20260928_fts_plan-1510-p2;src_20260928_fts_locations
KEN,2025-05-01,2026-04-30,0,1186;1156;1273;1510,2026-09-28T06:57:17Z,src_20260928_fts_plan-1186-p1;src_20260928_fts_plan-1156-p1;src_20260928_fts_plan-1156-p2;src_20260928_fts_plan-1273-p1;src_20260928_fts_plan-1273-p2;src_20260928_fts_plan-1510-p1;src_20260928_fts_plan-1510-p2;src_20260928_fts_locations
KEN,2025-06-01,2026-05-31,0,1186;1156;1273;1510,2026-09-28T06:57:17Z,src_20260928_fts_plan-1186-p1;src_20260928_fts_plan-1156-p1;src_20260928_fts_plan-1156-p2;src_20260928_fts_plan-1273-p1;src_20260928_fts_plan-1273-p2;src_20260928_fts_plan-1510-p1;src_20260928_fts_plan-1510-p2;src_20260928_fts_locations
KEN,2025-07-01,2026-06-30,0,1186;1156;1273;1510,2026-09-28T06:57:17Z,src_20260928_fts_plan-1186-p1;src_20260928_fts_plan-1156-p1;src_20260928_fts_plan-1156-p2;src_20260928_fts_plan-1273-p1;src_20260928_fts_plan-1273-p2;src_20260928_fts_plan-1510-p1;src_20260928_fts_plan-1510-p2;src_20260928_fts_locations
KEN,2025-08-01,2026-07-31,0,1186;1156;1273;1510,2026-09-28T06:57:17Z,src_20260928_fts_plan-1186-p1;src_20260928_fts_plan-1156-p1;src_20260928_fts_plan-1156-p2;src_20260928_fts_plan-1273-p1;src_20260928_fts_plan-1273-p2;src_20260928_fts_plan-1510-p1;src_20260928_fts_plan-1510-p2;src_20260928_fts_locations
KEN,2025-09-01,2026-08-31,0,1186;1156;1273;1510,2026-09-28T06:57:17Z,src_20260928_fts_plan-1186-p1;src_20260928_fts_plan-1156-p1;src_20260928_fts_plan-1156-p2;src_20260928_fts_plan-1273-p1;src_20260928_fts_plan-1273-p2;src_20260928_fts_plan-1510-p1;src_20260928_fts_plan-1510-p2;src_20260928_fts_locations
KOR,2022-10-01,2023-09-30,0,1186;1156;1273;1510,2026-09-28T06:57:17Z,src_20260928_fts_plan-1186-p1;src_20260928_fts_plan-1156-p1;src_20260928_fts_plan-1156-p2;src_20260928_fts_plan-1273-p1;src_20260928_fts_plan-1273-p2;src_20260928_fts_plan-1510-p1;src_20260928_fts_plan-1510-p2;src_20260928_fts_locations
KOR,2022-11-01,2023-10-31,0,1186;1156;1273;1510,2026-09-28T06:57:17Z,src_20260928_fts_plan-1186-p1;src_20260928_fts_plan-1156-p1;src_20260928_fts_plan-1156-p2;src_20260928_fts_plan-1273-p1;src_20260928_fts_plan-1273-p2;src_20260928_fts_plan-1510-p1;src_20260928_fts_plan-1510-p2;src_20260928_fts_locations
KOR,2022-12-01,2023-11-30,0,1186;1156;1273;1510,2026-09-28T06:57:17Z,src_20260928_fts_plan-1186-p1;src_20260928_fts_plan-1156-p1;src_20260928_fts_plan-1156-p2;src_20260928_fts_plan-1273-p1;src_20260928_fts_plan-1273-p2;src_20260928_fts_plan-1510-p1;src_20260928_fts_plan-1510-p2;src_20260928_fts_locations
KOR,2023-01-01,2023-12-31,0,1186;1156;1273;1510,2026-09-28T06:57:17Z,src_20260928_fts_plan-1186-p1;src_20260928_fts_plan-1156-p1;src_20260928_fts_plan-1156-p2;src_20260928_fts_plan-1273-p1;src_20260928_fts_plan-1273-p2;src_20260928_fts_plan-1510-p1;src_20260928_fts_plan-1510-p2;src_20260928_fts_locations
KOR,2023-02-01,2024-01-31,0,1186;1156;1273;1510,2026-09-28T06:57:17Z,src_20260928_fts_plan-1186-p1;src_20260928_fts_plan-1156-p1;src_20260928_fts_plan-1156-p2;src_20260928_fts_plan-1273-p1;src_20260928_fts_plan-1273-p2;src_20260928_fts_plan-1510-p1;src_20260928_fts_plan-1510-p2;src_20260928_fts_locations
KOR,2023-03-01,2024-02-29,0,1186;1156;1273;1510,2026-09-28T06:57:17Z,src_20260928_fts_plan-1186-p1;src_20260928_fts_plan-1156-p1;src_20260928_fts_plan-1156-p2;src_20260928_fts_plan-1273-p1;src_20260928_fts_plan-1273-p2;src_20260928_fts_plan-1510-p1;src_20260928_fts_plan-1510-p2;src_20260928_fts_locations
KOR,2023-04-01,2024-03-31,0,1186;1156;1273;1510,2026-09-28T06:57:17Z,src_20260928_fts_plan-1186-p1;src_20260928_fts_plan-1156-p1;src_20260928_fts_plan-1156-p2;src_20260928_fts_plan-1273-p1;src_20260928_fts_plan-1273-p2;src_20260928_fts_plan-1510-p1;src_20260928_fts_plan-1510-p2;src_20260928_fts_locations
KOR,2023-05-01,2024-04-30,0,1186;1156;1273;1510,2026-09-28T06:57:17Z,src_20260928_fts_plan-1186-p1;src_20260928_fts_plan-1156-p1;src_20260928_fts_plan-1156-p2;src_20260928_fts_plan-1273-p1;src_20260928_fts_plan-1273-p2;src_20260928_fts_plan-1510-p1;src_20260928_fts_plan-1510-p2;src_20260928_fts_locations
KOR,2023-06-01,2024-05-31,0,1186;1156;1273;1510,2026-09-28T06:57:17Z,src_20260928_fts_plan-1186-p1;src_20260928_fts_plan-1156-p1;src_20260928_fts_plan-1156-p2;src_20260928_fts_plan-1273-p1;src_20260928_fts_plan-1273-p2;src_20260928_fts_plan-1510-p1;src_20260928_fts_plan-1510-p2;src_20260928_fts_locations
KOR,2023-07-01,2024-06-30,0,1186;1156;1273;1510,2026-09-28T06:57:17Z,src_20260928_fts_plan-1186-p1;src_20260928_fts_plan-1156-p1;src_20260928_fts_plan-1156-p2;src_20260928_fts_plan-1273-p1;src_20260928_fts_plan-1273-p2;src_20260928_fts_plan-1510-p1;src_20260928_fts_plan-1510-p2;src_20260928_fts_locations
KOR,2023-08-01,2024-07-31,0,1186;1156;1273;1510,2026-09-28T06:57:17Z,src_20260928_fts_plan-1186-p1;src_20260928_fts_plan-1156-p1;src_20260928_fts_plan-1156-p2;src_20260928_fts_plan-1273-p1;src_20260928_fts_plan-1273-p2;src_20260928_fts_plan-1510-p1;src_20260928_fts_plan-1510-p2;src_20260928_fts_locations
KOR,2023-09-01,2024-08-31,0,1186;1156;1273;1510,2026-09-28T06:57:17Z,src_20260928_fts_plan-1186-p1;src_20260928_fts_plan-1156-p1;src_20260928_fts_plan-1156-p2;src_20260928_fts_plan-1273-p1;src_20260928_fts_plan-1273-p2;src_20260928_fts_plan-1510-p1;src_20260928_fts_plan-1510-p2;src_20260928_fts_locations
KOR,2023-10-01,2024-09-30,0,1186;1156;1273;1510,2026-09-28T06:57:17Z,src_20260928_fts_plan-1186-p1;src_20260928_fts_plan-1156-p1;src_20260928_fts_plan-1156-p2;src_20260928_fts_plan-1273-p1;src_20260928_fts_plan-1273-p2;src_20260928_fts_plan-1510-p1;src_20260928_fts_plan-1510-p2;src_20260928_fts_locations
KOR,2023-11-01,2024-10-31,2000000,1186;1156;1273;1510,2026-09-28T06:57:17Z,src_20260928_fts_plan-1186-p1;src_20260928_fts_plan-1156-p1;src_20260928_fts_plan-1156-p2;src_20260928_fts_plan-1273-p1;src_20260928_fts_plan-1273-p2;src_20260928_fts_plan-1510-p1;src_20260928_fts_plan-1510-p2;src_20260928_fts_locations
KOR,2023-12-01,2024-11-30,10000000,1186;1156;1273;1510,2026-09-28T06:57:17Z,src_20260928_fts_plan-1186-p1;src_20260928_fts_plan-1156-p1;src_20260928_fts_plan-1156-p2;src_20260928_fts_plan-1273-p1;src_20260928_fts_plan-1273-p2;src_20260928_fts_plan-1510-p1;src_20260928_fts_plan-1510-p2;src_20260928_fts_locations
KOR,2024-01-01,2024-12-31,30000000,1186;1156;1273;1510,2026-09-28T06:57:17Z,src_20260928_fts_plan-1186-p1;src_20260928_fts_plan-1156-p1;src_20260928_fts_plan-1156-p2;src_20260928_fts_plan-1273-p1;src_20260928_fts_plan-1273-p2;src_20260928_fts_plan-1510-p1;src_20260928_fts_plan-1510-p2;src_20260928_fts_locations
KOR,2024-02-01,2025-01-31,30000000,1186;1156;1273;1510,2026-09-28T06:57:17Z,src_20260928_fts_plan-1186-p1;src_20260928_fts_plan-1156-p1;src_20260928_fts_plan-1156-p2;src_20260928_fts_plan-1273-p1;src_20260928_fts_plan-1273-p2;src_20260928_fts_plan-1510-p1;src_20260928_fts_plan-1510-p2;src_20260928_fts_locations
KOR,2024-03-01,2025-02-28,30000000,1186;1156;1273;1510,2026-09-28T06:57:17Z,src_20260928_fts_plan-1186-p1;src_20260928_fts_plan-1156-p1;src_20260928_fts_plan-1156-p2;src_20260928_fts_plan-1273-p1;src_20260928_fts_plan-1273-p2;src_20260928_fts_plan-1510-p1;src_20260928_fts_plan-1510-p2;src_20260928_fts_locations
KOR,2024-04-01,2025-03-31,30000000,1186;1156;1273;1510,2026-09-28T06:57:17Z,src_20260928_fts_plan-1186-p1;src_20260928_fts_plan-1156-p1;src_20260928_fts_plan-1156-p2;src_20260928_fts_plan-1273-p1;src_20260928_fts_plan-1273-p2;src_20260928_fts_plan-1510-p1;src_20260928_fts_plan-1510-p2;src_20260928_fts_locations
KOR,2024-05-01,2025-04-30,30000000,1186;1156;1273;1510,2026-09-28T06:57:17Z,src_20260928_fts_plan-1186-p1;src_20260928_fts_plan-1156-p1;src_20260928_fts_plan-1156-p2;src_20260928_fts_plan-1273-p1;src_20260928_fts_plan-1273-p2;src_20260928_fts_plan-1510-p1;src_20260928_fts_plan-1510-p2;src_20260928_fts_locations
KOR,2024-06-01,2025-05-31,35000000,1186;1156;1273;1510,2026-09-28T06:57:17Z,src_20260928_fts_plan-1186-p1;src_20260928_fts_plan-1156-p1;src_20260928_fts_plan-1156-p2;src_20260928_fts_plan-1273-p1;src_20260928_fts_plan-1273-p2;src_20260928_fts_plan-1510-p1;src_20260928_fts_plan-1510-p2;src_20260928_fts_locations
KOR,2024-07-01,2025-06-30,35000000,1186;1156;1273;1510,2026-09-28T06:57:17Z,src_20260928_fts_plan-1186-p1;src_20260928_fts_plan-1156-p1;src_20260928_fts_plan-1156-p2;src_20260928_fts_plan-1273-p1;src_20260928_fts_plan-1273-p2;src_20260928_fts_plan-1510-p1;src_20260928_fts_plan-1510-p2;src_20260928_fts_locations
KOR,2024-08-01,2025-07-31,55000000,1186;1156;1273;1510,2026-09-28T06:57:17Z,src_20260928_fts_plan-1186-p1;src_20260928_fts_plan-1156-p1;src_20260928_fts_plan-1156-p2;src_20260928_fts_plan-1273-p1;src_20260928_fts_plan-1273-p2;src_20260928_fts_plan-1510-p1;src_20260928_fts_plan-1510-p2;src_20260928_fts_locations
KOR,2024-09-01,2025-08-31,55000000,1186;1156;1273;1510,2026-09-28T06:57:17Z,src_20260928_fts_plan-1186-p1;src_20260928_fts_plan-1156-p1;src_20260928_fts_plan-1156-p2;src_20260928_fts_plan-1273-p1;src_20260928_fts_plan-1273-p2;src_20260928_fts_plan-1510-p1;src_20260928_fts_plan-1510-p2;src_20260928_fts_locations
KOR,2024-10-01,2025-09-30,65000000,1186;1156;1273;1510,2026-09-28T06:57:17Z,src_20260928_fts_plan-1186-p1;src_20260928_fts_plan-1156-p1;src_20260928_fts_plan-1156-p2;src_20260928_fts_plan-1273-p1;src_20260928_fts_plan-1273-p2;src_20260928_fts_plan-1510-p1;src_20260928_fts_plan-1510-p2;src_20260928_fts_locations
KOR,2024-11-01,2025-10-31,64260000,1186;1156;1273;1510,2026-09-28T06:57:17Z,src_20260928_fts_plan-1186-p1;src_20260928_fts_plan-1156-p1;src_20260928_fts_plan-1156-p2;src_20260928_fts_plan-1273-p1;src_20260928_fts_plan-1273-p2;src_20260928_fts_plan-1510-p1;src_20260928_fts_plan-1510-p2;src_20260928_fts_locations
KOR,2024-12-01,2025-11-30,56260000,1186;1156;1273;1510,2026-09-28T06:57:17Z,src_20260928_fts_plan-1186-p1;src_20260928_fts_plan-1156-p1;src_20260928_fts_plan-1156-p2;src_20260928_fts_plan-1273-p1;src_20260928_fts_plan-1273-p2;src_20260928_fts_plan-1510-p1;src_20260928_fts_plan-1510-p2;src_20260928_fts_locations
KOR,2025-01-01,2025-12-31,36260000,1186;1156;1273;1510,2026-09-28T06:57:17Z,src_20260928_fts_plan-1186-p1;src_20260928_fts_plan-1156-p1;src_20260928_fts_plan-1156-p2;src_20260928_fts_plan-1273-p1;src_20260928_fts_plan-1273-p2;src_20260928_fts_plan-1510-p1;src_20260928_fts_plan-1510-p2;src_20260928_fts_locations
KOR,2025-02-01,2026-01-31,41260000,1186;1156;1273;1510,2026-09-28T06:57:17Z,src_20260928_fts_plan-1186-p1;src_20260928_fts_plan-1156-p1;src_20260928_fts_plan-1156-p2;src_20260928_fts_plan-1273-p1;src_20260928_fts_plan-1273-p2;src_20260928_fts_plan-1510-p1;src_20260928_fts_plan-1510-p2;src_20260928_fts_locations
KOR,2025-03-01,2026-02-28,41260000,1186;1156;1273;1510,2026-09-28T06:57:17Z,src_20260928_fts_plan-1186-p1;src_20260928_fts_plan-1156-p1;src_20260928_fts_plan-1156-p2;src_20260928_fts_plan-1273-p1;src_20260928_fts_plan-1273-p2;src_20260928_fts_plan-1510-p1;src_20260928_fts_plan-1510-p2;src_20260928_fts_locations
KOR,2025-04-01,2026-03-31,41470000,1186;1156;1273;1510,2026-09-28T06:57:17Z,src_20260928_fts_plan-1186-p1;src_20260928_fts_plan-1156-p1;src_20260928_fts_plan-1156-p2;src_20260928_fts_plan-1273-p1;src_20260928_fts_plan-1273-p2;src_20260928_fts_plan-1510-p1;src_20260928_fts_plan-1510-p2;src_20260928_fts_locations
KOR,2025-05-01,2026-04-30,41470000,1186;1156;1273;1510,2026-09-28T06:57:17Z,src_20260928_fts_plan-1186-p1;src_20260928_fts_plan-1156-p1;src_20260928_fts_plan-1156-p2;src_20260928_fts_plan-1273-p1;src_20260928_fts_plan-1273-p2;src_20260928_fts_plan-1510-p1;src_20260928_fts_plan-1510-p2;src_20260928_fts_locations
KOR,2025-06-01,2026-05-31,36470000,1186;1156;1273;1510,2026-09-28T06:57:17Z,src_20260928_fts_plan-1186-p1;src_20260928_fts_plan-1156-p1;src_20260928_fts_plan-1156-p2;src_20260928_fts_plan-1273-p1;src_20260928_fts_plan-1273-p2;src_20260928_fts_plan-1510-p1;src_20260928_fts_plan-1510-p2;src_20260928_fts_locations
KOR,2025-07-01,2026-06-30,36470000,1186;1156;1273;1510,2026-09-28T06:57:17Z,src_20260928_fts_plan-1186-p1;src_20260928_fts_plan-1156-p1;src_20260928_fts_plan-1156-p2;src_20260928_fts_plan-1273-p1;src_20260928_fts_plan-1273-p2;src_20260928_fts_plan-1510-p1;src_20260928_fts_plan-1510-p2;src_20260928_fts_locations
KOR,2025-08-01,2026-07-31,24420000,1186;1156;1273;1510,2026-09-28T06:57:17Z,src_20260928_fts_plan-1186-p1;src_20260928_fts_plan-1156-p1;src_20260928_fts_plan-1156-p2;src_20260928_fts_plan-1273-p1;src_20260928_fts_plan-1273-p2;src_20260928_fts_plan-1510-p1;src_20260928_fts_plan-1510-p2;src_20260928_fts_locations
KOR,2025-09-01,2026-08-31,24420000,1186;1156;1273;1510,2026-09-28T06:57:17Z,src_20260928_fts_plan-1186-p1;src_20260928_fts_plan-1156-p1;src_20260928_fts_plan-1156-p2;src_20260928_fts_plan-1273-p1;src_20260928_fts_plan-1273-p2;src_20260928_fts_plan-1510-p1;src_20260928_fts_plan-1510-p2;src_20260928_fts_locations
KWT,2022-10-01,2023-09-30,0,1186;1156;1273;1510,2026-09-28T06:57:17Z,src_20260928_fts_plan-1186-p1;src_20260928_fts_plan-1156-p1;src_20260928_fts_plan-1156-p2;src_20260928_fts_plan-1273-p1;src_20260928_fts_plan-1273-p2;src_20260928_fts_plan-1510-p1;src_20260928_fts_plan-1510-p2;src_20260928_fts_locations
KWT,2022-11-01,2023-10-31,2282500,1186;1156;1273;1510,2026-09-28T06:57:17Z,src_20260928_fts_plan-1186-p1;src_20260928_fts_plan-1156-p1;src_20260928_fts_plan-1156-p2;src_20260928_fts_plan-1273-p1;src_20260928_fts_plan-1273-p2;src_20260928_fts_plan-1510-p1;src_20260928_fts_plan-1510-p2;src_20260928_fts_locations
KWT,2022-12-01,2023-11-30,2282500,1186;1156;1273;1510,2026-09-28T06:57:17Z,src_20260928_fts_plan-1186-p1;src_20260928_fts_plan-1156-p1;src_20260928_fts_plan-1156-p2;src_20260928_fts_plan-1273-p1;src_20260928_fts_plan-1273-p2;src_20260928_fts_plan-1510-p1;src_20260928_fts_plan-1510-p2;src_20260928_fts_locations
KWT,2023-01-01,2023-12-31,2282500,1186;1156;1273;1510,2026-09-28T06:57:17Z,src_20260928_fts_plan-1186-p1;src_20260928_fts_plan-1156-p1;src_20260928_fts_plan-1156-p2;src_20260928_fts_plan-1273-p1;src_20260928_fts_plan-1273-p2;src_20260928_fts_plan-1510-p1;src_20260928_fts_plan-1510-p2;src_20260928_fts_locations
KWT,2023-02-01,2024-01-31,2282500,1186;1156;1273;1510,2026-09-28T06:57:17Z,src_20260928_fts_plan-1186-p1;src_20260928_fts_plan-1156-p1;src_20260928_fts_plan-1156-p2;src_20260928_fts_plan-1273-p1;src_20260928_fts_plan-1273-p2;src_20260928_fts_plan-1510-p1;src_20260928_fts_plan-1510-p2;src_20260928_fts_locations
KWT,2023-03-01,2024-02-29,2282500,1186;1156;1273;1510,2026-09-28T06:57:17Z,src_20260928_fts_plan-1186-p1;src_20260928_fts_plan-1156-p1;src_20260928_fts_plan-1156-p2;src_20260928_fts_plan-1273-p1;src_20260928_fts_plan-1273-p2;src_20260928_fts_plan-1510-p1;src_20260928_fts_plan-1510-p2;src_20260928_fts_locations
KWT,2023-04-01,2024-03-31,2282500,1186;1156;1273;1510,2026-09-28T06:57:17Z,src_20260928_fts_plan-1186-p1;src_20260928_fts_plan-1156-p1;src_20260928_fts_plan-1156-p2;src_20260928_fts_plan-1273-p1;src_20260928_fts_plan-1273-p2;src_20260928_fts_plan-1510-p1;src_20260928_fts_plan-1510-p2;src_20260928_fts_locations
KWT,2023-05-01,2024-04-30,2282500,1186;1156;1273;1510,2026-09-28T06:57:17Z,src_20260928_fts_plan-1186-p1;src_20260928_fts_plan-1156-p1;src_20260928_fts_plan-1156-p2;src_20260928_fts_plan-1273-p1;src_20260928_fts_plan-1273-p2;src_20260928_fts_plan-1510-p1;src_20260928_fts_plan-1510-p2;src_20260928_fts_locations
KWT,2023-06-01,2024-05-31,3700800,1186;1156;1273;1510,2026-09-28T06:57:17Z,src_20260928_fts_plan-1186-p1;src_20260928_fts_plan-1156-p1;src_20260928_fts_plan-1156-p2;src_20260928_fts_plan-1273-p1;src_20260928_fts_plan-1273-p2;src_20260928_fts_plan-1510-p1;src_20260928_fts_plan-1510-p2;src_20260928_fts_locations
KWT,2023-07-01,2024-06-30,3700800,1186;1156;1273;1510,2026-09-28T06:57:17Z,src_20260928_fts_plan-1186-p1;src_20260928_fts_plan-1156-p1;src_20260928_fts_plan-1156-p2;src_20260928_fts_plan-1273-p1;src_20260928_fts_plan-1273-p2;src_20260928_fts_plan-1510-p1;src_20260928_fts_plan-1510-p2;src_20260928_fts_locations
KWT,2023-08-01,2024-07-31,3700800,1186;1156;1273;1510,2026-09-28T06:57:17Z,src_20260928_fts_plan-1186-p1;src_20260928_fts_plan-1156-p1;src_20260928_fts_plan-1156-p2;src_20260928_fts_plan-1273-p1;src_20260928_fts_plan-1273-p2;src_20260928_fts_plan-1510-p1;src_20260928_fts_plan-1510-p2;src_20260928_fts_locations
KWT,2023-09-01,2024-08-31,8794999,1186;1156;1273;1510,2026-09-28T06:57:17Z,src_20260928_fts_plan-1186-p1;src_20260928_fts_plan-1156-p1;src_20260928_fts_plan-1156-p2;src_20260928_fts_plan-1273-p1;src_20260928_fts_plan-1273-p2;src_20260928_fts_plan-1510-p1;src_20260928_fts_plan-1510-p2;src_20260928_fts_locations
KWT,2023-10-01,2024-09-30,8794999,1186;1156;1273;1510,2026-09-28T06:57:17Z,src_20260928_fts_plan-1186-p1;src_20260928_fts_plan-1156-p1;src_20260928_fts_plan-1156-p2;src_20260928_fts_plan-1273-p1;src_20260928_fts_plan-1273-p2;src_20260928_fts_plan-1510-p1;src_20260928_fts_plan-1510-p2;src_20260928_fts_locations
KWT,2023-11-01,2024-10-31,6512499,1186;1156;1273;1510,2026-09-28T06:57:17Z,src_20260928_fts_plan-1186-p1;src_20260928_fts_plan-1156-p1;src_20260928_fts_plan-1156-p2;src_20260928_fts_plan-1273-p1;src_20260928_fts_plan-1273-p2;src_20260928_fts_plan-1510-p1;src_20260928_fts_plan-1510-p2;src_20260928_fts_locations
KWT,2023-12-01,2024-11-30,6512499,1186;1156;1273;1510,2026-09-28T06:57:17Z,src_20260928_fts_plan-1186-p1;src_20260928_fts_plan-1156-p1;src_20260928_fts_plan-1156-p2;src_20260928_fts_plan-1273-p1;src_20260928_fts_plan-1273-p2;src_20260928_fts_plan-1510-p1;src_20260928_fts_plan-1510-p2;src_20260928_fts_locations
KWT,2024-01-01,2024-12-31,7762499,1186;1156;1273;1510,2026-09-28T06:57:17Z,src_20260928_fts_plan-1186-p1;src_20260928_fts_plan-1156-p1;src_20260928_fts_plan-1156-p2;src_20260928_fts_plan-1273-p1;src_20260928_fts_plan-1273-p2;src_20260928_fts_plan-1510-p1;src_20260928_fts_plan-1510-p2;src_20260928_fts_locations
KWT,2024-02-01,2025-01-31,7762499,1186;1156;1273;1510,2026-09-28T06:57:17Z,src_20260928_fts_plan-1186-p1;src_20260928_fts_plan-1156-p1;src_20260928_fts_plan-1156-p2;src_20260928_fts_plan-1273-p1;src_20260928_fts_plan-1273-p2;src_20260928_fts_plan-1510-p1;src_20260928_fts_plan-1510-p2;src_20260928_fts_locations
KWT,2024-03-01,2025-02-28,7762499,1186;1156;1273;1510,2026-09-28T06:57:17Z,src_20260928_fts_plan-1186-p1;src_20260928_fts_plan-1156-p1;src_20260928_fts_plan-1156-p2;src_20260928_fts_plan-1273-p1;src_20260928_fts_plan-1273-p2;src_20260928_fts_plan-1510-p1;src_20260928_fts_plan-1510-p2;src_20260928_fts_locations
KWT,2024-04-01,2025-03-31,7762499,1186;1156;1273;1510,2026-09-28T06:57:17Z,src_20260928_fts_plan-1186-p1;src_20260928_fts_plan-1156-p1;src_20260928_fts_plan-1156-p2;src_20260928_fts_plan-1273-p1;src_20260928_fts_plan-1273-p2;src_20260928_fts_plan-1510-p1;src_20260928_fts_plan-1510-p2;src_20260928_fts_locations
KWT,2024-05-01,2025-04-30,9262499,1186;1156;1273;1510,2026-09-28T06:57:17Z,src_20260928_fts_plan-1186-p1;src_20260928_fts_plan-1156-p1;src_20260928_fts_plan-1156-p2;src_20260928_fts_plan-1273-p1;src_20260928_fts_plan-1273-p2;src_20260928_fts_plan-1510-p1;src_20260928_fts_plan-1510-p2;src_20260928_fts_locations
KWT,2024-06-01,2025-05-31,35133392,1186;1156;1273;1510,2026-09-28T06:57:17Z,src_20260928_fts_plan-1186-p1;src_20260928_fts_plan-1156-p1;src_20260928_fts_plan-1156-p2;src_20260928_fts_plan-1273-p1;src_20260928_fts_plan-1273-p2;src_20260928_fts_plan-1510-p1;src_20260928_fts_plan-1510-p2;src_20260928_fts_locations
KWT,2024-07-01,2025-06-30,35133392,1186;1156;1273;1510,2026-09-28T06:57:17Z,src_20260928_fts_plan-1186-p1;src_20260928_fts_plan-1156-p1;src_20260928_fts_plan-1156-p2;src_20260928_fts_plan-1273-p1;src_20260928_fts_plan-1273-p2;src_20260928_fts_plan-1510-p1;src_20260928_fts_plan-1510-p2;src_20260928_fts_locations
KWT,2024-08-01,2025-07-31,35133392,1186;1156;1273;1510,2026-09-28T06:57:17Z,src_20260928_fts_plan-1186-p1;src_20260928_fts_plan-1156-p1;src_20260928_fts_plan-1156-p2;src_20260928_fts_plan-1273-p1;src_20260928_fts_plan-1273-p2;src_20260928_fts_plan-1510-p1;src_20260928_fts_plan-1510-p2;src_20260928_fts_locations
KWT,2024-09-01,2025-08-31,30039193,1186;1156;1273;1510,2026-09-28T06:57:17Z,src_20260928_fts_plan-1186-p1;src_20260928_fts_plan-1156-p1;src_20260928_fts_plan-1156-p2;src_20260928_fts_plan-1273-p1;src_20260928_fts_plan-1273-p2;src_20260928_fts_plan-1510-p1;src_20260928_fts_plan-1510-p2;src_20260928_fts_locations
KWT,2024-10-01,2025-09-30,30505093,1186;1156;1273;1510,2026-09-28T06:57:17Z,src_20260928_fts_plan-1186-p1;src_20260928_fts_plan-1156-p1;src_20260928_fts_plan-1156-p2;src_20260928_fts_plan-1273-p1;src_20260928_fts_plan-1273-p2;src_20260928_fts_plan-1510-p1;src_20260928_fts_plan-1510-p2;src_20260928_fts_locations
KWT,2024-11-01,2025-10-31,30505093,1186;1156;1273;1510,2026-09-28T06:57:17Z,src_20260928_fts_plan-1186-p1;src_20260928_fts_plan-1156-p1;src_20260928_fts_plan-1156-p2;src_20260928_fts_plan-1273-p1;src_20260928_fts_plan-1273-p2;src_20260928_fts_plan-1510-p1;src_20260928_fts_plan-1510-p2;src_20260928_fts_locations
KWT,2024-12-01,2025-11-30,30505093,1186;1156;1273;1510,2026-09-28T06:57:17Z,src_20260928_fts_plan-1186-p1;src_20260928_fts_plan-1156-p1;src_20260928_fts_plan-1156-p2;src_20260928_fts_plan-1273-p1;src_20260928_fts_plan-1273-p2;src_20260928_fts_plan-1510-p1;src_20260928_fts_plan-1510-p2;src_20260928_fts_locations
KWT,2025-01-01,2025-12-31,29755093,1186;1156;1273;1510,2026-09-28T06:57:17Z,src_20260928_fts_plan-1186-p1;src_20260928_fts_plan-1156-p1;src_20260928_fts_plan-1156-p2;src_20260928_fts_plan-1273-p1;src_20260928_fts_plan-1273-p2;src_20260928_fts_plan-1510-p1;src_20260928_fts_plan-1510-p2;src_20260928_fts_locations
KWT,2025-02-01,2026-01-31,29755093,1186;1156;1273;1510,2026-09-28T06:57:17Z,src_20260928_fts_plan-1186-p1;src_20260928_fts_plan-1156-p1;src_20260928_fts_plan-1156-p2;src_20260928_fts_plan-1273-p1;src_20260928_fts_plan-1273-p2;src_20260928_fts_plan-1510-p1;src_20260928_fts_plan-1510-p2;src_20260928_fts_locations
KWT,2025-03-01,2026-02-28,29755093,1186;1156;1273;1510,2026-09-28T06:57:17Z,src_20260928_fts_plan-1186-p1;src_20260928_fts_plan-1156-p1;src_20260928_fts_plan-1156-p2;src_20260928_fts_plan-1273-p1;src_20260928_fts_plan-1273-p2;src_20260928_fts_plan-1510-p1;src_20260928_fts_plan-1510-p2;src_20260928_fts_locations
KWT,2025-04-01,2026-03-31,31284358,1186;1156;1273;1510,2026-09-28T06:57:17Z,src_20260928_fts_plan-1186-p1;src_20260928_fts_plan-1156-p1;src_20260928_fts_plan-1156-p2;src_20260928_fts_plan-1273-p1;src_20260928_fts_plan-1273-p2;src_20260928_fts_plan-1510-p1;src_20260928_fts_plan-1510-p2;src_20260928_fts_locations
KWT,2025-05-01,2026-04-30,29784358,1186;1156;1273;1510,2026-09-28T06:57:17Z,src_20260928_fts_plan-1186-p1;src_20260928_fts_plan-1156-p1;src_20260928_fts_plan-1156-p2;src_20260928_fts_plan-1273-p1;src_20260928_fts_plan-1273-p2;src_20260928_fts_plan-1510-p1;src_20260928_fts_plan-1510-p2;src_20260928_fts_locations
KWT,2025-06-01,2026-05-31,2495165,1186;1156;1273;1510,2026-09-28T06:57:17Z,src_20260928_fts_plan-1186-p1;src_20260928_fts_plan-1156-p1;src_20260928_fts_plan-1156-p2;src_20260928_fts_plan-1273-p1;src_20260928_fts_plan-1273-p2;src_20260928_fts_plan-1510-p1;src_20260928_fts_plan-1510-p2;src_20260928_fts_locations
KWT,2025-07-01,2026-06-30,2495165,1186;1156;1273;1510,2026-09-28T06:57:17Z,src_20260928_fts_plan-1186-p1;src_20260928_fts_plan-1156-p1;src_20260928_fts_plan-1156-p2;src_20260928_fts_plan-1273-p1;src_20260928_fts_plan-1273-p2;src_20260928_fts_plan-1510-p1;src_20260928_fts_plan-1510-p2;src_20260928_fts_locations
KWT,2025-08-01,2026-07-31,2495165,1186;1156;1273;1510,2026-09-28T06:57:17Z,src_20260928_fts_plan-1186-p1;src_20260928_fts_plan-1156-p1;src_20260928_fts_plan-1156-p2;src_20260928_fts_plan-1273-p1;src_20260928_fts_plan-1273-p2;src_20260928_fts_plan-1510-p1;src_20260928_fts_plan-1510-p2;src_20260928_fts_locations
KWT,2025-09-01,2026-08-31,2495165,1186;1156;1273;1510,2026-09-28T06:57:17Z,src_20260928_fts_plan-1186-p1;src_20260928_fts_plan-1156-p1;src_20260928_fts_plan-1156-p2;src_20260928_fts_plan-1273-p1;src_20260928_fts_plan-1273-p2;src_20260928_fts_plan-1510-p1;src_20260928_fts_plan-1510-p2;src_20260928_fts_locations
LIE,2022-10-01,2023-09-30,0,1186;1156;1273;1510,2026-09-28T06:57:17Z,src_20260928_fts_plan-1186-p1;src_20260928_fts_plan-1156-p1;src_20260928_fts_plan-1156-p2;src_20260928_fts_plan-1273-p1;src_20260928_fts_plan-1273-p2;src_20260928_fts_plan-1510-p1;src_20260928_fts_plan-1510-p2;src_20260928_fts_locations
LIE,2022-11-01,2023-10-31,0,1186;1156;1273;1510,2026-09-28T06:57:17Z,src_20260928_fts_plan-1186-p1;src_20260928_fts_plan-1156-p1;src_20260928_fts_plan-1156-p2;src_20260928_fts_plan-1273-p1;src_20260928_fts_plan-1273-p2;src_20260928_fts_plan-1510-p1;src_20260928_fts_plan-1510-p2;src_20260928_fts_locations
LIE,2022-12-01,2023-11-30,0,1186;1156;1273;1510,2026-09-28T06:57:17Z,src_20260928_fts_plan-1186-p1;src_20260928_fts_plan-1156-p1;src_20260928_fts_plan-1156-p2;src_20260928_fts_plan-1273-p1;src_20260928_fts_plan-1273-p2;src_20260928_fts_plan-1510-p1;src_20260928_fts_plan-1510-p2;src_20260928_fts_locations
LIE,2023-01-01,2023-12-31,114155,1186;1156;1273;1510,2026-09-28T06:57:17Z,src_20260928_fts_plan-1186-p1;src_20260928_fts_plan-1156-p1;src_20260928_fts_plan-1156-p2;src_20260928_fts_plan-1273-p1;src_20260928_fts_plan-1273-p2;src_20260928_fts_plan-1510-p1;src_20260928_fts_plan-1510-p2;src_20260928_fts_locations
LIE,2023-02-01,2024-01-31,114155,1186;1156;1273;1510,2026-09-28T06:57:17Z,src_20260928_fts_plan-1186-p1;src_20260928_fts_plan-1156-p1;src_20260928_fts_plan-1156-p2;src_20260928_fts_plan-1273-p1;src_20260928_fts_plan-1273-p2;src_20260928_fts_plan-1510-p1;src_20260928_fts_plan-1510-p2;src_20260928_fts_locations
LIE,2023-03-01,2024-02-29,114155,1186;1156;1273;1510,2026-09-28T06:57:17Z,src_20260928_fts_plan-1186-p1;src_20260928_fts_plan-1156-p1;src_20260928_fts_plan-1156-p2;src_20260928_fts_plan-1273-p1;src_20260928_fts_plan-1273-p2;src_20260928_fts_plan-1510-p1;src_20260928_fts_plan-1510-p2;src_20260928_fts_locations
LIE,2023-04-01,2024-03-31,114155,1186;1156;1273;1510,2026-09-28T06:57:17Z,src_20260928_fts_plan-1186-p1;src_20260928_fts_plan-1156-p1;src_20260928_fts_plan-1156-p2;src_20260928_fts_plan-1273-p1;src_20260928_fts_plan-1273-p2;src_20260928_fts_plan-1510-p1;src_20260928_fts_plan-1510-p2;src_20260928_fts_locations
LIE,2023-05-01,2024-04-30,114155,1186;1156;1273;1510,2026-09-28T06:57:17Z,src_20260928_fts_plan-1186-p1;src_20260928_fts_plan-1156-p1;src_20260928_fts_plan-1156-p2;src_20260928_fts_plan-1273-p1;src_20260928_fts_plan-1273-p2;src_20260928_fts_plan-1510-p1;src_20260928_fts_plan-1510-p2;src_20260928_fts_locations
LIE,2023-06-01,2024-05-31,114155,1186;1156;1273;1510,2026-09-28T06:57:17Z,src_20260928_fts_plan-1186-p1;src_20260928_fts_plan-1156-p1;src_20260928_fts_plan-1156-p2;src_20260928_fts_plan-1273-p1;src_20260928_fts_plan-1273-p2;src_20260928_fts_plan-1510-p1;src_20260928_fts_plan-1510-p2;src_20260928_fts_locations
LIE,2023-07-01,2024-06-30,114155,1186;1156;1273;1510,2026-09-28T06:57:17Z,src_20260928_fts_plan-1186-p1;src_20260928_fts_plan-1156-p1;src_20260928_fts_plan-1156-p2;src_20260928_fts_plan-1273-p1;src_20260928_fts_plan-1273-p2;src_20260928_fts_plan-1510-p1;src_20260928_fts_plan-1510-p2;src_20260928_fts_locations
LIE,2023-08-01,2024-07-31,114155,1186;1156;1273;1510,2026-09-28T06:57:17Z,src_20260928_fts_plan-1186-p1;src_20260928_fts_plan-1156-p1;src_20260928_fts_plan-1156-p2;src_20260928_fts_plan-1273-p1;src_20260928_fts_plan-1273-p2;src_20260928_fts_plan-1510-p1;src_20260928_fts_plan-1510-p2;src_20260928_fts_locations
LIE,2023-09-01,2024-08-31,114155,1186;1156;1273;1510,2026-09-28T06:57:17Z,src_20260928_fts_plan-1186-p1;src_20260928_fts_plan-1156-p1;src_20260928_fts_plan-1156-p2;src_20260928_fts_plan-1273-p1;src_20260928_fts_plan-1273-p2;src_20260928_fts_plan-1510-p1;src_20260928_fts_plan-1510-p2;src_20260928_fts_locations
LIE,2023-10-01,2024-09-30,114155,1186;1156;1273;1510,2026-09-28T06:57:17Z,src_20260928_fts_plan-1186-p1;src_20260928_fts_plan-1156-p1;src_20260928_fts_plan-1156-p2;src_20260928_fts_plan-1273-p1;src_20260928_fts_plan-1273-p2;src_20260928_fts_plan-1510-p1;src_20260928_fts_plan-1510-p2;src_20260928_fts_locations
LIE,2023-11-01,2024-10-31,114155,1186;1156;1273;1510,2026-09-28T06:57:17Z,src_20260928_fts_plan-1186-p1;src_20260928_fts_plan-1156-p1;src_20260928_fts_plan-1156-p2;src_20260928_fts_plan-1273-p1;src_20260928_fts_plan-1273-p2;src_20260928_fts_plan-1510-p1;src_20260928_fts_plan-1510-p2;src_20260928_fts_locations
LIE,2023-12-01,2024-11-30,114155,1186;1156;1273;1510,2026-09-28T06:57:17Z,src_20260928_fts_plan-1186-p1;src_20260928_fts_plan-1156-p1;src_20260928_fts_plan-1156-p2;src_20260928_fts_plan-1273-p1;src_20260928_fts_plan-1273-p2;src_20260928_fts_plan-1510-p1;src_20260928_fts_plan-1510-p2;src_20260928_fts_locations
LIE,2024-01-01,2024-12-31,0,1186;1156;1273;1510,2026-09-28T06:57:17Z,src_20260928_fts_plan-1186-p1;src_20260928_fts_plan-1156-p1;src_20260928_fts_plan-1156-p2;src_20260928_fts_plan-1273-p1;src_20260928_fts_plan-1273-p2;src_20260928_fts_plan-1510-p1;src_20260928_fts_plan-1510-p2;src_20260928_fts_locations
LIE,2024-02-01,2025-01-31,0,1186;1156;1273;1510,2026-09-28T06:57:17Z,src_20260928_fts_plan-1186-p1;src_20260928_fts_plan-1156-p1;src_20260928_fts_plan-1156-p2;src_20260928_fts_plan-1273-p1;src_20260928_fts_plan-1273-p2;src_20260928_fts_plan-1510-p1;src_20260928_fts_plan-1510-p2;src_20260928_fts_locations
LIE,2024-03-01,2025-02-28,0,1186;1156;1273;1510,2026-09-28T06:57:17Z,src_20260928_fts_plan-1186-p1;src_20260928_fts_plan-1156-p1;src_20260928_fts_plan-1156-p2;src_20260928_fts_plan-1273-p1;src_20260928_fts_plan-1273-p2;src_20260928_fts_plan-1510-p1;src_20260928_fts_plan-1510-p2;src_20260928_fts_locations
LIE,2024-04-01,2025-03-31,0,1186;1156;1273;1510,2026-09-28T06:57:17Z,src_20260928_fts_plan-1186-p1;src_20260928_fts_plan-1156-p1;src_20260928_fts_plan-1156-p2;src_20260928_fts_plan-1273-p1;src_20260928_fts_plan-1273-p2;src_20260928_fts_plan-1510-p1;src_20260928_fts_plan-1510-p2;src_20260928_fts_locations
LIE,2024-05-01,2025-04-30,0,1186;1156;1273;1510,2026-09-28T06:57:17Z,src_20260928_fts_plan-1186-p1;src_20260928_fts_plan-1156-p1;src_20260928_fts_plan-1156-p2;src_20260928_fts_plan-1273-p1;src_20260928_fts_plan-1273-p2;src_20260928_fts_plan-1510-p1;src_20260928_fts_plan-1510-p2;src_20260928_fts_locations
LIE,2024-06-01,2025-05-31,115473,1186;1156;1273;1510,2026-09-28T06:57:17Z,src_20260928_fts_plan-1186-p1;src_20260928_fts_plan-1156-p1;src_20260928_fts_plan-1156-p2;src_20260928_fts_plan-1273-p1;src_20260928_fts_plan-1273-p2;src_20260928_fts_plan-1510-p1;src_20260928_fts_plan-1510-p2;src_20260928_fts_locations
LIE,2024-07-01,2025-06-30,115473,1186;1156;1273;1510,2026-09-28T06:57:17Z,src_20260928_fts_plan-1186-p1;src_20260928_fts_plan-1156-p1;src_20260928_fts_plan-1156-p2;src_20260928_fts_plan-1273-p1;src_20260928_fts_plan-1273-p2;src_20260928_fts_plan-1510-p1;src_20260928_fts_plan-1510-p2;src_20260928_fts_locations
LIE,2024-08-01,2025-07-31,115473,1186;1156;1273;1510,2026-09-28T06:57:17Z,src_20260928_fts_plan-1186-p1;src_20260928_fts_plan-1156-p1;src_20260928_fts_plan-1156-p2;src_20260928_fts_plan-1273-p1;src_20260928_fts_plan-1273-p2;src_20260928_fts_plan-1510-p1;src_20260928_fts_plan-1510-p2;src_20260928_fts_locations
LIE,2024-09-01,2025-08-31,115473,1186;1156;1273;1510,2026-09-28T06:57:17Z,src_20260928_fts_plan-1186-p1;src_20260928_fts_plan-1156-p1;src_20260928_fts_plan-1156-p2;src_20260928_fts_plan-1273-p1;src_20260928_fts_plan-1273-p2;src_20260928_fts_plan-1510-p1;src_20260928_fts_plan-1510-p2;src_20260928_fts_locations
LIE,2024-10-01,2025-09-30,115473,1186;1156;1273;1510,2026-09-28T06:57:17Z,src_20260928_fts_plan-1186-p1;src_20260928_fts_plan-1156-p1;src_20260928_fts_plan-1156-p2;src_20260928_fts_plan-1273-p1;src_20260928_fts_plan-1273-p2;src_20260928_fts_plan-1510-p1;src_20260928_fts_plan-1510-p2;src_20260928_fts_locations
LIE,2024-11-01,2025-10-31,115473,1186;1156;1273;1510,2026-09-28T06:57:17Z,src_20260928_fts_plan-1186-p1;src_20260928_fts_plan-1156-p1;src_20260928_fts_plan-1156-p2;src_20260928_fts_plan-1273-p1;src_20260928_fts_plan-1273-p2;src_20260928_fts_plan-1510-p1;src_20260928_fts_plan-1510-p2;src_20260928_fts_locations
LIE,2024-12-01,2025-11-30,115473,1186;1156;1273;1510,2026-09-28T06:57:17Z,src_20260928_fts_plan-1186-p1;src_20260928_fts_plan-1156-p1;src_20260928_fts_plan-1156-p2;src_20260928_fts_plan-1273-p1;src_20260928_fts_plan-1273-p2;src_20260928_fts_plan-1510-p1;src_20260928_fts_plan-1510-p2;src_20260928_fts_locations
LIE,2025-01-01,2025-12-31,115473,1186;1156;1273;1510,2026-09-28T06:57:17Z,src_20260928_fts_plan-1186-p1;src_20260928_fts_plan-1156-p1;src_20260928_fts_plan-1156-p2;src_20260928_fts_plan-1273-p1;src_20260928_fts_plan-1273-p2;src_20260928_fts_plan-1510-p1;src_20260928_fts_plan-1510-p2;src_20260928_fts_locations
LIE,2025-02-01,2026-01-31,115473,1186;1156;1273;1510,2026-09-28T06:57:17Z,src_20260928_fts_plan-1186-p1;src_20260928_fts_plan-1156-p1;src_20260928_fts_plan-1156-p2;src_20260928_fts_plan-1273-p1;src_20260928_fts_plan-1273-p2;src_20260928_fts_plan-1510-p1;src_20260928_fts_plan-1510-p2;src_20260928_fts_locations
LIE,2025-03-01,2026-02-28,115473,1186;1156;1273;1510,2026-09-28T06:57:17Z,src_20260928_fts_plan-1186-p1;src_20260928_fts_plan-1156-p1;src_20260928_fts_plan-1156-p2;src_20260928_fts_plan-1273-p1;src_20260928_fts_plan-1273-p2;src_20260928_fts_plan-1510-p1;src_20260928_fts_plan-1510-p2;src_20260928_fts_locations
LIE,2025-04-01,2026-03-31,115473,1186;1156;1273;1510,2026-09-28T06:57:17Z,src_20260928_fts_plan-1186-p1;src_20260928_fts_plan-1156-p1;src_20260928_fts_plan-1156-p2;src_20260928_fts_plan-1273-p1;src_20260928_fts_plan-1273-p2;src_20260928_fts_plan-1510-p1;src_20260928_fts_plan-1510-p2;src_20260928_fts_locations
LIE,2025-05-01,2026-04-30,115473,1186;1156;1273;1510,2026-09-28T06:57:17Z,src_20260928_fts_plan-1186-p1;src_20260928_fts_plan-1156-p1;src_20260928_fts_plan-1156-p2;src_20260928_fts_plan-1273-p1;src_20260928_fts_plan-1273-p2;src_20260928_fts_plan-1510-p1;src_20260928_fts_plan-1510-p2;src_20260928_fts_locations
LIE,2025-06-01,2026-05-31,0,1186;1156;1273;1510,2026-09-28T06:57:17Z,src_20260928_fts_plan-1186-p1;src_20260928_fts_plan-1156-p1;src_20260928_fts_plan-1156-p2;src_20260928_fts_plan-1273-p1;src_20260928_fts_plan-1273-p2;src_20260928_fts_plan-1510-p1;src_20260928_fts_plan-1510-p2;src_20260928_fts_locations
LIE,2025-07-01,2026-06-30,123153,1186;1156;1273;1510,2026-09-28T06:57:17Z,src_20260928_fts_plan-1186-p1;src_20260928_fts_plan-1156-p1;src_20260928_fts_plan-1156-p2;src_20260928_fts_plan-1273-p1;src_20260928_fts_plan-1273-p2;src_20260928_fts_plan-1510-p1;src_20260928_fts_plan-1510-p2;src_20260928_fts_locations
LIE,2025-08-01,2026-07-31,123153,1186;1156;1273;1510,2026-09-28T06:57:17Z,src_20260928_fts_plan-1186-p1;src_20260928_fts_plan-1156-p1;src_20260928_fts_plan-1156-p2;src_20260928_fts_plan-1273-p1;src_20260928_fts_plan-1273-p2;src_20260928_fts_plan-1510-p1;src_20260928_fts_plan-1510-p2;src_20260928_fts_locations
LIE,2025-09-01,2026-08-31,247997,1186;1156;1273;1510,2026-09-28T06:57:17Z,src_20260928_fts_plan-1186-p1;src_20260928_fts_plan-1156-p1;src_20260928_fts_plan-1156-p2;src_20260928_fts_plan-1273-p1;src_20260928_fts_plan-1273-p2;src_20260928_fts_plan-1510-p1;src_20260928_fts_plan-1510-p2;src_20260928_fts_locations
LKA,2022-10-01,2023-09-30,0,1186;1156;1273;1510,2026-09-28T06:57:17Z,src_20260928_fts_plan-1186-p1;src_20260928_fts_plan-1156-p1;src_20260928_fts_plan-1156-p2;src_20260928_fts_plan-1273-p1;src_20260928_fts_plan-1273-p2;src_20260928_fts_plan-1510-p1;src_20260928_fts_plan-1510-p2;src_20260928_fts_locations
LKA,2022-11-01,2023-10-31,0,1186;1156;1273;1510,2026-09-28T06:57:17Z,src_20260928_fts_plan-1186-p1;src_20260928_fts_plan-1156-p1;src_20260928_fts_plan-1156-p2;src_20260928_fts_plan-1273-p1;src_20260928_fts_plan-1273-p2;src_20260928_fts_plan-1510-p1;src_20260928_fts_plan-1510-p2;src_20260928_fts_locations
LKA,2022-12-01,2023-11-30,0,1186;1156;1273;1510,2026-09-28T06:57:17Z,src_20260928_fts_plan-1186-p1;src_20260928_fts_plan-1156-p1;src_20260928_fts_plan-1156-p2;src_20260928_fts_plan-1273-p1;src_20260928_fts_plan-1273-p2;src_20260928_fts_plan-1510-p1;src_20260928_fts_plan-1510-p2;src_20260928_fts_locations
LKA,2023-01-01,2023-12-31,0,1186;1156;1273;1510,2026-09-28T06:57:17Z,src_20260928_fts_plan-1186-p1;src_20260928_fts_plan-1156-p1;src_20260928_fts_plan-1156-p2;src_20260928_fts_plan-1273-p1;src_20260928_fts_plan-1273-p2;src_20260928_fts_plan-1510-p1;src_20260928_fts_plan-1510-p2;src_20260928_fts_locations
LKA,2023-02-01,2024-01-31,0,1186;1156;1273;1510,2026-09-28T06:57:17Z,src_20260928_fts_plan-1186-p1;src_20260928_fts_plan-1156-p1;src_20260928_fts_plan-1156-p2;src_20260928_fts_plan-1273-p1;src_20260928_fts_plan-1273-p2;src_20260928_fts_plan-1510-p1;src_20260928_fts_plan-1510-p2;src_20260928_fts_locations
LKA,2023-03-01,2024-02-29,0,1186;1156;1273;1510,2026-09-28T06:57:17Z,src_20260928_fts_plan-1186-p1;src_20260928_fts_plan-1156-p1;src_20260928_fts_plan-1156-p2;src_20260928_fts_plan-1273-p1;src_20260928_fts_plan-1273-p2;src_20260928_fts_plan-1510-p1;src_20260928_fts_plan-1510-p2;src_20260928_fts_locations
LKA,2023-04-01,2024-03-31,0,1186;1156;1273;1510,2026-09-28T06:57:17Z,src_20260928_fts_plan-1186-p1;src_20260928_fts_plan-1156-p1;src_20260928_fts_plan-1156-p2;src_20260928_fts_plan-1273-p1;src_20260928_fts_plan-1273-p2;src_20260928_fts_plan-1510-p1;src_20260928_fts_plan-1510-p2;src_20260928_fts_locations
LKA,2023-05-01,2024-04-30,0,1186;1156;1273;1510,2026-09-28T06:57:17Z,src_20260928_fts_plan-1186-p1;src_20260928_fts_plan-1156-p1;src_20260928_fts_plan-1156-p2;src_20260928_fts_plan-1273-p1;src_20260928_fts_plan-1273-p2;src_20260928_fts_plan-1510-p1;src_20260928_fts_plan-1510-p2;src_20260928_fts_locations
LKA,2023-06-01,2024-05-31,0,1186;1156;1273;1510,2026-09-28T06:57:17Z,src_20260928_fts_plan-1186-p1;src_20260928_fts_plan-1156-p1;src_20260928_fts_plan-1156-p2;src_20260928_fts_plan-1273-p1;src_20260928_fts_plan-1273-p2;src_20260928_fts_plan-1510-p1;src_20260928_fts_plan-1510-p2;src_20260928_fts_locations
LKA,2023-07-01,2024-06-30,0,1186;1156;1273;1510,2026-09-28T06:57:17Z,src_20260928_fts_plan-1186-p1;src_20260928_fts_plan-1156-p1;src_20260928_fts_plan-1156-p2;src_20260928_fts_plan-1273-p1;src_20260928_fts_plan-1273-p2;src_20260928_fts_plan-1510-p1;src_20260928_fts_plan-1510-p2;src_20260928_fts_locations
LKA,2023-08-01,2024-07-31,0,1186;1156;1273;1510,2026-09-28T06:57:17Z,src_20260928_fts_plan-1186-p1;src_20260928_fts_plan-1156-p1;src_20260928_fts_plan-1156-p2;src_20260928_fts_plan-1273-p1;src_20260928_fts_plan-1273-p2;src_20260928_fts_plan-1510-p1;src_20260928_fts_plan-1510-p2;src_20260928_fts_locations
LKA,2023-09-01,2024-08-31,0,1186;1156;1273;1510,2026-09-28T06:57:17Z,src_20260928_fts_plan-1186-p1;src_20260928_fts_plan-1156-p1;src_20260928_fts_plan-1156-p2;src_20260928_fts_plan-1273-p1;src_20260928_fts_plan-1273-p2;src_20260928_fts_plan-1510-p1;src_20260928_fts_plan-1510-p2;src_20260928_fts_locations
LKA,2023-10-01,2024-09-30,0,1186;1156;1273;1510,2026-09-28T06:57:17Z,src_20260928_fts_plan-1186-p1;src_20260928_fts_plan-1156-p1;src_20260928_fts_plan-1156-p2;src_20260928_fts_plan-1273-p1;src_20260928_fts_plan-1273-p2;src_20260928_fts_plan-1510-p1;src_20260928_fts_plan-1510-p2;src_20260928_fts_locations
LKA,2023-11-01,2024-10-31,0,1186;1156;1273;1510,2026-09-28T06:57:17Z,src_20260928_fts_plan-1186-p1;src_20260928_fts_plan-1156-p1;src_20260928_fts_plan-1156-p2;src_20260928_fts_plan-1273-p1;src_20260928_fts_plan-1273-p2;src_20260928_fts_plan-1510-p1;src_20260928_fts_plan-1510-p2;src_20260928_fts_locations
LKA,2023-12-01,2024-11-30,0,1186;1156;1273;1510,2026-09-28T06:57:17Z,src_20260928_fts_plan-1186-p1;src_20260928_fts_plan-1156-p1;src_20260928_fts_plan-1156-p2;src_20260928_fts_plan-1273-p1;src_20260928_fts_plan-1273-p2;src_20260928_fts_plan-1510-p1;src_20260928_fts_plan-1510-p2;src_20260928_fts_locations
LKA,2024-01-01,2024-12-31,0,1186;1156;1273;1510,2026-09-28T06:57:17Z,src_20260928_fts_plan-1186-p1;src_20260928_fts_plan-1156-p1;src_20260928_fts_plan-1156-p2;src_20260928_fts_plan-1273-p1;src_20260928_fts_plan-1273-p2;src_20260928_fts_plan-1510-p1;src_20260928_fts_plan-1510-p2;src_20260928_fts_locations
LKA,2024-02-01,2025-01-31,0,1186;1156;1273;1510,2026-09-28T06:57:17Z,src_20260928_fts_plan-1186-p1;src_20260928_fts_plan-1156-p1;src_20260928_fts_plan-1156-p2;src_20260928_fts_plan-1273-p1;src_20260928_fts_plan-1273-p2;src_20260928_fts_plan-1510-p1;src_20260928_fts_plan-1510-p2;src_20260928_fts_locations
LKA,2024-03-01,2025-02-28,0,1186;1156;1273;1510,2026-09-28T06:57:17Z,src_20260928_fts_plan-1186-p1;src_20260928_fts_plan-1156-p1;src_20260928_fts_plan-1156-p2;src_20260928_fts_plan-1273-p1;src_20260928_fts_plan-1273-p2;src_20260928_fts_plan-1510-p1;src_20260928_fts_plan-1510-p2;src_20260928_fts_locations
LKA,2024-04-01,2025-03-31,0,1186;1156;1273;1510,2026-09-28T06:57:17Z,src_20260928_fts_plan-1186-p1;src_20260928_fts_plan-1156-p1;src_20260928_fts_plan-1156-p2;src_20260928_fts_plan-1273-p1;src_20260928_fts_plan-1273-p2;src_20260928_fts_plan-1510-p1;src_20260928_fts_plan-1510-p2;src_20260928_fts_locations
LKA,2024-05-01,2025-04-30,0,1186;1156;1273;1510,2026-09-28T06:57:17Z,src_20260928_fts_plan-1186-p1;src_20260928_fts_plan-1156-p1;src_20260928_fts_plan-1156-p2;src_20260928_fts_plan-1273-p1;src_20260928_fts_plan-1273-p2;src_20260928_fts_plan-1510-p1;src_20260928_fts_plan-1510-p2;src_20260928_fts_locations
LKA,2024-06-01,2025-05-31,1590000,1186;1156;1273;1510,2026-09-28T06:57:17Z,src_20260928_fts_plan-1186-p1;src_20260928_fts_plan-1156-p1;src_20260928_fts_plan-1156-p2;src_20260928_fts_plan-1273-p1;src_20260928_fts_plan-1273-p2;src_20260928_fts_plan-1510-p1;src_20260928_fts_plan-1510-p2;src_20260928_fts_locations
LKA,2024-07-01,2025-06-30,1590000,1186;1156;1273;1510,2026-09-28T06:57:17Z,src_20260928_fts_plan-1186-p1;src_20260928_fts_plan-1156-p1;src_20260928_fts_plan-1156-p2;src_20260928_fts_plan-1273-p1;src_20260928_fts_plan-1273-p2;src_20260928_fts_plan-1510-p1;src_20260928_fts_plan-1510-p2;src_20260928_fts_locations
LKA,2024-08-01,2025-07-31,1590000,1186;1156;1273;1510,2026-09-28T06:57:17Z,src_20260928_fts_plan-1186-p1;src_20260928_fts_plan-1156-p1;src_20260928_fts_plan-1156-p2;src_20260928_fts_plan-1273-p1;src_20260928_fts_plan-1273-p2;src_20260928_fts_plan-1510-p1;src_20260928_fts_plan-1510-p2;src_20260928_fts_locations
LKA,2024-09-01,2025-08-31,1590000,1186;1156;1273;1510,2026-09-28T06:57:17Z,src_20260928_fts_plan-1186-p1;src_20260928_fts_plan-1156-p1;src_20260928_fts_plan-1156-p2;src_20260928_fts_plan-1273-p1;src_20260928_fts_plan-1273-p2;src_20260928_fts_plan-1510-p1;src_20260928_fts_plan-1510-p2;src_20260928_fts_locations
LKA,2024-10-01,2025-09-30,1590000,1186;1156;1273;1510,2026-09-28T06:57:17Z,src_20260928_fts_plan-1186-p1;src_20260928_fts_plan-1156-p1;src_20260928_fts_plan-1156-p2;src_20260928_fts_plan-1273-p1;src_20260928_fts_plan-1273-p2;src_20260928_fts_plan-1510-p1;src_20260928_fts_plan-1510-p2;src_20260928_fts_locations
LKA,2024-11-01,2025-10-31,1590000,1186;1156;1273;1510,2026-09-28T06:57:17Z,src_20260928_fts_plan-1186-p1;src_20260928_fts_plan-1156-p1;src_20260928_fts_plan-1156-p2;src_20260928_fts_plan-1273-p1;src_20260928_fts_plan-1273-p2;src_20260928_fts_plan-1510-p1;src_20260928_fts_plan-1510-p2;src_20260928_fts_locations
LKA,2024-12-01,2025-11-30,1590000,1186;1156;1273;1510,2026-09-28T06:57:17Z,src_20260928_fts_plan-1186-p1;src_20260928_fts_plan-1156-p1;src_20260928_fts_plan-1156-p2;src_20260928_fts_plan-1273-p1;src_20260928_fts_plan-1273-p2;src_20260928_fts_plan-1510-p1;src_20260928_fts_plan-1510-p2;src_20260928_fts_locations
LKA,2025-01-01,2025-12-31,1590000,1186;1156;1273;1510,2026-09-28T06:57:17Z,src_20260928_fts_plan-1186-p1;src_20260928_fts_plan-1156-p1;src_20260928_fts_plan-1156-p2;src_20260928_fts_plan-1273-p1;src_20260928_fts_plan-1273-p2;src_20260928_fts_plan-1510-p1;src_20260928_fts_plan-1510-p2;src_20260928_fts_locations
LKA,2025-02-01,2026-01-31,1590000,1186;1156;1273;1510,2026-09-28T06:57:17Z,src_20260928_fts_plan-1186-p1;src_20260928_fts_plan-1156-p1;src_20260928_fts_plan-1156-p2;src_20260928_fts_plan-1273-p1;src_20260928_fts_plan-1273-p2;src_20260928_fts_plan-1510-p1;src_20260928_fts_plan-1510-p2;src_20260928_fts_locations
LKA,2025-03-01,2026-02-28,1590000,1186;1156;1273;1510,2026-09-28T06:57:17Z,src_20260928_fts_plan-1186-p1;src_20260928_fts_plan-1156-p1;src_20260928_fts_plan-1156-p2;src_20260928_fts_plan-1273-p1;src_20260928_fts_plan-1273-p2;src_20260928_fts_plan-1510-p1;src_20260928_fts_plan-1510-p2;src_20260928_fts_locations
LKA,2025-04-01,2026-03-31,1590000,1186;1156;1273;1510,2026-09-28T06:57:17Z,src_20260928_fts_plan-1186-p1;src_20260928_fts_plan-1156-p1;src_20260928_fts_plan-1156-p2;src_20260928_fts_plan-1273-p1;src_20260928_fts_plan-1273-p2;src_20260928_fts_plan-1510-p1;src_20260928_fts_plan-1510-p2;src_20260928_fts_locations
LKA,2025-05-01,2026-04-30,1590000,1186;1156;1273;1510,2026-09-28T06:57:17Z,src_20260928_fts_plan-1186-p1;src_20260928_fts_plan-1156-p1;src_20260928_fts_plan-1156-p2;src_20260928_fts_plan-1273-p1;src_20260928_fts_plan-1273-p2;src_20260928_fts_plan-1510-p1;src_20260928_fts_plan-1510-p2;src_20260928_fts_locations
LKA,2025-06-01,2026-05-31,0,1186;1156;1273;1510,2026-09-28T06:57:17Z,src_20260928_fts_plan-1186-p1;src_20260928_fts_plan-1156-p1;src_20260928_fts_plan-1156-p2;src_20260928_fts_plan-1273-p1;src_20260928_fts_plan-1273-p2;src_20260928_fts_plan-1510-p1;src_20260928_fts_plan-1510-p2;src_20260928_fts_locations
LKA,2025-07-01,2026-06-30,0,1186;1156;1273;1510,2026-09-28T06:57:17Z,src_20260928_fts_plan-1186-p1;src_20260928_fts_plan-1156-p1;src_20260928_fts_plan-1156-p2;src_20260928_fts_plan-1273-p1;src_20260928_fts_plan-1273-p2;src_20260928_fts_plan-1510-p1;src_20260928_fts_plan-1510-p2;src_20260928_fts_locations
LKA,2025-08-01,2026-07-31,0,1186;1156;1273;1510,2026-09-28T06:57:17Z,src_20260928_fts_plan-1186-p1;src_20260928_fts_plan-1156-p1;src_20260928_fts_plan-1156-p2;src_20260928_fts_plan-1273-p1;src_20260928_fts_plan-1273-p2;src_20260928_fts_plan-1510-p1;src_20260928_fts_plan-1510-p2;src_20260928_fts_locations
LKA,2025-09-01,2026-08-31,0,1186;1156;1273;1510,2026-09-28T06:57:17Z,src_20260928_fts_plan-1186-p1;src_20260928_fts_plan-1156-p1;src_20260928_fts_plan-1156-p2;src_20260928_fts_plan-1273-p1;src_20260928_fts_plan-1273-p2;src_20260928_fts_plan-1510-p1;src_20260928_fts_plan-1510-p2;src_20260928_fts_locations
LTU,2022-10-01,2023-09-30,31881,1186;1156;1273;1510,2026-09-28T06:57:17Z,src_20260928_fts_plan-1186-p1;src_20260928_fts_plan-1156-p1;src_20260928_fts_plan-1156-p2;src_20260928_fts_plan-1273-p1;src_20260928_fts_plan-1273-p2;src_20260928_fts_plan-1510-p1;src_20260928_fts_plan-1510-p2;src_20260928_fts_locations
LTU,2022-11-01,2023-10-31,31881,1186;1156;1273;1510,2026-09-28T06:57:17Z,src_20260928_fts_plan-1186-p1;src_20260928_fts_plan-1156-p1;src_20260928_fts_plan-1156-p2;src_20260928_fts_plan-1273-p1;src_20260928_fts_plan-1273-p2;src_20260928_fts_plan-1510-p1;src_20260928_fts_plan-1510-p2;src_20260928_fts_locations
LTU,2022-12-01,2023-11-30,142869,1186;1156;1273;1510,2026-09-28T06:57:17Z,src_20260928_fts_plan-1186-p1;src_20260928_fts_plan-1156-p1;src_20260928_fts_plan-1156-p2;src_20260928_fts_plan-1273-p1;src_20260928_fts_plan-1273-p2;src_20260928_fts_plan-1510-p1;src_20260928_fts_plan-1510-p2;src_20260928_fts_locations
LTU,2023-01-01,2023-12-31,304681,1186;1156;1273;1510,2026-09-28T06:57:17Z,src_20260928_fts_plan-1186-p1;src_20260928_fts_plan-1156-p1;src_20260928_fts_plan-1156-p2;src_20260928_fts_plan-1273-p1;src_20260928_fts_plan-1273-p2;src_20260928_fts_plan-1510-p1;src_20260928_fts_plan-1510-p2;src_20260928_fts_locations
LTU,2023-02-01,2024-01-31,304681,1186;1156;1273;1510,2026-09-28T06:57:17Z,src_20260928_fts_plan-1186-p1;src_20260928_fts_plan-1156-p1;src_20260928_fts_plan-1156-p2;src_20260928_fts_plan-1273-p1;src_20260928_fts_plan-1273-p2;src_20260928_fts_plan-1510-p1;src_20260928_fts_plan-1510-p2;src_20260928_fts_locations
LTU,2023-03-01,2024-02-29,304681,1186;1156;1273;1510,2026-09-28T06:57:17Z,src_20260928_fts_plan-1186-p1;src_20260928_fts_plan-1156-p1;src_20260928_fts_plan-1156-p2;src_20260928_fts_plan-1273-p1;src_20260928_fts_plan-1273-p2;src_20260928_fts_plan-1510-p1;src_20260928_fts_plan-1510-p2;src_20260928_fts_locations
LTU,2023-04-01,2024-03-31,304681,1186;1156;1273;1510,2026-09-28T06:57:17Z,src_20260928_fts_plan-1186-p1;src_20260928_fts_plan-1156-p1;src_20260928_fts_plan-1156-p2;src_20260928_fts_plan-1273-p1;src_20260928_fts_plan-1273-p2;src_20260928_fts_plan-1510-p1;src_20260928_fts_plan-1510-p2;src_20260928_fts_locations
LTU,2023-05-01,2024-04-30,304681,1186;1156;1273;1510,2026-09-28T06:57:17Z,src_20260928_fts_plan-1186-p1;src_20260928_fts_plan-1156-p1;src_20260928_fts_plan-1156-p2;src_20260928_fts_plan-1273-p1;src_20260928_fts_plan-1273-p2;src_20260928_fts_plan-1510-p1;src_20260928_fts_plan-1510-p2;src_20260928_fts_locations
LTU,2023-06-01,2024-05-31,358852,1186;1156;1273;1510,2026-09-28T06:57:17Z,src_20260928_fts_plan-1186-p1;src_20260928_fts_plan-1156-p1;src_20260928_fts_plan-1156-p2;src_20260928_fts_plan-1273-p1;src_20260928_fts_plan-1273-p2;src_20260928_fts_plan-1510-p1;src_20260928_fts_plan-1510-p2;src_20260928_fts_locations
LTU,2023-07-01,2024-06-30,358852,1186;1156;1273;1510,2026-09-28T06:57:17Z,src_20260928_fts_plan-1186-p1;src_20260928_fts_plan-1156-p1;src_20260928_fts_plan-1156-p2;src_20260928_fts_plan-1273-p1;src_20260928_fts_plan-1273-p2;src_20260928_fts_plan-1510-p1;src_20260928_fts_plan-1510-p2;src_20260928_fts_locations
LTU,2023-08-01,2024-07-31,326971,1186;1156;1273;1510,2026-09-28T06:57:17Z,src_20260928_fts_plan-1186-p1;src_20260928_fts_plan-1156-p1;src_20260928_fts_plan-1156-p2;src_20260928_fts_plan-1273-p1;src_20260928_fts_plan-1273-p2;src_20260928_fts_plan-1510-p1;src_20260928_fts_plan-1510-p2;src_20260928_fts_locations
LTU,2023-09-01,2024-08-31,326971,1186;1156;1273;1510,2026-09-28T06:57:17Z,src_20260928_fts_plan-1186-p1;src_20260928_fts_plan-1156-p1;src_20260928_fts_plan-1156-p2;src_20260928_fts_plan-1273-p1;src_20260928_fts_plan-1273-p2;src_20260928_fts_plan-1510-p1;src_20260928_fts_plan-1510-p2;src_20260928_fts_locations
LTU,2023-10-01,2024-09-30,326971,1186;1156;1273;1510,2026-09-28T06:57:17Z,src_20260928_fts_plan-1186-p1;src_20260928_fts_plan-1156-p1;src_20260928_fts_plan-1156-p2;src_20260928_fts_plan-1273-p1;src_20260928_fts_plan-1273-p2;src_20260928_fts_plan-1510-p1;src_20260928_fts_plan-1510-p2;src_20260928_fts_locations
LTU,2023-11-01,2024-10-31,326971,1186;1156;1273;1510,2026-09-28T06:57:17Z,src_20260928_fts_plan-1186-p1;src_20260928_fts_plan-1156-p1;src_20260928_fts_plan-1156-p2;src_20260928_fts_plan-1273-p1;src_20260928_fts_plan-1273-p2;src_20260928_fts_plan-1510-p1;src_20260928_fts_plan-1510-p2;src_20260928_fts_locations
LTU,2023-12-01,2024-11-30,268726,1186;1156;1273;1510,2026-09-28T06:57:17Z,src_20260928_fts_plan-1186-p1;src_20260928_fts_plan-1156-p1;src_20260928_fts_plan-1156-p2;src_20260928_fts_plan-1273-p1;src_20260928_fts_plan-1273-p2;src_20260928_fts_plan-1510-p1;src_20260928_fts_plan-1510-p2;src_20260928_fts_locations
LTU,2024-01-01,2024-12-31,106914,1186;1156;1273;1510,2026-09-28T06:57:17Z,src_20260928_fts_plan-1186-p1;src_20260928_fts_plan-1156-p1;src_20260928_fts_plan-1156-p2;src_20260928_fts_plan-1273-p1;src_20260928_fts_plan-1273-p2;src_20260928_fts_plan-1510-p1;src_20260928_fts_plan-1510-p2;src_20260928_fts_locations
LTU,2024-02-01,2025-01-31,106914,1186;1156;1273;1510,2026-09-28T06:57:17Z,src_20260928_fts_plan-1186-p1;src_20260928_fts_plan-1156-p1;src_20260928_fts_plan-1156-p2;src_20260928_fts_plan-1273-p1;src_20260928_fts_plan-1273-p2;src_20260928_fts_plan-1510-p1;src_20260928_fts_plan-1510-p2;src_20260928_fts_locations
LTU,2024-03-01,2025-02-28,106914,1186;1156;1273;1510,2026-09-28T06:57:17Z,src_20260928_fts_plan-1186-p1;src_20260928_fts_plan-1156-p1;src_20260928_fts_plan-1156-p2;src_20260928_fts_plan-1273-p1;src_20260928_fts_plan-1273-p2;src_20260928_fts_plan-1510-p1;src_20260928_fts_plan-1510-p2;src_20260928_fts_locations
LTU,2024-04-01,2025-03-31,106914,1186;1156;1273;1510,2026-09-28T06:57:17Z,src_20260928_fts_plan-1186-p1;src_20260928_fts_plan-1156-p1;src_20260928_fts_plan-1156-p2;src_20260928_fts_plan-1273-p1;src_20260928_fts_plan-1273-p2;src_20260928_fts_plan-1510-p1;src_20260928_fts_plan-1510-p2;src_20260928_fts_locations
LTU,2024-05-01,2025-04-30,106914,1186;1156;1273;1510,2026-09-28T06:57:17Z,src_20260928_fts_plan-1186-p1;src_20260928_fts_plan-1156-p1;src_20260928_fts_plan-1156-p2;src_20260928_fts_plan-1273-p1;src_20260928_fts_plan-1273-p2;src_20260928_fts_plan-1510-p1;src_20260928_fts_plan-1510-p2;src_20260928_fts_locations
LTU,2024-06-01,2025-05-31,52743,1186;1156;1273;1510,2026-09-28T06:57:17Z,src_20260928_fts_plan-1186-p1;src_20260928_fts_plan-1156-p1;src_20260928_fts_plan-1156-p2;src_20260928_fts_plan-1273-p1;src_20260928_fts_plan-1273-p2;src_20260928_fts_plan-1510-p1;src_20260928_fts_plan-1510-p2;src_20260928_fts_locations
LTU,2024-07-01,2025-06-30,52743,1186;1156;1273;1510,2026-09-28T06:57:17Z,src_20260928_fts_plan-1186-p1;src_20260928_fts_plan-1156-p1;src_20260928_fts_plan-1156-p2;src_20260928_fts_plan-1273-p1;src_20260928_fts_plan-1273-p2;src_20260928_fts_plan-1510-p1;src_20260928_fts_plan-1510-p2;src_20260928_fts_locations
LTU,2024-08-01,2025-07-31,52743,1186;1156;1273;1510,2026-09-28T06:57:17Z,src_20260928_fts_plan-1186-p1;src_20260928_fts_plan-1156-p1;src_20260928_fts_plan-1156-p2;src_20260928_fts_plan-1273-p1;src_20260928_fts_plan-1273-p2;src_20260928_fts_plan-1510-p1;src_20260928_fts_plan-1510-p2;src_20260928_fts_locations
LTU,2024-09-01,2025-08-31,52743,1186;1156;1273;1510,2026-09-28T06:57:17Z,src_20260928_fts_plan-1186-p1;src_20260928_fts_plan-1156-p1;src_20260928_fts_plan-1156-p2;src_20260928_fts_plan-1273-p1;src_20260928_fts_plan-1273-p2;src_20260928_fts_plan-1510-p1;src_20260928_fts_plan-1510-p2;src_20260928_fts_locations
LTU,2024-10-01,2025-09-30,52743,1186;1156;1273;1510,2026-09-28T06:57:17Z,src_20260928_fts_plan-1186-p1;src_20260928_fts_plan-1156-p1;src_20260928_fts_plan-1156-p2;src_20260928_fts_plan-1273-p1;src_20260928_fts_plan-1273-p2;src_20260928_fts_plan-1510-p1;src_20260928_fts_plan-1510-p2;src_20260928_fts_locations
LTU,2024-11-01,2025-10-31,52743,1186;1156;1273;1510,2026-09-28T06:57:17Z,src_20260928_fts_plan-1186-p1;src_20260928_fts_plan-1156-p1;src_20260928_fts_plan-1156-p2;src_20260928_fts_plan-1273-p1;src_20260928_fts_plan-1273-p2;src_20260928_fts_plan-1510-p1;src_20260928_fts_plan-1510-p2;src_20260928_fts_locations
LTU,2024-12-01,2025-11-30,0,1186;1156;1273;1510,2026-09-28T06:57:17Z,src_20260928_fts_plan-1186-p1;src_20260928_fts_plan-1156-p1;src_20260928_fts_plan-1156-p2;src_20260928_fts_plan-1273-p1;src_20260928_fts_plan-1273-p2;src_20260928_fts_plan-1510-p1;src_20260928_fts_plan-1510-p2;src_20260928_fts_locations
LTU,2025-01-01,2025-12-31,0,1186;1156;1273;1510,2026-09-28T06:57:17Z,src_20260928_fts_plan-1186-p1;src_20260928_fts_plan-1156-p1;src_20260928_fts_plan-1156-p2;src_20260928_fts_plan-1273-p1;src_20260928_fts_plan-1273-p2;src_20260928_fts_plan-1510-p1;src_20260928_fts_plan-1510-p2;src_20260928_fts_locations
LTU,2025-02-01,2026-01-31,58685,1186;1156;1273;1510,2026-09-28T06:57:17Z,src_20260928_fts_plan-1186-p1;src_20260928_fts_plan-1156-p1;src_20260928_fts_plan-1156-p2;src_20260928_fts_plan-1273-p1;src_20260928_fts_plan-1273-p2;src_20260928_fts_plan-1510-p1;src_20260928_fts_plan-1510-p2;src_20260928_fts_locations
LTU,2025-03-01,2026-02-28,58685,1186;1156;1273;1510,2026-09-28T06:57:17Z,src_20260928_fts_plan-1186-p1;src_20260928_fts_plan-1156-p1;src_20260928_fts_plan-1156-p2;src_20260928_fts_plan-1273-p1;src_20260928_fts_plan-1273-p2;src_20260928_fts_plan-1510-p1;src_20260928_fts_plan-1510-p2;src_20260928_fts_locations
LTU,2025-04-01,2026-03-31,58685,1186;1156;1273;1510,2026-09-28T06:57:17Z,src_20260928_fts_plan-1186-p1;src_20260928_fts_plan-1156-p1;src_20260928_fts_plan-1156-p2;src_20260928_fts_plan-1273-p1;src_20260928_fts_plan-1273-p2;src_20260928_fts_plan-1510-p1;src_20260928_fts_plan-1510-p2;src_20260928_fts_locations
LTU,2025-05-01,2026-04-30,58685,1186;1156;1273;1510,2026-09-28T06:57:17Z,src_20260928_fts_plan-1186-p1;src_20260928_fts_plan-1156-p1;src_20260928_fts_plan-1156-p2;src_20260928_fts_plan-1273-p1;src_20260928_fts_plan-1273-p2;src_20260928_fts_plan-1510-p1;src_20260928_fts_plan-1510-p2;src_20260928_fts_locations
LTU,2025-06-01,2026-05-31,58685,1186;1156;1273;1510,2026-09-28T06:57:17Z,src_20260928_fts_plan-1186-p1;src_20260928_fts_plan-1156-p1;src_20260928_fts_plan-1156-p2;src_20260928_fts_plan-1273-p1;src_20260928_fts_plan-1273-p2;src_20260928_fts_plan-1510-p1;src_20260928_fts_plan-1510-p2;src_20260928_fts_locations
LTU,2025-07-01,2026-06-30,58685,1186;1156;1273;1510,2026-09-28T06:57:17Z,src_20260928_fts_plan-1186-p1;src_20260928_fts_plan-1156-p1;src_20260928_fts_plan-1156-p2;src_20260928_fts_plan-1273-p1;src_20260928_fts_plan-1273-p2;src_20260928_fts_plan-1510-p1;src_20260928_fts_plan-1510-p2;src_20260928_fts_locations
LTU,2025-08-01,2026-07-31,117233,1186;1156;1273;1510,2026-09-28T06:57:17Z,src_20260928_fts_plan-1186-p1;src_20260928_fts_plan-1156-p1;src_20260928_fts_plan-1156-p2;src_20260928_fts_plan-1273-p1;src_20260928_fts_plan-1273-p2;src_20260928_fts_plan-1510-p1;src_20260928_fts_plan-1510-p2;src_20260928_fts_locations
LTU,2025-09-01,2026-08-31,117233,1186;1156;1273;1510,2026-09-28T06:57:17Z,src_20260928_fts_plan-1186-p1;src_20260928_fts_plan-1156-p1;src_20260928_fts_plan-1156-p2;src_20260928_fts_plan-1273-p1;src_20260928_fts_plan-1273-p2;src_20260928_fts_plan-1510-p1;src_20260928_fts_plan-1510-p2;src_20260928_fts_locations
LUX,2022-10-01,2023-09-30,1948060,1186;1156;1273;1510,2026-09-28T06:57:17Z,src_20260928_fts_plan-1186-p1;src_20260928_fts_plan-1156-p1;src_20260928_fts_plan-1156-p2;src_20260928_fts_plan-1273-p1;src_20260928_fts_plan-1273-p2;src_20260928_fts_plan-1510-p1;src_20260928_fts_plan-1510-p2;src_20260928_fts_locations
LUX,2022-11-01,2023-10-31,3223299,1186;1156;1273;1510,2026-09-28T06:57:17Z,src_20260928_fts_plan-1186-p1;src_20260928_fts_plan-1156-p1;src_20260928_fts_plan-1156-p2;src_20260928_fts_plan-1273-p1;src_20260928_fts_plan-1273-p2;src_20260928_fts_plan-1510-p1;src_20260928_fts_plan-1510-p2;src_20260928_fts_locations
LUX,2022-12-01,2023-11-30,4672097,1186;1156;1273;1510,2026-09-28T06:57:17Z,src_20260928_fts_plan-1186-p1;src_20260928_fts_plan-1156-p1;src_20260928_fts_plan-1156-p2;src_20260928_fts_plan-1273-p1;src_20260928_fts_plan-1273-p2;src_20260928_fts_plan-1510-p1;src_20260928_fts_plan-1510-p2;src_20260928_fts_locations
LUX,2023-01-01,2023-12-31,5494465,1186;1156;1273;1510,2026-09-28T06:57:17Z,src_20260928_fts_plan-1186-p1;src_20260928_fts_plan-1156-p1;src_20260928_fts_plan-1156-p2;src_20260928_fts_plan-1273-p1;src_20260928_fts_plan-1273-p2;src_20260928_fts_plan-1510-p1;src_20260928_fts_plan-1510-p2;src_20260928_fts_locations
LUX,2023-02-01,2024-01-31,9565135,1186;1156;1273;1510,2026-09-28T06:57:17Z,src_20260928_fts_plan-1186-p1;src_20260928_fts_plan-1156-p1;src_20260928_fts_plan-1156-p2;src_20260928_fts_plan-1273-p1;src_20260928_fts_plan-1273-p2;src_20260928_fts_plan-1510-p1;src_20260928_fts_plan-1510-p2;src_20260928_fts_locations
LUX,2023-03-01,2024-02-29,9565135,1186;1156;1273;1510,2026-09-28T06:57:17Z,src_20260928_fts_plan-1186-p1;src_20260928_fts_plan-1156-p1;src_20260928_fts_plan-1156-p2;src_20260928_fts_plan-1273-p1;src_20260928_fts_plan-1273-p2;src_20260928_fts_plan-1510-p1;src_20260928_fts_plan-1510-p2;src_20260928_fts_locations
LUX,2023-04-01,2024-03-31,9838658,1186;1156;1273;1510,2026-09-28T06:57:17Z,src_20260928_fts_plan-1186-p1;src_20260928_fts_plan-1156-p1;src_20260928_fts_plan-1156-p2;src_20260928_fts_plan-1273-p1;src_20260928_fts_plan-1273-p2;src_20260928_fts_plan-1510-p1;src_20260928_fts_plan-1510-p2;src_20260928_fts_locations
LUX,2023-05-01,2024-04-30,10053250,1186;1156;1273;1510,2026-09-28T06:57:17Z,src_20260928_fts_plan-1186-p1;src_20260928_fts_plan-1156-p1;src_20260928_fts_plan-1156-p2;src_20260928_fts_plan-1273-p1;src_20260928_fts_plan-1273-p2;src_20260928_fts_plan-1510-p1;src_20260928_fts_plan-1510-p2;src_20260928_fts_locations
LUX,2023-06-01,2024-05-31,10053250,1186;1156;1273;1510,2026-09-28T06:57:17Z,src_20260928_fts_plan-1186-p1;src_20260928_fts_plan-1156-p1;src_20260928_fts_plan-1156-p2;src_20260928_fts_plan-1273-p1;src_20260928_fts_plan-1273-p2;src_20260928_fts_plan-1510-p1;src_20260928_fts_plan-1510-p2;src_20260928_fts_locations
LUX,2023-07-01,2024-06-30,10275352,1186;1156;1273;1510,2026-09-28T06:57:17Z,src_20260928_fts_plan-1186-p1;src_20260928_fts_plan-1156-p1;src_20260928_fts_plan-1156-p2;src_20260928_fts_plan-1273-p1;src_20260928_fts_plan-1273-p2;src_20260928_fts_plan-1510-p1;src_20260928_fts_plan-1510-p2;src_20260928_fts_locations
LUX,2023-08-01,2024-07-31,9951146,1186;1156;1273;1510,2026-09-28T06:57:17Z,src_20260928_fts_plan-1186-p1;src_20260928_fts_plan-1156-p1;src_20260928_fts_plan-1156-p2;src_20260928_fts_plan-1273-p1;src_20260928_fts_plan-1273-p2;src_20260928_fts_plan-1510-p1;src_20260928_fts_plan-1510-p2;src_20260928_fts_locations
LUX,2023-09-01,2024-08-31,8849824,1186;1156;1273;1510,2026-09-28T06:57:17Z,src_20260928_fts_plan-1186-p1;src_20260928_fts_plan-1156-p1;src_20260928_fts_plan-1156-p2;src_20260928_fts_plan-1273-p1;src_20260928_fts_plan-1273-p2;src_20260928_fts_plan-1510-p1;src_20260928_fts_plan-1510-p2;src_20260928_fts_locations
LUX,2023-10-01,2024-09-30,8603237,1186;1156;1273;1510,2026-09-28T06:57:17Z,src_20260928_fts_plan-1186-p1;src_20260928_fts_plan-1156-p1;src_20260928_fts_plan-1156-p2;src_20260928_fts_plan-1273-p1;src_20260928_fts_plan-1273-p2;src_20260928_fts_plan-1510-p1;src_20260928_fts_plan-1510-p2;src_20260928_fts_locations
LUX,2023-11-01,2024-10-31,7327998,1186;1156;1273;1510,2026-09-28T06:57:17Z,src_20260928_fts_plan-1186-p1;src_20260928_fts_plan-1156-p1;src_20260928_fts_plan-1156-p2;src_20260928_fts_plan-1273-p1;src_20260928_fts_plan-1273-p2;src_20260928_fts_plan-1510-p1;src_20260928_fts_plan-1510-p2;src_20260928_fts_locations
LUX,2023-12-01,2024-11-30,6275856,1186;1156;1273;1510,2026-09-28T06:57:17Z,src_20260928_fts_plan-1186-p1;src_20260928_fts_plan-1156-p1;src_20260928_fts_plan-1156-p2;src_20260928_fts_plan-1273-p1;src_20260928_fts_plan-1273-p2;src_20260928_fts_plan-1510-p1;src_20260928_fts_plan-1510-p2;src_20260928_fts_locations
LUX,2024-01-01,2024-12-31,5453488,1186;1156;1273;1510,2026-09-28T06:57:17Z,src_20260928_fts_plan-1186-p1;src_20260928_fts_plan-1156-p1;src_20260928_fts_plan-1156-p2;src_20260928_fts_plan-1273-p1;src_20260928_fts_plan-1273-p2;src_20260928_fts_plan-1510-p1;src_20260928_fts_plan-1510-p2;src_20260928_fts_locations
LUX,2024-02-01,2025-01-31,1382818,1186;1156;1273;1510,2026-09-28T06:57:17Z,src_20260928_fts_plan-1186-p1;src_20260928_fts_plan-1156-p1;src_20260928_fts_plan-1156-p2;src_20260928_fts_plan-1273-p1;src_20260928_fts_plan-1273-p2;src_20260928_fts_plan-1510-p1;src_20260928_fts_plan-1510-p2;src_20260928_fts_locations
LUX,2024-03-01,2025-02-28,1744762,1186;1156;1273;1510,2026-09-28T06:57:17Z,src_20260928_fts_plan-1186-p1;src_20260928_fts_plan-1156-p1;src_20260928_fts_plan-1156-p2;src_20260928_fts_plan-1273-p1;src_20260928_fts_plan-1273-p2;src_20260928_fts_plan-1510-p1;src_20260928_fts_plan-1510-p2;src_20260928_fts_locations
LUX,2024-04-01,2025-03-31,1471239,1186;1156;1273;1510,2026-09-28T06:57:17Z,src_20260928_fts_plan-1186-p1;src_20260928_fts_plan-1156-p1;src_20260928_fts_plan-1156-p2;src_20260928_fts_plan-1273-p1;src_20260928_fts_plan-1273-p2;src_20260928_fts_plan-1510-p1;src_20260928_fts_plan-1510-p2;src_20260928_fts_locations
LUX,2024-05-01,2025-04-30,1690486,1186;1156;1273;1510,2026-09-28T06:57:17Z,src_20260928_fts_plan-1186-p1;src_20260928_fts_plan-1156-p1;src_20260928_fts_plan-1156-p2;src_20260928_fts_plan-1273-p1;src_20260928_fts_plan-1273-p2;src_20260928_fts_plan-1510-p1;src_20260928_fts_plan-1510-p2;src_20260928_fts_locations
LUX,2024-06-01,2025-05-31,1690486,1186;1156;1273;1510,2026-09-28T06:57:17Z,src_20260928_fts_plan-1186-p1;src_20260928_fts_plan-1156-p1;src_20260928_fts_plan-1156-p2;src_20260928_fts_plan-1273-p1;src_20260928_fts_plan-1273-p2;src_20260928_fts_plan-1510-p1;src_20260928_fts_plan-1510-p2;src_20260928_fts_locations
LUX,2024-07-01,2025-06-30,1468384,1186;1156;1273;1510,2026-09-28T06:57:17Z,src_20260928_fts_plan-1186-p1;src_20260928_fts_plan-1156-p1;src_20260928_fts_plan-1156-p2;src_20260928_fts_plan-1273-p1;src_20260928_fts_plan-1273-p2;src_20260928_fts_plan-1510-p1;src_20260928_fts_plan-1510-p2;src_20260928_fts_locations
LUX,2024-08-01,2025-07-31,2036566,1186;1156;1273;1510,2026-09-28T06:57:17Z,src_20260928_fts_plan-1186-p1;src_20260928_fts_plan-1156-p1;src_20260928_fts_plan-1156-p2;src_20260928_fts_plan-1273-p1;src_20260928_fts_plan-1273-p2;src_20260928_fts_plan-1510-p1;src_20260928_fts_plan-1510-p2;src_20260928_fts_locations
LUX,2024-09-01,2025-08-31,2036566,1186;1156;1273;1510,2026-09-28T06:57:17Z,src_20260928_fts_plan-1186-p1;src_20260928_fts_plan-1156-p1;src_20260928_fts_plan-1156-p2;src_20260928_fts_plan-1273-p1;src_20260928_fts_plan-1273-p2;src_20260928_fts_plan-1510-p1;src_20260928_fts_plan-1510-p2;src_20260928_fts_locations
LUX,2024-10-01,2025-09-30,1797804,1186;1156;1273;1510,2026-09-28T06:57:17Z,src_20260928_fts_plan-1186-p1;src_20260928_fts_plan-1156-p1;src_20260928_fts_plan-1156-p2;src_20260928_fts_plan-1273-p1;src_20260928_fts_plan-1273-p2;src_20260928_fts_plan-1510-p1;src_20260928_fts_plan-1510-p2;src_20260928_fts_locations
LUX,2024-11-01,2025-10-31,1797804,1186;1156;1273;1510,2026-09-28T06:57:17Z,src_20260928_fts_plan-1186-p1;src_20260928_fts_plan-1156-p1;src_20260928_fts_plan-1156-p2;src_20260928_fts_plan-1273-p1;src_20260928_fts_plan-1273-p2;src_20260928_fts_plan-1510-p1;src_20260928_fts_plan-1510-p2;src_20260928_fts_locations
LUX,2024-12-01,2025-11-30,1363965,1186;1156;1273;1510,2026-09-28T06:57:17Z,src_20260928_fts_plan-1186-p1;src_20260928_fts_plan-1156-p1;src_20260928_fts_plan-1156-p2;src_20260928_fts_plan-1273-p1;src_20260928_fts_plan-1273-p2;src_20260928_fts_plan-1510-p1;src_20260928_fts_plan-1510-p2;src_20260928_fts_locations
LUX,2025-01-01,2025-12-31,2522714,1186;1156;1273;1510,2026-09-28T06:57:17Z,src_20260928_fts_plan-1186-p1;src_20260928_fts_plan-1156-p1;src_20260928_fts_plan-1156-p2;src_20260928_fts_plan-1273-p1;src_20260928_fts_plan-1273-p2;src_20260928_fts_plan-1510-p1;src_20260928_fts_plan-1510-p2;src_20260928_fts_locations
LUX,2025-02-01,2026-01-31,5315823,1186;1156;1273;1510,2026-09-28T06:57:17Z,src_20260928_fts_plan-1186-p1;src_20260928_fts_plan-1156-p1;src_20260928_fts_plan-1156-p2;src_20260928_fts_plan-1273-p1;src_20260928_fts_plan-1273-p2;src_20260928_fts_plan-1510-p1;src_20260928_fts_plan-1510-p2;src_20260928_fts_locations
LUX,2025-03-01,2026-02-28,5035502,1186;1156;1273;1510,2026-09-28T06:57:17Z,src_20260928_fts_plan-1186-p1;src_20260928_fts_plan-1156-p1;src_20260928_fts_plan-1156-p2;src_20260928_fts_plan-1273-p1;src_20260928_fts_plan-1273-p2;src_20260928_fts_plan-1510-p1;src_20260928_fts_plan-1510-p2;src_20260928_fts_locations
LUX,2025-04-01,2026-03-31,5035502,1186;1156;1273;1510,2026-09-28T06:57:17Z,src_20260928_fts_plan-1186-p1;src_20260928_fts_plan-1156-p1;src_20260928_fts_plan-1156-p2;src_20260928_fts_plan-1273-p1;src_20260928_fts_plan-1273-p2;src_20260928_fts_plan-1510-p1;src_20260928_fts_plan-1510-p2;src_20260928_fts_locations
LUX,2025-05-01,2026-04-30,4945306,1186;1156;1273;1510,2026-09-28T06:57:17Z,src_20260928_fts_plan-1186-p1;src_20260928_fts_plan-1156-p1;src_20260928_fts_plan-1156-p2;src_20260928_fts_plan-1273-p1;src_20260928_fts_plan-1273-p2;src_20260928_fts_plan-1510-p1;src_20260928_fts_plan-1510-p2;src_20260928_fts_locations
LUX,2025-06-01,2026-05-31,4945306,1186;1156;1273;1510,2026-09-28T06:57:17Z,src_20260928_fts_plan-1186-p1;src_20260928_fts_plan-1156-p1;src_20260928_fts_plan-1156-p2;src_20260928_fts_plan-1273-p1;src_20260928_fts_plan-1273-p2;src_20260928_fts_plan-1510-p1;src_20260928_fts_plan-1510-p2;src_20260928_fts_locations
LUX,2025-07-01,2026-06-30,5617107,1186;1156;1273;1510,2026-09-28T06:57:17Z,src_20260928_fts_plan-1186-p1;src_20260928_fts_plan-1156-p1;src_20260928_fts_plan-1156-p2;src_20260928_fts_plan-1273-p1;src_20260928_fts_plan-1273-p2;src_20260928_fts_plan-1510-p1;src_20260928_fts_plan-1510-p2;src_20260928_fts_locations
LUX,2025-08-01,2026-07-31,5048925,1186;1156;1273;1510,2026-09-28T06:57:17Z,src_20260928_fts_plan-1186-p1;src_20260928_fts_plan-1156-p1;src_20260928_fts_plan-1156-p2;src_20260928_fts_plan-1273-p1;src_20260928_fts_plan-1273-p2;src_20260928_fts_plan-1510-p1;src_20260928_fts_plan-1510-p2;src_20260928_fts_locations
LUX,2025-09-01,2026-08-31,5634405,1186;1156;1273;1510,2026-09-28T06:57:17Z,src_20260928_fts_plan-1186-p1;src_20260928_fts_plan-1156-p1;src_20260928_fts_plan-1156-p2;src_20260928_fts_plan-1273-p1;src_20260928_fts_plan-1273-p2;src_20260928_fts_plan-1510-p1;src_20260928_fts_plan-1510-p2;src_20260928_fts_locations
LVA,2022-10-01,2023-09-30,0,1186;1156;1273;1510,2026-09-28T06:57:17Z,src_20260928_fts_plan-1186-p1;src_20260928_fts_plan-1156-p1;src_20260928_fts_plan-1156-p2;src_20260928_fts_plan-1273-p1;src_20260928_fts_plan-1273-p2;src_20260928_fts_plan-1510-p1;src_20260928_fts_plan-1510-p2;src_20260928_fts_locations
LVA,2022-11-01,2023-10-31,0,1186;1156;1273;1510,2026-09-28T06:57:17Z,src_20260928_fts_plan-1186-p1;src_20260928_fts_plan-1156-p1;src_20260928_fts_plan-1156-p2;src_20260928_fts_plan-1273-p1;src_20260928_fts_plan-1273-p2;src_20260928_fts_plan-1510-p1;src_20260928_fts_plan-1510-p2;src_20260928_fts_locations
LVA,2022-12-01,2023-11-30,0,1186;1156;1273;1510,2026-09-28T06:57:17Z,src_20260928_fts_plan-1186-p1;src_20260928_fts_plan-1156-p1;src_20260928_fts_plan-1156-p2;src_20260928_fts_plan-1273-p1;src_20260928_fts_plan-1273-p2;src_20260928_fts_plan-1510-p1;src_20260928_fts_plan-1510-p2;src_20260928_fts_locations
LVA,2023-01-01,2023-12-31,107739,1186;1156;1273;1510,2026-09-28T06:57:17Z,src_20260928_fts_plan-1186-p1;src_20260928_fts_plan-1156-p1;src_20260928_fts_plan-1156-p2;src_20260928_fts_plan-1273-p1;src_20260928_fts_plan-1273-p2;src_20260928_fts_plan-1510-p1;src_20260928_fts_plan-1510-p2;src_20260928_fts_locations
LVA,2023-02-01,2024-01-31,107739,1186;1156;1273;1510,2026-09-28T06:57:17Z,src_20260928_fts_plan-1186-p1;src_20260928_fts_plan-1156-p1;src_20260928_fts_plan-1156-p2;src_20260928_fts_plan-1273-p1;src_20260928_fts_plan-1273-p2;src_20260928_fts_plan-1510-p1;src_20260928_fts_plan-1510-p2;src_20260928_fts_locations
LVA,2023-03-01,2024-02-29,107739,1186;1156;1273;1510,2026-09-28T06:57:17Z,src_20260928_fts_plan-1186-p1;src_20260928_fts_plan-1156-p1;src_20260928_fts_plan-1156-p2;src_20260928_fts_plan-1273-p1;src_20260928_fts_plan-1273-p2;src_20260928_fts_plan-1510-p1;src_20260928_fts_plan-1510-p2;src_20260928_fts_locations
LVA,2023-04-01,2024-03-31,107739,1186;1156;1273;1510,2026-09-28T06:57:17Z,src_20260928_fts_plan-1186-p1;src_20260928_fts_plan-1156-p1;src_20260928_fts_plan-1156-p2;src_20260928_fts_plan-1273-p1;src_20260928_fts_plan-1273-p2;src_20260928_fts_plan-1510-p1;src_20260928_fts_plan-1510-p2;src_20260928_fts_locations
LVA,2023-05-01,2024-04-30,107739,1186;1156;1273;1510,2026-09-28T06:57:17Z,src_20260928_fts_plan-1186-p1;src_20260928_fts_plan-1156-p1;src_20260928_fts_plan-1156-p2;src_20260928_fts_plan-1273-p1;src_20260928_fts_plan-1273-p2;src_20260928_fts_plan-1510-p1;src_20260928_fts_plan-1510-p2;src_20260928_fts_locations
LVA,2023-06-01,2024-05-31,107739,1186;1156;1273;1510,2026-09-28T06:57:17Z,src_20260928_fts_plan-1186-p1;src_20260928_fts_plan-1156-p1;src_20260928_fts_plan-1156-p2;src_20260928_fts_plan-1273-p1;src_20260928_fts_plan-1273-p2;src_20260928_fts_plan-1510-p1;src_20260928_fts_plan-1510-p2;src_20260928_fts_locations
LVA,2023-07-01,2024-06-30,107739,1186;1156;1273;1510,2026-09-28T06:57:17Z,src_20260928_fts_plan-1186-p1;src_20260928_fts_plan-1156-p1;src_20260928_fts_plan-1156-p2;src_20260928_fts_plan-1273-p1;src_20260928_fts_plan-1273-p2;src_20260928_fts_plan-1510-p1;src_20260928_fts_plan-1510-p2;src_20260928_fts_locations
LVA,2023-08-01,2024-07-31,107739,1186;1156;1273;1510,2026-09-28T06:57:17Z,src_20260928_fts_plan-1186-p1;src_20260928_fts_plan-1156-p1;src_20260928_fts_plan-1156-p2;src_20260928_fts_plan-1273-p1;src_20260928_fts_plan-1273-p2;src_20260928_fts_plan-1510-p1;src_20260928_fts_plan-1510-p2;src_20260928_fts_locations
LVA,2023-09-01,2024-08-31,107739,1186;1156;1273;1510,2026-09-28T06:57:17Z,src_20260928_fts_plan-1186-p1;src_20260928_fts_plan-1156-p1;src_20260928_fts_plan-1156-p2;src_20260928_fts_plan-1273-p1;src_20260928_fts_plan-1273-p2;src_20260928_fts_plan-1510-p1;src_20260928_fts_plan-1510-p2;src_20260928_fts_locations
LVA,2023-10-01,2024-09-30,107739,1186;1156;1273;1510,2026-09-28T06:57:17Z,src_20260928_fts_plan-1186-p1;src_20260928_fts_plan-1156-p1;src_20260928_fts_plan-1156-p2;src_20260928_fts_plan-1273-p1;src_20260928_fts_plan-1273-p2;src_20260928_fts_plan-1510-p1;src_20260928_fts_plan-1510-p2;src_20260928_fts_locations
LVA,2023-11-01,2024-10-31,107739,1186;1156;1273;1510,2026-09-28T06:57:17Z,src_20260928_fts_plan-1186-p1;src_20260928_fts_plan-1156-p1;src_20260928_fts_plan-1156-p2;src_20260928_fts_plan-1273-p1;src_20260928_fts_plan-1273-p2;src_20260928_fts_plan-1510-p1;src_20260928_fts_plan-1510-p2;src_20260928_fts_locations
LVA,2023-12-01,2024-11-30,107739,1186;1156;1273;1510,2026-09-28T06:57:17Z,src_20260928_fts_plan-1186-p1;src_20260928_fts_plan-1156-p1;src_20260928_fts_plan-1156-p2;src_20260928_fts_plan-1273-p1;src_20260928_fts_plan-1273-p2;src_20260928_fts_plan-1510-p1;src_20260928_fts_plan-1510-p2;src_20260928_fts_locations
LVA,2024-01-01,2024-12-31,0,1186;1156;1273;1510,2026-09-28T06:57:17Z,src_20260928_fts_plan-1186-p1;src_20260928_fts_plan-1156-p1;src_20260928_fts_plan-1156-p2;src_20260928_fts_plan-1273-p1;src_20260928_fts_plan-1273-p2;src_20260928_fts_plan-1510-p1;src_20260928_fts_plan-1510-p2;src_20260928_fts_locations
LVA,2024-02-01,2025-01-31,0,1186;1156;1273;1510,2026-09-28T06:57:17Z,src_20260928_fts_plan-1186-p1;src_20260928_fts_plan-1156-p1;src_20260928_fts_plan-1156-p2;src_20260928_fts_plan-1273-p1;src_20260928_fts_plan-1273-p2;src_20260928_fts_plan-1510-p1;src_20260928_fts_plan-1510-p2;src_20260928_fts_locations
LVA,2024-03-01,2025-02-28,0,1186;1156;1273;1510,2026-09-28T06:57:17Z,src_20260928_fts_plan-1186-p1;src_20260928_fts_plan-1156-p1;src_20260928_fts_plan-1156-p2;src_20260928_fts_plan-1273-p1;src_20260928_fts_plan-1273-p2;src_20260928_fts_plan-1510-p1;src_20260928_fts_plan-1510-p2;src_20260928_fts_locations
LVA,2024-04-01,2025-03-31,0,1186;1156;1273;1510,2026-09-28T06:57:17Z,src_20260928_fts_plan-1186-p1;src_20260928_fts_plan-1156-p1;src_20260928_fts_plan-1156-p2;src_20260928_fts_plan-1273-p1;src_20260928_fts_plan-1273-p2;src_20260928_fts_plan-1510-p1;src_20260928_fts_plan-1510-p2;src_20260928_fts_locations
LVA,2024-05-01,2025-04-30,21097,1186;1156;1273;1510,2026-09-28T06:57:17Z,src_20260928_fts_plan-1186-p1;src_20260928_fts_plan-1156-p1;src_20260928_fts_plan-1156-p2;src_20260928_fts_plan-1273-p1;src_20260928_fts_plan-1273-p2;src_20260928_fts_plan-1510-p1;src_20260928_fts_plan-1510-p2;src_20260928_fts_locations
LVA,2024-06-01,2025-05-31,21097,1186;1156;1273;1510,2026-09-28T06:57:17Z,src_20260928_fts_plan-1186-p1;src_20260928_fts_plan-1156-p1;src_20260928_fts_plan-1156-p2;src_20260928_fts_plan-1273-p1;src_20260928_fts_plan-1273-p2;src_20260928_fts_plan-1510-p1;src_20260928_fts_plan-1510-p2;src_20260928_fts_locations
LVA,2024-07-01,2025-06-30,21097,1186;1156;1273;1510,2026-09-28T06:57:17Z,src_20260928_fts_plan-1186-p1;src_20260928_fts_plan-1156-p1;src_20260928_fts_plan-1156-p2;src_20260928_fts_plan-1273-p1;src_20260928_fts_plan-1273-p2;src_20260928_fts_plan-1510-p1;src_20260928_fts_plan-1510-p2;src_20260928_fts_locations
LVA,2024-08-01,2025-07-31,21097,1186;1156;1273;1510,2026-09-28T06:57:17Z,src_20260928_fts_plan-1186-p1;src_20260928_fts_plan-1156-p1;src_20260928_fts_plan-1156-p2;src_20260928_fts_plan-1273-p1;src_20260928_fts_plan-1273-p2;src_20260928_fts_plan-1510-p1;src_20260928_fts_plan-1510-p2;src_20260928_fts_locations
LVA,2024-09-01,2025-08-31,21097,1186;1156;1273;1510,2026-09-28T06:57:17Z,src_20260928_fts_plan-1186-p1;src_20260928_fts_plan-1156-p1;src_20260928_fts_plan-1156-p2;src_20260928_fts_plan-1273-p1;src_20260928_fts_plan-1273-p2;src_20260928_fts_plan-1510-p1;src_20260928_fts_plan-1510-p2;src_20260928_fts_locations
LVA,2024-10-01,2025-09-30,21097,1186;1156;1273;1510,2026-09-28T06:57:17Z,src_20260928_fts_plan-1186-p1;src_20260928_fts_plan-1156-p1;src_20260928_fts_plan-1156-p2;src_20260928_fts_plan-1273-p1;src_20260928_fts_plan-1273-p2;src_20260928_fts_plan-1510-p1;src_20260928_fts_plan-1510-p2;src_20260928_fts_locations
LVA,2024-11-01,2025-10-31,21097,1186;1156;1273;1510,2026-09-28T06:57:17Z,src_20260928_fts_plan-1186-p1;src_20260928_fts_plan-1156-p1;src_20260928_fts_plan-1156-p2;src_20260928_fts_plan-1273-p1;src_20260928_fts_plan-1273-p2;src_20260928_fts_plan-1510-p1;src_20260928_fts_plan-1510-p2;src_20260928_fts_locations
LVA,2024-12-01,2025-11-30,21097,1186;1156;1273;1510,2026-09-28T06:57:17Z,src_20260928_fts_plan-1186-p1;src_20260928_fts_plan-1156-p1;src_20260928_fts_plan-1156-p2;src_20260928_fts_plan-1273-p1;src_20260928_fts_plan-1273-p2;src_20260928_fts_plan-1510-p1;src_20260928_fts_plan-1510-p2;src_20260928_fts_locations
LVA,2025-01-01,2025-12-31,21097,1186;1156;1273;1510,2026-09-28T06:57:17Z,src_20260928_fts_plan-1186-p1;src_20260928_fts_plan-1156-p1;src_20260928_fts_plan-1156-p2;src_20260928_fts_plan-1273-p1;src_20260928_fts_plan-1273-p2;src_20260928_fts_plan-1510-p1;src_20260928_fts_plan-1510-p2;src_20260928_fts_locations
LVA,2025-02-01,2026-01-31,21097,1186;1156;1273;1510,2026-09-28T06:57:17Z,src_20260928_fts_plan-1186-p1;src_20260928_fts_plan-1156-p1;src_20260928_fts_plan-1156-p2;src_20260928_fts_plan-1273-p1;src_20260928_fts_plan-1273-p2;src_20260928_fts_plan-1510-p1;src_20260928_fts_plan-1510-p2;src_20260928_fts_locations
LVA,2025-03-01,2026-02-28,21097,1186;1156;1273;1510,2026-09-28T06:57:17Z,src_20260928_fts_plan-1186-p1;src_20260928_fts_plan-1156-p1;src_20260928_fts_plan-1156-p2;src_20260928_fts_plan-1273-p1;src_20260928_fts_plan-1273-p2;src_20260928_fts_plan-1510-p1;src_20260928_fts_plan-1510-p2;src_20260928_fts_locations
LVA,2025-04-01,2026-03-31,21097,1186;1156;1273;1510,2026-09-28T06:57:17Z,src_20260928_fts_plan-1186-p1;src_20260928_fts_plan-1156-p1;src_20260928_fts_plan-1156-p2;src_20260928_fts_plan-1273-p1;src_20260928_fts_plan-1273-p2;src_20260928_fts_plan-1510-p1;src_20260928_fts_plan-1510-p2;src_20260928_fts_locations
LVA,2025-05-01,2026-04-30,0,1186;1156;1273;1510,2026-09-28T06:57:17Z,src_20260928_fts_plan-1186-p1;src_20260928_fts_plan-1156-p1;src_20260928_fts_plan-1156-p2;src_20260928_fts_plan-1273-p1;src_20260928_fts_plan-1273-p2;src_20260928_fts_plan-1510-p1;src_20260928_fts_plan-1510-p2;src_20260928_fts_locations
LVA,2025-06-01,2026-05-31,0,1186;1156;1273;1510,2026-09-28T06:57:17Z,src_20260928_fts_plan-1186-p1;src_20260928_fts_plan-1156-p1;src_20260928_fts_plan-1156-p2;src_20260928_fts_plan-1273-p1;src_20260928_fts_plan-1273-p2;src_20260928_fts_plan-1510-p1;src_20260928_fts_plan-1510-p2;src_20260928_fts_locations
LVA,2025-07-01,2026-06-30,0,1186;1156;1273;1510,2026-09-28T06:57:17Z,src_20260928_fts_plan-1186-p1;src_20260928_fts_plan-1156-p1;src_20260928_fts_plan-1156-p2;src_20260928_fts_plan-1273-p1;src_20260928_fts_plan-1273-p2;src_20260928_fts_plan-1510-p1;src_20260928_fts_plan-1510-p2;src_20260928_fts_locations
LVA,2025-08-01,2026-07-31,0,1186;1156;1273;1510,2026-09-28T06:57:17Z,src_20260928_fts_plan-1186-p1;src_20260928_fts_plan-1156-p1;src_20260928_fts_plan-1156-p2;src_20260928_fts_plan-1273-p1;src_20260928_fts_plan-1273-p2;src_20260928_fts_plan-1510-p1;src_20260928_fts_plan-1510-p2;src_20260928_fts_locations
LVA,2025-09-01,2026-08-31,0,1186;1156;1273;1510,2026-09-28T06:57:17Z,src_20260928_fts_plan-1186-p1;src_20260928_fts_plan-1156-p1;src_20260928_fts_plan-1156-p2;src_20260928_fts_plan-1273-p1;src_20260928_fts_plan-1273-p2;src_20260928_fts_plan-1510-p1;src_20260928_fts_plan-1510-p2;src_20260928_fts_locations
MCO,2022-10-01,2023-09-30,0,1186;1156;1273;1510,2026-09-28T06:57:17Z,src_20260928_fts_plan-1186-p1;src_20260928_fts_plan-1156-p1;src_20260928_fts_plan-1156-p2;src_20260928_fts_plan-1273-p1;src_20260928_fts_plan-1273-p2;src_20260928_fts_plan-1510-p1;src_20260928_fts_plan-1510-p2;src_20260928_fts_locations
MCO,2022-11-01,2023-10-31,0,1186;1156;1273;1510,2026-09-28T06:57:17Z,src_20260928_fts_plan-1186-p1;src_20260928_fts_plan-1156-p1;src_20260928_fts_plan-1156-p2;src_20260928_fts_plan-1273-p1;src_20260928_fts_plan-1273-p2;src_20260928_fts_plan-1510-p1;src_20260928_fts_plan-1510-p2;src_20260928_fts_locations
MCO,2022-12-01,2023-11-30,0,1186;1156;1273;1510,2026-09-28T06:57:17Z,src_20260928_fts_plan-1186-p1;src_20260928_fts_plan-1156-p1;src_20260928_fts_plan-1156-p2;src_20260928_fts_plan-1273-p1;src_20260928_fts_plan-1273-p2;src_20260928_fts_plan-1510-p1;src_20260928_fts_plan-1510-p2;src_20260928_fts_locations
MCO,2023-01-01,2023-12-31,109649,1186;1156;1273;1510,2026-09-28T06:57:17Z,src_20260928_fts_plan-1186-p1;src_20260928_fts_plan-1156-p1;src_20260928_fts_plan-1156-p2;src_20260928_fts_plan-1273-p1;src_20260928_fts_plan-1273-p2;src_20260928_fts_plan-1510-p1;src_20260928_fts_plan-1510-p2;src_20260928_fts_locations
MCO,2023-02-01,2024-01-31,109649,1186;1156;1273;1510,2026-09-28T06:57:17Z,src_20260928_fts_plan-1186-p1;src_20260928_fts_plan-1156-p1;src_20260928_fts_plan-1156-p2;src_20260928_fts_plan-1273-p1;src_20260928_fts_plan-1273-p2;src_20260928_fts_plan-1510-p1;src_20260928_fts_plan-1510-p2;src_20260928_fts_locations
MCO,2023-03-01,2024-02-29,109649,1186;1156;1273;1510,2026-09-28T06:57:17Z,src_20260928_fts_plan-1186-p1;src_20260928_fts_plan-1156-p1;src_20260928_fts_plan-1156-p2;src_20260928_fts_plan-1273-p1;src_20260928_fts_plan-1273-p2;src_20260928_fts_plan-1510-p1;src_20260928_fts_plan-1510-p2;src_20260928_fts_locations
MCO,2023-04-01,2024-03-31,109649,1186;1156;1273;1510,2026-09-28T06:57:17Z,src_20260928_fts_plan-1186-p1;src_20260928_fts_plan-1156-p1;src_20260928_fts_plan-1156-p2;src_20260928_fts_plan-1273-p1;src_20260928_fts_plan-1273-p2;src_20260928_fts_plan-1510-p1;src_20260928_fts_plan-1510-p2;src_20260928_fts_locations
MCO,2023-05-01,2024-04-30,109649,1186;1156;1273;1510,2026-09-28T06:57:17Z,src_20260928_fts_plan-1186-p1;src_20260928_fts_plan-1156-p1;src_20260928_fts_plan-1156-p2;src_20260928_fts_plan-1273-p1;src_20260928_fts_plan-1273-p2;src_20260928_fts_plan-1510-p1;src_20260928_fts_plan-1510-p2;src_20260928_fts_locations
MCO,2023-06-01,2024-05-31,109649,1186;1156;1273;1510,2026-09-28T06:57:17Z,src_20260928_fts_plan-1186-p1;src_20260928_fts_plan-1156-p1;src_20260928_fts_plan-1156-p2;src_20260928_fts_plan-1273-p1;src_20260928_fts_plan-1273-p2;src_20260928_fts_plan-1510-p1;src_20260928_fts_plan-1510-p2;src_20260928_fts_locations
MCO,2023-07-01,2024-06-30,109649,1186;1156;1273;1510,2026-09-28T06:57:17Z,src_20260928_fts_plan-1186-p1;src_20260928_fts_plan-1156-p1;src_20260928_fts_plan-1156-p2;src_20260928_fts_plan-1273-p1;src_20260928_fts_plan-1273-p2;src_20260928_fts_plan-1510-p1;src_20260928_fts_plan-1510-p2;src_20260928_fts_locations
MCO,2023-08-01,2024-07-31,109649,1186;1156;1273;1510,2026-09-28T06:57:17Z,src_20260928_fts_plan-1186-p1;src_20260928_fts_plan-1156-p1;src_20260928_fts_plan-1156-p2;src_20260928_fts_plan-1273-p1;src_20260928_fts_plan-1273-p2;src_20260928_fts_plan-1510-p1;src_20260928_fts_plan-1510-p2;src_20260928_fts_locations
MCO,2023-09-01,2024-08-31,109649,1186;1156;1273;1510,2026-09-28T06:57:17Z,src_20260928_fts_plan-1186-p1;src_20260928_fts_plan-1156-p1;src_20260928_fts_plan-1156-p2;src_20260928_fts_plan-1273-p1;src_20260928_fts_plan-1273-p2;src_20260928_fts_plan-1510-p1;src_20260928_fts_plan-1510-p2;src_20260928_fts_locations
MCO,2023-10-01,2024-09-30,109649,1186;1156;1273;1510,2026-09-28T06:57:17Z,src_20260928_fts_plan-1186-p1;src_20260928_fts_plan-1156-p1;src_20260928_fts_plan-1156-p2;src_20260928_fts_plan-1273-p1;src_20260928_fts_plan-1273-p2;src_20260928_fts_plan-1510-p1;src_20260928_fts_plan-1510-p2;src_20260928_fts_locations
MCO,2023-11-01,2024-10-31,109649,1186;1156;1273;1510,2026-09-28T06:57:17Z,src_20260928_fts_plan-1186-p1;src_20260928_fts_plan-1156-p1;src_20260928_fts_plan-1156-p2;src_20260928_fts_plan-1273-p1;src_20260928_fts_plan-1273-p2;src_20260928_fts_plan-1510-p1;src_20260928_fts_plan-1510-p2;src_20260928_fts_locations
MCO,2023-12-01,2024-11-30,109649,1186;1156;1273;1510,2026-09-28T06:57:17Z,src_20260928_fts_plan-1186-p1;src_20260928_fts_plan-1156-p1;src_20260928_fts_plan-1156-p2;src_20260928_fts_plan-1273-p1;src_20260928_fts_plan-1273-p2;src_20260928_fts_plan-1510-p1;src_20260928_fts_plan-1510-p2;src_20260928_fts_locations
MCO,2024-01-01,2024-12-31,0,1186;1156;1273;1510,2026-09-28T06:57:17Z,src_20260928_fts_plan-1186-p1;src_20260928_fts_plan-1156-p1;src_20260928_fts_plan-1156-p2;src_20260928_fts_plan-1273-p1;src_20260928_fts_plan-1273-p2;src_20260928_fts_plan-1510-p1;src_20260928_fts_plan-1510-p2;src_20260928_fts_locations
MCO,2024-02-01,2025-01-31,0,1186;1156;1273;1510,2026-09-28T06:57:17Z,src_20260928_fts_plan-1186-p1;src_20260928_fts_plan-1156-p1;src_20260928_fts_plan-1156-p2;src_20260928_fts_plan-1273-p1;src_20260928_fts_plan-1273-p2;src_20260928_fts_plan-1510-p1;src_20260928_fts_plan-1510-p2;src_20260928_fts_locations
MCO,2024-03-01,2025-02-28,0,1186;1156;1273;1510,2026-09-28T06:57:17Z,src_20260928_fts_plan-1186-p1;src_20260928_fts_plan-1156-p1;src_20260928_fts_plan-1156-p2;src_20260928_fts_plan-1273-p1;src_20260928_fts_plan-1273-p2;src_20260928_fts_plan-1510-p1;src_20260928_fts_plan-1510-p2;src_20260928_fts_locations
MCO,2024-04-01,2025-03-31,0,1186;1156;1273;1510,2026-09-28T06:57:17Z,src_20260928_fts_plan-1186-p1;src_20260928_fts_plan-1156-p1;src_20260928_fts_plan-1156-p2;src_20260928_fts_plan-1273-p1;src_20260928_fts_plan-1273-p2;src_20260928_fts_plan-1510-p1;src_20260928_fts_plan-1510-p2;src_20260928_fts_locations
MCO,2024-05-01,2025-04-30,0,1186;1156;1273;1510,2026-09-28T06:57:17Z,src_20260928_fts_plan-1186-p1;src_20260928_fts_plan-1156-p1;src_20260928_fts_plan-1156-p2;src_20260928_fts_plan-1273-p1;src_20260928_fts_plan-1273-p2;src_20260928_fts_plan-1510-p1;src_20260928_fts_plan-1510-p2;src_20260928_fts_locations
MCO,2024-06-01,2025-05-31,0,1186;1156;1273;1510,2026-09-28T06:57:17Z,src_20260928_fts_plan-1186-p1;src_20260928_fts_plan-1156-p1;src_20260928_fts_plan-1156-p2;src_20260928_fts_plan-1273-p1;src_20260928_fts_plan-1273-p2;src_20260928_fts_plan-1510-p1;src_20260928_fts_plan-1510-p2;src_20260928_fts_locations
MCO,2024-07-01,2025-06-30,0,1186;1156;1273;1510,2026-09-28T06:57:17Z,src_20260928_fts_plan-1186-p1;src_20260928_fts_plan-1156-p1;src_20260928_fts_plan-1156-p2;src_20260928_fts_plan-1273-p1;src_20260928_fts_plan-1273-p2;src_20260928_fts_plan-1510-p1;src_20260928_fts_plan-1510-p2;src_20260928_fts_locations
MCO,2024-08-01,2025-07-31,0,1186;1156;1273;1510,2026-09-28T06:57:17Z,src_20260928_fts_plan-1186-p1;src_20260928_fts_plan-1156-p1;src_20260928_fts_plan-1156-p2;src_20260928_fts_plan-1273-p1;src_20260928_fts_plan-1273-p2;src_20260928_fts_plan-1510-p1;src_20260928_fts_plan-1510-p2;src_20260928_fts_locations
MCO,2024-09-01,2025-08-31,0,1186;1156;1273;1510,2026-09-28T06:57:17Z,src_20260928_fts_plan-1186-p1;src_20260928_fts_plan-1156-p1;src_20260928_fts_plan-1156-p2;src_20260928_fts_plan-1273-p1;src_20260928_fts_plan-1273-p2;src_20260928_fts_plan-1510-p1;src_20260928_fts_plan-1510-p2;src_20260928_fts_locations
MCO,2024-10-01,2025-09-30,0,1186;1156;1273;1510,2026-09-28T06:57:17Z,src_20260928_fts_plan-1186-p1;src_20260928_fts_plan-1156-p1;src_20260928_fts_plan-1156-p2;src_20260928_fts_plan-1273-p1;src_20260928_fts_plan-1273-p2;src_20260928_fts_plan-1510-p1;src_20260928_fts_plan-1510-p2;src_20260928_fts_locations
MCO,2024-11-01,2025-10-31,0,1186;1156;1273;1510,2026-09-28T06:57:17Z,src_20260928_fts_plan-1186-p1;src_20260928_fts_plan-1156-p1;src_20260928_fts_plan-1156-p2;src_20260928_fts_plan-1273-p1;src_20260928_fts_plan-1273-p2;src_20260928_fts_plan-1510-p1;src_20260928_fts_plan-1510-p2;src_20260928_fts_locations
MCO,2024-12-01,2025-11-30,0,1186;1156;1273;1510,2026-09-28T06:57:17Z,src_20260928_fts_plan-1186-p1;src_20260928_fts_plan-1156-p1;src_20260928_fts_plan-1156-p2;src_20260928_fts_plan-1273-p1;src_20260928_fts_plan-1273-p2;src_20260928_fts_plan-1510-p1;src_20260928_fts_plan-1510-p2;src_20260928_fts_locations
MCO,2025-01-01,2025-12-31,0,1186;1156;1273;1510,2026-09-28T06:57:17Z,src_20260928_fts_plan-1186-p1;src_20260928_fts_plan-1156-p1;src_20260928_fts_plan-1156-p2;src_20260928_fts_plan-1273-p1;src_20260928_fts_plan-1273-p2;src_20260928_fts_plan-1510-p1;src_20260928_fts_plan-1510-p2;src_20260928_fts_locations
MCO,2025-02-01,2026-01-31,0,1186;1156;1273;1510,2026-09-28T06:57:17Z,src_20260928_fts_plan-1186-p1;src_20260928_fts_plan-1156-p1;src_20260928_fts_plan-1156-p2;src_20260928_fts_plan-1273-p1;src_20260928_fts_plan-1273-p2;src_20260928_fts_plan-1510-p1;src_20260928_fts_plan-1510-p2;src_20260928_fts_locations
MCO,2025-03-01,2026-02-28,0,1186;1156;1273;1510,2026-09-28T06:57:17Z,src_20260928_fts_plan-1186-p1;src_20260928_fts_plan-1156-p1;src_20260928_fts_plan-1156-p2;src_20260928_fts_plan-1273-p1;src_20260928_fts_plan-1273-p2;src_20260928_fts_plan-1510-p1;src_20260928_fts_plan-1510-p2;src_20260928_fts_locations
MCO,2025-04-01,2026-03-31,0,1186;1156;1273;1510,2026-09-28T06:57:17Z,src_20260928_fts_plan-1186-p1;src_20260928_fts_plan-1156-p1;src_20260928_fts_plan-1156-p2;src_20260928_fts_plan-1273-p1;src_20260928_fts_plan-1273-p2;src_20260928_fts_plan-1510-p1;src_20260928_fts_plan-1510-p2;src_20260928_fts_locations
MCO,2025-05-01,2026-04-30,0,1186;1156;1273;1510,2026-09-28T06:57:17Z,src_20260928_fts_plan-1186-p1;src_20260928_fts_plan-1156-p1;src_20260928_fts_plan-1156-p2;src_20260928_fts_plan-1273-p1;src_20260928_fts_plan-1273-p2;src_20260928_fts_plan-1510-p1;src_20260928_fts_plan-1510-p2;src_20260928_fts_locations
MCO,2025-06-01,2026-05-31,0,1186;1156;1273;1510,2026-09-28T06:57:17Z,src_20260928_fts_plan-1186-p1;src_20260928_fts_plan-1156-p1;src_20260928_fts_plan-1156-p2;src_20260928_fts_plan-1273-p1;src_20260928_fts_plan-1273-p2;src_20260928_fts_plan-1510-p1;src_20260928_fts_plan-1510-p2;src_20260928_fts_locations
MCO,2025-07-01,2026-06-30,0,1186;1156;1273;1510,2026-09-28T06:57:17Z,src_20260928_fts_plan-1186-p1;src_20260928_fts_plan-1156-p1;src_20260928_fts_plan-1156-p2;src_20260928_fts_plan-1273-p1;src_20260928_fts_plan-1273-p2;src_20260928_fts_plan-1510-p1;src_20260928_fts_plan-1510-p2;src_20260928_fts_locations
MCO,2025-08-01,2026-07-31,91429,1186;1156;1273;1510,2026-09-28T06:57:17Z,src_20260928_fts_plan-1186-p1;src_20260928_fts_plan-1156-p1;src_20260928_fts_plan-1156-p2;src_20260928_fts_plan-1273-p1;src_20260928_fts_plan-1273-p2;src_20260928_fts_plan-1510-p1;src_20260928_fts_plan-1510-p2;src_20260928_fts_locations
MCO,2025-09-01,2026-08-31,91429,1186;1156;1273;1510,2026-09-28T06:57:17Z,src_20260928_fts_plan-1186-p1;src_20260928_fts_plan-1156-p1;src_20260928_fts_plan-1156-p2;src_20260928_fts_plan-1273-p1;src_20260928_fts_plan-1273-p2;src_20260928_fts_plan-1510-p1;src_20260928_fts_plan-1510-p2;src_20260928_fts_locations
MDV,2022-10-01,2023-09-30,0,1186;1156;1273;1510,2026-09-28T06:57:17Z,src_20260928_fts_plan-1186-p1;src_20260928_fts_plan-1156-p1;src_20260928_fts_plan-1156-p2;src_20260928_fts_plan-1273-p1;src_20260928_fts_plan-1273-p2;src_20260928_fts_plan-1510-p1;src_20260928_fts_plan-1510-p2;src_20260928_fts_locations
MDV,2022-11-01,2023-10-31,0,1186;1156;1273;1510,2026-09-28T06:57:17Z,src_20260928_fts_plan-1186-p1;src_20260928_fts_plan-1156-p1;src_20260928_fts_plan-1156-p2;src_20260928_fts_plan-1273-p1;src_20260928_fts_plan-1273-p2;src_20260928_fts_plan-1510-p1;src_20260928_fts_plan-1510-p2;src_20260928_fts_locations
MDV,2022-12-01,2023-11-30,0,1186;1156;1273;1510,2026-09-28T06:57:17Z,src_20260928_fts_plan-1186-p1;src_20260928_fts_plan-1156-p1;src_20260928_fts_plan-1156-p2;src_20260928_fts_plan-1273-p1;src_20260928_fts_plan-1273-p2;src_20260928_fts_plan-1510-p1;src_20260928_fts_plan-1510-p2;src_20260928_fts_locations
MDV,2023-01-01,2023-12-31,0,1186;1156;1273;1510,2026-09-28T06:57:17Z,src_20260928_fts_plan-1186-p1;src_20260928_fts_plan-1156-p1;src_20260928_fts_plan-1156-p2;src_20260928_fts_plan-1273-p1;src_20260928_fts_plan-1273-p2;src_20260928_fts_plan-1510-p1;src_20260928_fts_plan-1510-p2;src_20260928_fts_locations
MDV,2023-02-01,2024-01-31,0,1186;1156;1273;1510,2026-09-28T06:57:17Z,src_20260928_fts_plan-1186-p1;src_20260928_fts_plan-1156-p1;src_20260928_fts_plan-1156-p2;src_20260928_fts_plan-1273-p1;src_20260928_fts_plan-1273-p2;src_20260928_fts_plan-1510-p1;src_20260928_fts_plan-1510-p2;src_20260928_fts_locations
MDV,2023-03-01,2024-02-29,0,1186;1156;1273;1510,2026-09-28T06:57:17Z,src_20260928_fts_plan-1186-p1;src_20260928_fts_plan-1156-p1;src_20260928_fts_plan-1156-p2;src_20260928_fts_plan-1273-p1;src_20260928_fts_plan-1273-p2;src_20260928_fts_plan-1510-p1;src_20260928_fts_plan-1510-p2;src_20260928_fts_locations
MDV,2023-04-01,2024-03-31,0,1186;1156;1273;1510,2026-09-28T06:57:17Z,src_20260928_fts_plan-1186-p1;src_20260928_fts_plan-1156-p1;src_20260928_fts_plan-1156-p2;src_20260928_fts_plan-1273-p1;src_20260928_fts_plan-1273-p2;src_20260928_fts_plan-1510-p1;src_20260928_fts_plan-1510-p2;src_20260928_fts_locations
MDV,2023-05-01,2024-04-30,0,1186;1156;1273;1510,2026-09-28T06:57:17Z,src_20260928_fts_plan-1186-p1;src_20260928_fts_plan-1156-p1;src_20260928_fts_plan-1156-p2;src_20260928_fts_plan-1273-p1;src_20260928_fts_plan-1273-p2;src_20260928_fts_plan-1510-p1;src_20260928_fts_plan-1510-p2;src_20260928_fts_locations
MDV,2023-06-01,2024-05-31,0,1186;1156;1273;1510,2026-09-28T06:57:17Z,src_20260928_fts_plan-1186-p1;src_20260928_fts_plan-1156-p1;src_20260928_fts_plan-1156-p2;src_20260928_fts_plan-1273-p1;src_20260928_fts_plan-1273-p2;src_20260928_fts_plan-1510-p1;src_20260928_fts_plan-1510-p2;src_20260928_fts_locations
MDV,2023-07-01,2024-06-30,0,1186;1156;1273;1510,2026-09-28T06:57:17Z,src_20260928_fts_plan-1186-p1;src_20260928_fts_plan-1156-p1;src_20260928_fts_plan-1156-p2;src_20260928_fts_plan-1273-p1;src_20260928_fts_plan-1273-p2;src_20260928_fts_plan-1510-p1;src_20260928_fts_plan-1510-p2;src_20260928_fts_locations
MDV,2023-08-01,2024-07-31,0,1186;1156;1273;1510,2026-09-28T06:57:17Z,src_20260928_fts_plan-1186-p1;src_20260928_fts_plan-1156-p1;src_20260928_fts_plan-1156-p2;src_20260928_fts_plan-1273-p1;src_20260928_fts_plan-1273-p2;src_20260928_fts_plan-1510-p1;src_20260928_fts_plan-1510-p2;src_20260928_fts_locations
MDV,2023-09-01,2024-08-31,0,1186;1156;1273;1510,2026-09-28T06:57:17Z,src_20260928_fts_plan-1186-p1;src_20260928_fts_plan-1156-p1;src_20260928_fts_plan-1156-p2;src_20260928_fts_plan-1273-p1;src_20260928_fts_plan-1273-p2;src_20260928_fts_plan-1510-p1;src_20260928_fts_plan-1510-p2;src_20260928_fts_locations
MDV,2023-10-01,2024-09-30,0,1186;1156;1273;1510,2026-09-28T06:57:17Z,src_20260928_fts_plan-1186-p1;src_20260928_fts_plan-1156-p1;src_20260928_fts_plan-1156-p2;src_20260928_fts_plan-1273-p1;src_20260928_fts_plan-1273-p2;src_20260928_fts_plan-1510-p1;src_20260928_fts_plan-1510-p2;src_20260928_fts_locations
MDV,2023-11-01,2024-10-31,0,1186;1156;1273;1510,2026-09-28T06:57:17Z,src_20260928_fts_plan-1186-p1;src_20260928_fts_plan-1156-p1;src_20260928_fts_plan-1156-p2;src_20260928_fts_plan-1273-p1;src_20260928_fts_plan-1273-p2;src_20260928_fts_plan-1510-p1;src_20260928_fts_plan-1510-p2;src_20260928_fts_locations
MDV,2023-12-01,2024-11-30,0,1186;1156;1273;1510,2026-09-28T06:57:17Z,src_20260928_fts_plan-1186-p1;src_20260928_fts_plan-1156-p1;src_20260928_fts_plan-1156-p2;src_20260928_fts_plan-1273-p1;src_20260928_fts_plan-1273-p2;src_20260928_fts_plan-1510-p1;src_20260928_fts_plan-1510-p2;src_20260928_fts_locations
MDV,2024-01-01,2024-12-31,0,1186;1156;1273;1510,2026-09-28T06:57:17Z,src_20260928_fts_plan-1186-p1;src_20260928_fts_plan-1156-p1;src_20260928_fts_plan-1156-p2;src_20260928_fts_plan-1273-p1;src_20260928_fts_plan-1273-p2;src_20260928_fts_plan-1510-p1;src_20260928_fts_plan-1510-p2;src_20260928_fts_locations
MDV,2024-02-01,2025-01-31,0,1186;1156;1273;1510,2026-09-28T06:57:17Z,src_20260928_fts_plan-1186-p1;src_20260928_fts_plan-1156-p1;src_20260928_fts_plan-1156-p2;src_20260928_fts_plan-1273-p1;src_20260928_fts_plan-1273-p2;src_20260928_fts_plan-1510-p1;src_20260928_fts_plan-1510-p2;src_20260928_fts_locations
MDV,2024-03-01,2025-02-28,0,1186;1156;1273;1510,2026-09-28T06:57:17Z,src_20260928_fts_plan-1186-p1;src_20260928_fts_plan-1156-p1;src_20260928_fts_plan-1156-p2;src_20260928_fts_plan-1273-p1;src_20260928_fts_plan-1273-p2;src_20260928_fts_plan-1510-p1;src_20260928_fts_plan-1510-p2;src_20260928_fts_locations
MDV,2024-04-01,2025-03-31,0,1186;1156;1273;1510,2026-09-28T06:57:17Z,src_20260928_fts_plan-1186-p1;src_20260928_fts_plan-1156-p1;src_20260928_fts_plan-1156-p2;src_20260928_fts_plan-1273-p1;src_20260928_fts_plan-1273-p2;src_20260928_fts_plan-1510-p1;src_20260928_fts_plan-1510-p2;src_20260928_fts_locations
MDV,2024-05-01,2025-04-30,0,1186;1156;1273;1510,2026-09-28T06:57:17Z,src_20260928_fts_plan-1186-p1;src_20260928_fts_plan-1156-p1;src_20260928_fts_plan-1156-p2;src_20260928_fts_plan-1273-p1;src_20260928_fts_plan-1273-p2;src_20260928_fts_plan-1510-p1;src_20260928_fts_plan-1510-p2;src_20260928_fts_locations
MDV,2024-06-01,2025-05-31,1248827,1186;1156;1273;1510,2026-09-28T06:57:17Z,src_20260928_fts_plan-1186-p1;src_20260928_fts_plan-1156-p1;src_20260928_fts_plan-1156-p2;src_20260928_fts_plan-1273-p1;src_20260928_fts_plan-1273-p2;src_20260928_fts_plan-1510-p1;src_20260928_fts_plan-1510-p2;src_20260928_fts_locations
MDV,2024-07-01,2025-06-30,1248827,1186;1156;1273;1510,2026-09-28T06:57:17Z,src_20260928_fts_plan-1186-p1;src_20260928_fts_plan-1156-p1;src_20260928_fts_plan-1156-p2;src_20260928_fts_plan-1273-p1;src_20260928_fts_plan-1273-p2;src_20260928_fts_plan-1510-p1;src_20260928_fts_plan-1510-p2;src_20260928_fts_locations
MDV,2024-08-01,2025-07-31,1248827,1186;1156;1273;1510,2026-09-28T06:57:17Z,src_20260928_fts_plan-1186-p1;src_20260928_fts_plan-1156-p1;src_20260928_fts_plan-1156-p2;src_20260928_fts_plan-1273-p1;src_20260928_fts_plan-1273-p2;src_20260928_fts_plan-1510-p1;src_20260928_fts_plan-1510-p2;src_20260928_fts_locations
MDV,2024-09-01,2025-08-31,1248827,1186;1156;1273;1510,2026-09-28T06:57:17Z,src_20260928_fts_plan-1186-p1;src_20260928_fts_plan-1156-p1;src_20260928_fts_plan-1156-p2;src_20260928_fts_plan-1273-p1;src_20260928_fts_plan-1273-p2;src_20260928_fts_plan-1510-p1;src_20260928_fts_plan-1510-p2;src_20260928_fts_locations
MDV,2024-10-01,2025-09-30,1248827,1186;1156;1273;1510,2026-09-28T06:57:17Z,src_20260928_fts_plan-1186-p1;src_20260928_fts_plan-1156-p1;src_20260928_fts_plan-1156-p2;src_20260928_fts_plan-1273-p1;src_20260928_fts_plan-1273-p2;src_20260928_fts_plan-1510-p1;src_20260928_fts_plan-1510-p2;src_20260928_fts_locations
MDV,2024-11-01,2025-10-31,1248827,1186;1156;1273;1510,2026-09-28T06:57:17Z,src_20260928_fts_plan-1186-p1;src_20260928_fts_plan-1156-p1;src_20260928_fts_plan-1156-p2;src_20260928_fts_plan-1273-p1;src_20260928_fts_plan-1273-p2;src_20260928_fts_plan-1510-p1;src_20260928_fts_plan-1510-p2;src_20260928_fts_locations
MDV,2024-12-01,2025-11-30,1248827,1186;1156;1273;1510,2026-09-28T06:57:17Z,src_20260928_fts_plan-1186-p1;src_20260928_fts_plan-1156-p1;src_20260928_fts_plan-1156-p2;src_20260928_fts_plan-1273-p1;src_20260928_fts_plan-1273-p2;src_20260928_fts_plan-1510-p1;src_20260928_fts_plan-1510-p2;src_20260928_fts_locations
MDV,2025-01-01,2025-12-31,1248827,1186;1156;1273;1510,2026-09-28T06:57:17Z,src_20260928_fts_plan-1186-p1;src_20260928_fts_plan-1156-p1;src_20260928_fts_plan-1156-p2;src_20260928_fts_plan-1273-p1;src_20260928_fts_plan-1273-p2;src_20260928_fts_plan-1510-p1;src_20260928_fts_plan-1510-p2;src_20260928_fts_locations
MDV,2025-02-01,2026-01-31,1248827,1186;1156;1273;1510,2026-09-28T06:57:17Z,src_20260928_fts_plan-1186-p1;src_20260928_fts_plan-1156-p1;src_20260928_fts_plan-1156-p2;src_20260928_fts_plan-1273-p1;src_20260928_fts_plan-1273-p2;src_20260928_fts_plan-1510-p1;src_20260928_fts_plan-1510-p2;src_20260928_fts_locations
MDV,2025-03-01,2026-02-28,1248827,1186;1156;1273;1510,2026-09-28T06:57:17Z,src_20260928_fts_plan-1186-p1;src_20260928_fts_plan-1156-p1;src_20260928_fts_plan-1156-p2;src_20260928_fts_plan-1273-p1;src_20260928_fts_plan-1273-p2;src_20260928_fts_plan-1510-p1;src_20260928_fts_plan-1510-p2;src_20260928_fts_locations
MDV,2025-04-01,2026-03-31,1248827,1186;1156;1273;1510,2026-09-28T06:57:17Z,src_20260928_fts_plan-1186-p1;src_20260928_fts_plan-1156-p1;src_20260928_fts_plan-1156-p2;src_20260928_fts_plan-1273-p1;src_20260928_fts_plan-1273-p2;src_20260928_fts_plan-1510-p1;src_20260928_fts_plan-1510-p2;src_20260928_fts_locations
MDV,2025-05-01,2026-04-30,1248827,1186;1156;1273;1510,2026-09-28T06:57:17Z,src_20260928_fts_plan-1186-p1;src_20260928_fts_plan-1156-p1;src_20260928_fts_plan-1156-p2;src_20260928_fts_plan-1273-p1;src_20260928_fts_plan-1273-p2;src_20260928_fts_plan-1510-p1;src_20260928_fts_plan-1510-p2;src_20260928_fts_locations
MDV,2025-06-01,2026-05-31,0,1186;1156;1273;1510,2026-09-28T06:57:17Z,src_20260928_fts_plan-1186-p1;src_20260928_fts_plan-1156-p1;src_20260928_fts_plan-1156-p2;src_20260928_fts_plan-1273-p1;src_20260928_fts_plan-1273-p2;src_20260928_fts_plan-1510-p1;src_20260928_fts_plan-1510-p2;src_20260928_fts_locations
MDV,2025-07-01,2026-06-30,0,1186;1156;1273;1510,2026-09-28T06:57:17Z,src_20260928_fts_plan-1186-p1;src_20260928_fts_plan-1156-p1;src_20260928_fts_plan-1156-p2;src_20260928_fts_plan-1273-p1;src_20260928_fts_plan-1273-p2;src_20260928_fts_plan-1510-p1;src_20260928_fts_plan-1510-p2;src_20260928_fts_locations
MDV,2025-08-01,2026-07-31,0,1186;1156;1273;1510,2026-09-28T06:57:17Z,src_20260928_fts_plan-1186-p1;src_20260928_fts_plan-1156-p1;src_20260928_fts_plan-1156-p2;src_20260928_fts_plan-1273-p1;src_20260928_fts_plan-1273-p2;src_20260928_fts_plan-1510-p1;src_20260928_fts_plan-1510-p2;src_20260928_fts_locations
MDV,2025-09-01,2026-08-31,0,1186;1156;1273;1510,2026-09-28T06:57:17Z,src_20260928_fts_plan-1186-p1;src_20260928_fts_plan-1156-p1;src_20260928_fts_plan-1156-p2;src_20260928_fts_plan-1273-p1;src_20260928_fts_plan-1273-p2;src_20260928_fts_plan-1510-p1;src_20260928_fts_plan-1510-p2;src_20260928_fts_locations
MLT,2022-10-01,2023-09-30,0,1186;1156;1273;1510,2026-09-28T06:57:17Z,src_20260928_fts_plan-1186-p1;src_20260928_fts_plan-1156-p1;src_20260928_fts_plan-1156-p2;src_20260928_fts_plan-1273-p1;src_20260928_fts_plan-1273-p2;src_20260928_fts_plan-1510-p1;src_20260928_fts_plan-1510-p2;src_20260928_fts_locations
MLT,2022-11-01,2023-10-31,0,1186;1156;1273;1510,2026-09-28T06:57:17Z,src_20260928_fts_plan-1186-p1;src_20260928_fts_plan-1156-p1;src_20260928_fts_plan-1156-p2;src_20260928_fts_plan-1273-p1;src_20260928_fts_plan-1273-p2;src_20260928_fts_plan-1510-p1;src_20260928_fts_plan-1510-p2;src_20260928_fts_locations
MLT,2022-12-01,2023-11-30,106044,1186;1156;1273;1510,2026-09-28T06:57:17Z,src_20260928_fts_plan-1186-p1;src_20260928_fts_plan-1156-p1;src_20260928_fts_plan-1156-p2;src_20260928_fts_plan-1273-p1;src_20260928_fts_plan-1273-p2;src_20260928_fts_plan-1510-p1;src_20260928_fts_plan-1510-p2;src_20260928_fts_locations
MLT,2023-01-01,2023-12-31,160869,1186;1156;1273;1510,2026-09-28T06:57:17Z,src_20260928_fts_plan-1186-p1;src_20260928_fts_plan-1156-p1;src_20260928_fts_plan-1156-p2;src_20260928_fts_plan-1273-p1;src_20260928_fts_plan-1273-p2;src_20260928_fts_plan-1510-p1;src_20260928_fts_plan-1510-p2;src_20260928_fts_locations
MLT,2023-02-01,2024-01-31,160869,1186;1156;1273;1510,2026-09-28T06:57:17Z,src_20260928_fts_plan-1186-p1;src_20260928_fts_plan-1156-p1;src_20260928_fts_plan-1156-p2;src_20260928_fts_plan-1273-p1;src_20260928_fts_plan-1273-p2;src_20260928_fts_plan-1510-p1;src_20260928_fts_plan-1510-p2;src_20260928_fts_locations
MLT,2023-03-01,2024-02-29,160869,1186;1156;1273;1510,2026-09-28T06:57:17Z,src_20260928_fts_plan-1186-p1;src_20260928_fts_plan-1156-p1;src_20260928_fts_plan-1156-p2;src_20260928_fts_plan-1273-p1;src_20260928_fts_plan-1273-p2;src_20260928_fts_plan-1510-p1;src_20260928_fts_plan-1510-p2;src_20260928_fts_locations
MLT,2023-04-01,2024-03-31,160869,1186;1156;1273;1510,2026-09-28T06:57:17Z,src_20260928_fts_plan-1186-p1;src_20260928_fts_plan-1156-p1;src_20260928_fts_plan-1156-p2;src_20260928_fts_plan-1273-p1;src_20260928_fts_plan-1273-p2;src_20260928_fts_plan-1510-p1;src_20260928_fts_plan-1510-p2;src_20260928_fts_locations
MLT,2023-05-01,2024-04-30,160869,1186;1156;1273;1510,2026-09-28T06:57:17Z,src_20260928_fts_plan-1186-p1;src_20260928_fts_plan-1156-p1;src_20260928_fts_plan-1156-p2;src_20260928_fts_plan-1273-p1;src_20260928_fts_plan-1273-p2;src_20260928_fts_plan-1510-p1;src_20260928_fts_plan-1510-p2;src_20260928_fts_locations
MLT,2023-06-01,2024-05-31,160869,1186;1156;1273;1510,2026-09-28T06:57:17Z,src_20260928_fts_plan-1186-p1;src_20260928_fts_plan-1156-p1;src_20260928_fts_plan-1156-p2;src_20260928_fts_plan-1273-p1;src_20260928_fts_plan-1273-p2;src_20260928_fts_plan-1510-p1;src_20260928_fts_plan-1510-p2;src_20260928_fts_locations
MLT,2023-07-01,2024-06-30,160869,1186;1156;1273;1510,2026-09-28T06:57:17Z,src_20260928_fts_plan-1186-p1;src_20260928_fts_plan-1156-p1;src_20260928_fts_plan-1156-p2;src_20260928_fts_plan-1273-p1;src_20260928_fts_plan-1273-p2;src_20260928_fts_plan-1510-p1;src_20260928_fts_plan-1510-p2;src_20260928_fts_locations
MLT,2023-08-01,2024-07-31,326208,1186;1156;1273;1510,2026-09-28T06:57:17Z,src_20260928_fts_plan-1186-p1;src_20260928_fts_plan-1156-p1;src_20260928_fts_plan-1156-p2;src_20260928_fts_plan-1273-p1;src_20260928_fts_plan-1273-p2;src_20260928_fts_plan-1510-p1;src_20260928_fts_plan-1510-p2;src_20260928_fts_locations
MLT,2023-09-01,2024-08-31,326208,1186;1156;1273;1510,2026-09-28T06:57:17Z,src_20260928_fts_plan-1186-p1;src_20260928_fts_plan-1156-p1;src_20260928_fts_plan-1156-p2;src_20260928_fts_plan-1273-p1;src_20260928_fts_plan-1273-p2;src_20260928_fts_plan-1510-p1;src_20260928_fts_plan-1510-p2;src_20260928_fts_locations
MLT,2023-10-01,2024-09-30,326208,1186;1156;1273;1510,2026-09-28T06:57:17Z,src_20260928_fts_plan-1186-p1;src_20260928_fts_plan-1156-p1;src_20260928_fts_plan-1156-p2;src_20260928_fts_plan-1273-p1;src_20260928_fts_plan-1273-p2;src_20260928_fts_plan-1510-p1;src_20260928_fts_plan-1510-p2;src_20260928_fts_locations
MLT,2023-11-01,2024-10-31,326208,1186;1156;1273;1510,2026-09-28T06:57:17Z,src_20260928_fts_plan-1186-p1;src_20260928_fts_plan-1156-p1;src_20260928_fts_plan-1156-p2;src_20260928_fts_plan-1273-p1;src_20260928_fts_plan-1273-p2;src_20260928_fts_plan-1510-p1;src_20260928_fts_plan-1510-p2;src_20260928_fts_locations
MLT,2023-12-01,2024-11-30,220164,1186;1156;1273;1510,2026-09-28T06:57:17Z,src_20260928_fts_plan-1186-p1;src_20260928_fts_plan-1156-p1;src_20260928_fts_plan-1156-p2;src_20260928_fts_plan-1273-p1;src_20260928_fts_plan-1273-p2;src_20260928_fts_plan-1510-p1;src_20260928_fts_plan-1510-p2;src_20260928_fts_locations
MLT,2024-01-01,2024-12-31,165339,1186;1156;1273;1510,2026-09-28T06:57:17Z,src_20260928_fts_plan-1186-p1;src_20260928_fts_plan-1156-p1;src_20260928_fts_plan-1156-p2;src_20260928_fts_plan-1273-p1;src_20260928_fts_plan-1273-p2;src_20260928_fts_plan-1510-p1;src_20260928_fts_plan-1510-p2;src_20260928_fts_locations
MLT,2024-02-01,2025-01-31,311172,1186;1156;1273;1510,2026-09-28T06:57:17Z,src_20260928_fts_plan-1186-p1;src_20260928_fts_plan-1156-p1;src_20260928_fts_plan-1156-p2;src_20260928_fts_plan-1273-p1;src_20260928_fts_plan-1273-p2;src_20260928_fts_plan-1510-p1;src_20260928_fts_plan-1510-p2;src_20260928_fts_locations
MLT,2024-03-01,2025-02-28,311172,1186;1156;1273;1510,2026-09-28T06:57:17Z,src_20260928_fts_plan-1186-p1;src_20260928_fts_plan-1156-p1;src_20260928_fts_plan-1156-p2;src_20260928_fts_plan-1273-p1;src_20260928_fts_plan-1273-p2;src_20260928_fts_plan-1510-p1;src_20260928_fts_plan-1510-p2;src_20260928_fts_locations
MLT,2024-04-01,2025-03-31,311172,1186;1156;1273;1510,2026-09-28T06:57:17Z,src_20260928_fts_plan-1186-p1;src_20260928_fts_plan-1156-p1;src_20260928_fts_plan-1156-p2;src_20260928_fts_plan-1273-p1;src_20260928_fts_plan-1273-p2;src_20260928_fts_plan-1510-p1;src_20260928_fts_plan-1510-p2;src_20260928_fts_locations
MLT,2024-05-01,2025-04-30,311172,1186;1156;1273;1510,2026-09-28T06:57:17Z,src_20260928_fts_plan-1186-p1;src_20260928_fts_plan-1156-p1;src_20260928_fts_plan-1156-p2;src_20260928_fts_plan-1273-p1;src_20260928_fts_plan-1273-p2;src_20260928_fts_plan-1510-p1;src_20260928_fts_plan-1510-p2;src_20260928_fts_locations
MLT,2024-06-01,2025-05-31,311172,1186;1156;1273;1510,2026-09-28T06:57:17Z,src_20260928_fts_plan-1186-p1;src_20260928_fts_plan-1156-p1;src_20260928_fts_plan-1156-p2;src_20260928_fts_plan-1273-p1;src_20260928_fts_plan-1273-p2;src_20260928_fts_plan-1510-p1;src_20260928_fts_plan-1510-p2;src_20260928_fts_locations
MLT,2024-07-01,2025-06-30,311172,1186;1156;1273;1510,2026-09-28T06:57:17Z,src_20260928_fts_plan-1186-p1;src_20260928_fts_plan-1156-p1;src_20260928_fts_plan-1156-p2;src_20260928_fts_plan-1273-p1;src_20260928_fts_plan-1273-p2;src_20260928_fts_plan-1510-p1;src_20260928_fts_plan-1510-p2;src_20260928_fts_locations
MLT,2024-08-01,2025-07-31,225288,1186;1156;1273;1510,2026-09-28T06:57:17Z,src_20260928_fts_plan-1186-p1;src_20260928_fts_plan-1156-p1;src_20260928_fts_plan-1156-p2;src_20260928_fts_plan-1273-p1;src_20260928_fts_plan-1273-p2;src_20260928_fts_plan-1510-p1;src_20260928_fts_plan-1510-p2;src_20260928_fts_locations
MLT,2024-09-01,2025-08-31,225288,1186;1156;1273;1510,2026-09-28T06:57:17Z,src_20260928_fts_plan-1186-p1;src_20260928_fts_plan-1156-p1;src_20260928_fts_plan-1156-p2;src_20260928_fts_plan-1273-p1;src_20260928_fts_plan-1273-p2;src_20260928_fts_plan-1510-p1;src_20260928_fts_plan-1510-p2;src_20260928_fts_locations
MLT,2024-10-01,2025-09-30,225288,1186;1156;1273;1510,2026-09-28T06:57:17Z,src_20260928_fts_plan-1186-p1;src_20260928_fts_plan-1156-p1;src_20260928_fts_plan-1156-p2;src_20260928_fts_plan-1273-p1;src_20260928_fts_plan-1273-p2;src_20260928_fts_plan-1510-p1;src_20260928_fts_plan-1510-p2;src_20260928_fts_locations
MLT,2024-11-01,2025-10-31,225288,1186;1156;1273;1510,2026-09-28T06:57:17Z,src_20260928_fts_plan-1186-p1;src_20260928_fts_plan-1156-p1;src_20260928_fts_plan-1156-p2;src_20260928_fts_plan-1273-p1;src_20260928_fts_plan-1273-p2;src_20260928_fts_plan-1510-p1;src_20260928_fts_plan-1510-p2;src_20260928_fts_locations
MLT,2024-12-01,2025-11-30,225288,1186;1156;1273;1510,2026-09-28T06:57:17Z,src_20260928_fts_plan-1186-p1;src_20260928_fts_plan-1156-p1;src_20260928_fts_plan-1156-p2;src_20260928_fts_plan-1273-p1;src_20260928_fts_plan-1273-p2;src_20260928_fts_plan-1510-p1;src_20260928_fts_plan-1510-p2;src_20260928_fts_locations
MLT,2025-01-01,2025-12-31,225288,1186;1156;1273;1510,2026-09-28T06:57:17Z,src_20260928_fts_plan-1186-p1;src_20260928_fts_plan-1156-p1;src_20260928_fts_plan-1156-p2;src_20260928_fts_plan-1273-p1;src_20260928_fts_plan-1273-p2;src_20260928_fts_plan-1510-p1;src_20260928_fts_plan-1510-p2;src_20260928_fts_locations
MLT,2025-02-01,2026-01-31,79455,1186;1156;1273;1510,2026-09-28T06:57:17Z,src_20260928_fts_plan-1186-p1;src_20260928_fts_plan-1156-p1;src_20260928_fts_plan-1156-p2;src_20260928_fts_plan-1273-p1;src_20260928_fts_plan-1273-p2;src_20260928_fts_plan-1510-p1;src_20260928_fts_plan-1510-p2;src_20260928_fts_locations
MLT,2025-03-01,2026-02-28,79455,1186;1156;1273;1510,2026-09-28T06:57:17Z,src_20260928_fts_plan-1186-p1;src_20260928_fts_plan-1156-p1;src_20260928_fts_plan-1156-p2;src_20260928_fts_plan-1273-p1;src_20260928_fts_plan-1273-p2;src_20260928_fts_plan-1510-p1;src_20260928_fts_plan-1510-p2;src_20260928_fts_locations
MLT,2025-04-01,2026-03-31,79455,1186;1156;1273;1510,2026-09-28T06:57:17Z,src_20260928_fts_plan-1186-p1;src_20260928_fts_plan-1156-p1;src_20260928_fts_plan-1156-p2;src_20260928_fts_plan-1273-p1;src_20260928_fts_plan-1273-p2;src_20260928_fts_plan-1510-p1;src_20260928_fts_plan-1510-p2;src_20260928_fts_locations
MLT,2025-05-01,2026-04-30,79455,1186;1156;1273;1510,2026-09-28T06:57:17Z,src_20260928_fts_plan-1186-p1;src_20260928_fts_plan-1156-p1;src_20260928_fts_plan-1156-p2;src_20260928_fts_plan-1273-p1;src_20260928_fts_plan-1273-p2;src_20260928_fts_plan-1510-p1;src_20260928_fts_plan-1510-p2;src_20260928_fts_locations
MLT,2025-06-01,2026-05-31,79455,1186;1156;1273;1510,2026-09-28T06:57:17Z,src_20260928_fts_plan-1186-p1;src_20260928_fts_plan-1156-p1;src_20260928_fts_plan-1156-p2;src_20260928_fts_plan-1273-p1;src_20260928_fts_plan-1273-p2;src_20260928_fts_plan-1510-p1;src_20260928_fts_plan-1510-p2;src_20260928_fts_locations
MLT,2025-07-01,2026-06-30,79455,1186;1156;1273;1510,2026-09-28T06:57:17Z,src_20260928_fts_plan-1186-p1;src_20260928_fts_plan-1156-p1;src_20260928_fts_plan-1156-p2;src_20260928_fts_plan-1273-p1;src_20260928_fts_plan-1273-p2;src_20260928_fts_plan-1510-p1;src_20260928_fts_plan-1510-p2;src_20260928_fts_locations
MLT,2025-08-01,2026-07-31,0,1186;1156;1273;1510,2026-09-28T06:57:17Z,src_20260928_fts_plan-1186-p1;src_20260928_fts_plan-1156-p1;src_20260928_fts_plan-1156-p2;src_20260928_fts_plan-1273-p1;src_20260928_fts_plan-1273-p2;src_20260928_fts_plan-1510-p1;src_20260928_fts_plan-1510-p2;src_20260928_fts_locations
MLT,2025-09-01,2026-08-31,0,1186;1156;1273;1510,2026-09-28T06:57:17Z,src_20260928_fts_plan-1186-p1;src_20260928_fts_plan-1156-p1;src_20260928_fts_plan-1156-p2;src_20260928_fts_plan-1273-p1;src_20260928_fts_plan-1273-p2;src_20260928_fts_plan-1510-p1;src_20260928_fts_plan-1510-p2;src_20260928_fts_locations
MNE,2022-10-01,2023-09-30,0,1186;1156;1273;1510,2026-09-28T06:57:17Z,src_20260928_fts_plan-1186-p1;src_20260928_fts_plan-1156-p1;src_20260928_fts_plan-1156-p2;src_20260928_fts_plan-1273-p1;src_20260928_fts_plan-1273-p2;src_20260928_fts_plan-1510-p1;src_20260928_fts_plan-1510-p2;src_20260928_fts_locations
MNE,2022-11-01,2023-10-31,0,1186;1156;1273;1510,2026-09-28T06:57:17Z,src_20260928_fts_plan-1186-p1;src_20260928_fts_plan-1156-p1;src_20260928_fts_plan-1156-p2;src_20260928_fts_plan-1273-p1;src_20260928_fts_plan-1273-p2;src_20260928_fts_plan-1510-p1;src_20260928_fts_plan-1510-p2;src_20260928_fts_locations
MNE,2022-12-01,2023-11-30,40000,1186;1156;1273;1510,2026-09-28T06:57:17Z,src_20260928_fts_plan-1186-p1;src_20260928_fts_plan-1156-p1;src_20260928_fts_plan-1156-p2;src_20260928_fts_plan-1273-p1;src_20260928_fts_plan-1273-p2;src_20260928_fts_plan-1510-p1;src_20260928_fts_plan-1510-p2;src_20260928_fts_locations
MNE,2023-01-01,2023-12-31,40000,1186;1156;1273;1510,2026-09-28T06:57:17Z,src_20260928_fts_plan-1186-p1;src_20260928_fts_plan-1156-p1;src_20260928_fts_plan-1156-p2;src_20260928_fts_plan-1273-p1;src_20260928_fts_plan-1273-p2;src_20260928_fts_plan-1510-p1;src_20260928_fts_plan-1510-p2;src_20260928_fts_locations
MNE,2023-02-01,2024-01-31,40000,1186;1156;1273;1510,2026-09-28T06:57:17Z,src_20260928_fts_plan-1186-p1;src_20260928_fts_plan-1156-p1;src_20260928_fts_plan-1156-p2;src_20260928_fts_plan-1273-p1;src_20260928_fts_plan-1273-p2;src_20260928_fts_plan-1510-p1;src_20260928_fts_plan-1510-p2;src_20260928_fts_locations
MNE,2023-03-01,2024-02-29,40000,1186;1156;1273;1510,2026-09-28T06:57:17Z,src_20260928_fts_plan-1186-p1;src_20260928_fts_plan-1156-p1;src_20260928_fts_plan-1156-p2;src_20260928_fts_plan-1273-p1;src_20260928_fts_plan-1273-p2;src_20260928_fts_plan-1510-p1;src_20260928_fts_plan-1510-p2;src_20260928_fts_locations
MNE,2023-04-01,2024-03-31,40000,1186;1156;1273;1510,2026-09-28T06:57:17Z,src_20260928_fts_plan-1186-p1;src_20260928_fts_plan-1156-p1;src_20260928_fts_plan-1156-p2;src_20260928_fts_plan-1273-p1;src_20260928_fts_plan-1273-p2;src_20260928_fts_plan-1510-p1;src_20260928_fts_plan-1510-p2;src_20260928_fts_locations
MNE,2023-05-01,2024-04-30,40000,1186;1156;1273;1510,2026-09-28T06:57:17Z,src_20260928_fts_plan-1186-p1;src_20260928_fts_plan-1156-p1;src_20260928_fts_plan-1156-p2;src_20260928_fts_plan-1273-p1;src_20260928_fts_plan-1273-p2;src_20260928_fts_plan-1510-p1;src_20260928_fts_plan-1510-p2;src_20260928_fts_locations
MNE,2023-06-01,2024-05-31,40000,1186;1156;1273;1510,2026-09-28T06:57:17Z,src_20260928_fts_plan-1186-p1;src_20260928_fts_plan-1156-p1;src_20260928_fts_plan-1156-p2;src_20260928_fts_plan-1273-p1;src_20260928_fts_plan-1273-p2;src_20260928_fts_plan-1510-p1;src_20260928_fts_plan-1510-p2;src_20260928_fts_locations
MNE,2023-07-01,2024-06-30,40000,1186;1156;1273;1510,2026-09-28T06:57:17Z,src_20260928_fts_plan-1186-p1;src_20260928_fts_plan-1156-p1;src_20260928_fts_plan-1156-p2;src_20260928_fts_plan-1273-p1;src_20260928_fts_plan-1273-p2;src_20260928_fts_plan-1510-p1;src_20260928_fts_plan-1510-p2;src_20260928_fts_locations
MNE,2023-08-01,2024-07-31,40000,1186;1156;1273;1510,2026-09-28T06:57:17Z,src_20260928_fts_plan-1186-p1;src_20260928_fts_plan-1156-p1;src_20260928_fts_plan-1156-p2;src_20260928_fts_plan-1273-p1;src_20260928_fts_plan-1273-p2;src_20260928_fts_plan-1510-p1;src_20260928_fts_plan-1510-p2;src_20260928_fts_locations
MNE,2023-09-01,2024-08-31,40000,1186;1156;1273;1510,2026-09-28T06:57:17Z,src_20260928_fts_plan-1186-p1;src_20260928_fts_plan-1156-p1;src_20260928_fts_plan-1156-p2;src_20260928_fts_plan-1273-p1;src_20260928_fts_plan-1273-p2;src_20260928_fts_plan-1510-p1;src_20260928_fts_plan-1510-p2;src_20260928_fts_locations
MNE,2023-10-01,2024-09-30,40000,1186;1156;1273;1510,2026-09-28T06:57:17Z,src_20260928_fts_plan-1186-p1;src_20260928_fts_plan-1156-p1;src_20260928_fts_plan-1156-p2;src_20260928_fts_plan-1273-p1;src_20260928_fts_plan-1273-p2;src_20260928_fts_plan-1510-p1;src_20260928_fts_plan-1510-p2;src_20260928_fts_locations
MNE,2023-11-01,2024-10-31,40000,1186;1156;1273;1510,2026-09-28T06:57:17Z,src_20260928_fts_plan-1186-p1;src_20260928_fts_plan-1156-p1;src_20260928_fts_plan-1156-p2;src_20260928_fts_plan-1273-p1;src_20260928_fts_plan-1273-p2;src_20260928_fts_plan-1510-p1;src_20260928_fts_plan-1510-p2;src_20260928_fts_locations
MNE,2023-12-01,2024-11-30,0,1186;1156;1273;1510,2026-09-28T06:57:17Z,src_20260928_fts_plan-1186-p1;src_20260928_fts_plan-1156-p1;src_20260928_fts_plan-1156-p2;src_20260928_fts_plan-1273-p1;src_20260928_fts_plan-1273-p2;src_20260928_fts_plan-1510-p1;src_20260928_fts_plan-1510-p2;src_20260928_fts_locations
MNE,2024-01-01,2024-12-31,0,1186;1156;1273;1510,2026-09-28T06:57:17Z,src_20260928_fts_plan-1186-p1;src_20260928_fts_plan-1156-p1;src_20260928_fts_plan-1156-p2;src_20260928_fts_plan-1273-p1;src_20260928_fts_plan-1273-p2;src_20260928_fts_plan-1510-p1;src_20260928_fts_plan-1510-p2;src_20260928_fts_locations
MNE,2024-02-01,2025-01-31,0,1186;1156;1273;1510,2026-09-28T06:57:17Z,src_20260928_fts_plan-1186-p1;src_20260928_fts_plan-1156-p1;src_20260928_fts_plan-1156-p2;src_20260928_fts_plan-1273-p1;src_20260928_fts_plan-1273-p2;src_20260928_fts_plan-1510-p1;src_20260928_fts_plan-1510-p2;src_20260928_fts_locations
MNE,2024-03-01,2025-02-28,0,1186;1156;1273;1510,2026-09-28T06:57:17Z,src_20260928_fts_plan-1186-p1;src_20260928_fts_plan-1156-p1;src_20260928_fts_plan-1156-p2;src_20260928_fts_plan-1273-p1;src_20260928_fts_plan-1273-p2;src_20260928_fts_plan-1510-p1;src_20260928_fts_plan-1510-p2;src_20260928_fts_locations
MNE,2024-04-01,2025-03-31,0,1186;1156;1273;1510,2026-09-28T06:57:17Z,src_20260928_fts_plan-1186-p1;src_20260928_fts_plan-1156-p1;src_20260928_fts_plan-1156-p2;src_20260928_fts_plan-1273-p1;src_20260928_fts_plan-1273-p2;src_20260928_fts_plan-1510-p1;src_20260928_fts_plan-1510-p2;src_20260928_fts_locations
MNE,2024-05-01,2025-04-30,0,1186;1156;1273;1510,2026-09-28T06:57:17Z,src_20260928_fts_plan-1186-p1;src_20260928_fts_plan-1156-p1;src_20260928_fts_plan-1156-p2;src_20260928_fts_plan-1273-p1;src_20260928_fts_plan-1273-p2;src_20260928_fts_plan-1510-p1;src_20260928_fts_plan-1510-p2;src_20260928_fts_locations
MNE,2024-06-01,2025-05-31,0,1186;1156;1273;1510,2026-09-28T06:57:17Z,src_20260928_fts_plan-1186-p1;src_20260928_fts_plan-1156-p1;src_20260928_fts_plan-1156-p2;src_20260928_fts_plan-1273-p1;src_20260928_fts_plan-1273-p2;src_20260928_fts_plan-1510-p1;src_20260928_fts_plan-1510-p2;src_20260928_fts_locations
MNE,2024-07-01,2025-06-30,0,1186;1156;1273;1510,2026-09-28T06:57:17Z,src_20260928_fts_plan-1186-p1;src_20260928_fts_plan-1156-p1;src_20260928_fts_plan-1156-p2;src_20260928_fts_plan-1273-p1;src_20260928_fts_plan-1273-p2;src_20260928_fts_plan-1510-p1;src_20260928_fts_plan-1510-p2;src_20260928_fts_locations
MNE,2024-08-01,2025-07-31,0,1186;1156;1273;1510,2026-09-28T06:57:17Z,src_20260928_fts_plan-1186-p1;src_20260928_fts_plan-1156-p1;src_20260928_fts_plan-1156-p2;src_20260928_fts_plan-1273-p1;src_20260928_fts_plan-1273-p2;src_20260928_fts_plan-1510-p1;src_20260928_fts_plan-1510-p2;src_20260928_fts_locations
MNE,2024-09-01,2025-08-31,0,1186;1156;1273;1510,2026-09-28T06:57:17Z,src_20260928_fts_plan-1186-p1;src_20260928_fts_plan-1156-p1;src_20260928_fts_plan-1156-p2;src_20260928_fts_plan-1273-p1;src_20260928_fts_plan-1273-p2;src_20260928_fts_plan-1510-p1;src_20260928_fts_plan-1510-p2;src_20260928_fts_locations
MNE,2024-10-01,2025-09-30,0,1186;1156;1273;1510,2026-09-28T06:57:17Z,src_20260928_fts_plan-1186-p1;src_20260928_fts_plan-1156-p1;src_20260928_fts_plan-1156-p2;src_20260928_fts_plan-1273-p1;src_20260928_fts_plan-1273-p2;src_20260928_fts_plan-1510-p1;src_20260928_fts_plan-1510-p2;src_20260928_fts_locations
MNE,2024-11-01,2025-10-31,0,1186;1156;1273;1510,2026-09-28T06:57:17Z,src_20260928_fts_plan-1186-p1;src_20260928_fts_plan-1156-p1;src_20260928_fts_plan-1156-p2;src_20260928_fts_plan-1273-p1;src_20260928_fts_plan-1273-p2;src_20260928_fts_plan-1510-p1;src_20260928_fts_plan-1510-p2;src_20260928_fts_locations
MNE,2024-12-01,2025-11-30,0,1186;1156;1273;1510,2026-09-28T06:57:17Z,src_20260928_fts_plan-1186-p1;src_20260928_fts_plan-1156-p1;src_20260928_fts_plan-1156-p2;src_20260928_fts_plan-1273-p1;src_20260928_fts_plan-1273-p2;src_20260928_fts_plan-1510-p1;src_20260928_fts_plan-1510-p2;src_20260928_fts_locations
MNE,2025-01-01,2025-12-31,0,1186;1156;1273;1510,2026-09-28T06:57:17Z,src_20260928_fts_plan-1186-p1;src_20260928_fts_plan-1156-p1;src_20260928_fts_plan-1156-p2;src_20260928_fts_plan-1273-p1;src_20260928_fts_plan-1273-p2;src_20260928_fts_plan-1510-p1;src_20260928_fts_plan-1510-p2;src_20260928_fts_locations
MNE,2025-02-01,2026-01-31,0,1186;1156;1273;1510,2026-09-28T06:57:17Z,src_20260928_fts_plan-1186-p1;src_20260928_fts_plan-1156-p1;src_20260928_fts_plan-1156-p2;src_20260928_fts_plan-1273-p1;src_20260928_fts_plan-1273-p2;src_20260928_fts_plan-1510-p1;src_20260928_fts_plan-1510-p2;src_20260928_fts_locations
MNE,2025-03-01,2026-02-28,0,1186;1156;1273;1510,2026-09-28T06:57:17Z,src_20260928_fts_plan-1186-p1;src_20260928_fts_plan-1156-p1;src_20260928_fts_plan-1156-p2;src_20260928_fts_plan-1273-p1;src_20260928_fts_plan-1273-p2;src_20260928_fts_plan-1510-p1;src_20260928_fts_plan-1510-p2;src_20260928_fts_locations
MNE,2025-04-01,2026-03-31,0,1186;1156;1273;1510,2026-09-28T06:57:17Z,src_20260928_fts_plan-1186-p1;src_20260928_fts_plan-1156-p1;src_20260928_fts_plan-1156-p2;src_20260928_fts_plan-1273-p1;src_20260928_fts_plan-1273-p2;src_20260928_fts_plan-1510-p1;src_20260928_fts_plan-1510-p2;src_20260928_fts_locations
MNE,2025-05-01,2026-04-30,0,1186;1156;1273;1510,2026-09-28T06:57:17Z,src_20260928_fts_plan-1186-p1;src_20260928_fts_plan-1156-p1;src_20260928_fts_plan-1156-p2;src_20260928_fts_plan-1273-p1;src_20260928_fts_plan-1273-p2;src_20260928_fts_plan-1510-p1;src_20260928_fts_plan-1510-p2;src_20260928_fts_locations
MNE,2025-06-01,2026-05-31,0,1186;1156;1273;1510,2026-09-28T06:57:17Z,src_20260928_fts_plan-1186-p1;src_20260928_fts_plan-1156-p1;src_20260928_fts_plan-1156-p2;src_20260928_fts_plan-1273-p1;src_20260928_fts_plan-1273-p2;src_20260928_fts_plan-1510-p1;src_20260928_fts_plan-1510-p2;src_20260928_fts_locations
MNE,2025-07-01,2026-06-30,0,1186;1156;1273;1510,2026-09-28T06:57:17Z,src_20260928_fts_plan-1186-p1;src_20260928_fts_plan-1156-p1;src_20260928_fts_plan-1156-p2;src_20260928_fts_plan-1273-p1;src_20260928_fts_plan-1273-p2;src_20260928_fts_plan-1510-p1;src_20260928_fts_plan-1510-p2;src_20260928_fts_locations
MNE,2025-08-01,2026-07-31,0,1186;1156;1273;1510,2026-09-28T06:57:17Z,src_20260928_fts_plan-1186-p1;src_20260928_fts_plan-1156-p1;src_20260928_fts_plan-1156-p2;src_20260928_fts_plan-1273-p1;src_20260928_fts_plan-1273-p2;src_20260928_fts_plan-1510-p1;src_20260928_fts_plan-1510-p2;src_20260928_fts_locations
MNE,2025-09-01,2026-08-31,0,1186;1156;1273;1510,2026-09-28T06:57:17Z,src_20260928_fts_plan-1186-p1;src_20260928_fts_plan-1156-p1;src_20260928_fts_plan-1156-p2;src_20260928_fts_plan-1273-p1;src_20260928_fts_plan-1273-p2;src_20260928_fts_plan-1510-p1;src_20260928_fts_plan-1510-p2;src_20260928_fts_locations
MUS,2022-10-01,2023-09-30,0,1186;1156;1273;1510,2026-09-28T06:57:17Z,src_20260928_fts_plan-1186-p1;src_20260928_fts_plan-1156-p1;src_20260928_fts_plan-1156-p2;src_20260928_fts_plan-1273-p1;src_20260928_fts_plan-1273-p2;src_20260928_fts_plan-1510-p1;src_20260928_fts_plan-1510-p2;src_20260928_fts_locations
MUS,2022-11-01,2023-10-31,0,1186;1156;1273;1510,2026-09-28T06:57:17Z,src_20260928_fts_plan-1186-p1;src_20260928_fts_plan-1156-p1;src_20260928_fts_plan-1156-p2;src_20260928_fts_plan-1273-p1;src_20260928_fts_plan-1273-p2;src_20260928_fts_plan-1510-p1;src_20260928_fts_plan-1510-p2;src_20260928_fts_locations
MUS,2022-12-01,2023-11-30,0,1186;1156;1273;1510,2026-09-28T06:57:17Z,src_20260928_fts_plan-1186-p1;src_20260928_fts_plan-1156-p1;src_20260928_fts_plan-1156-p2;src_20260928_fts_plan-1273-p1;src_20260928_fts_plan-1273-p2;src_20260928_fts_plan-1510-p1;src_20260928_fts_plan-1510-p2;src_20260928_fts_locations
MUS,2023-01-01,2023-12-31,0,1186;1156;1273;1510,2026-09-28T06:57:17Z,src_20260928_fts_plan-1186-p1;src_20260928_fts_plan-1156-p1;src_20260928_fts_plan-1156-p2;src_20260928_fts_plan-1273-p1;src_20260928_fts_plan-1273-p2;src_20260928_fts_plan-1510-p1;src_20260928_fts_plan-1510-p2;src_20260928_fts_locations
MUS,2023-02-01,2024-01-31,0,1186;1156;1273;1510,2026-09-28T06:57:17Z,src_20260928_fts_plan-1186-p1;src_20260928_fts_plan-1156-p1;src_20260928_fts_plan-1156-p2;src_20260928_fts_plan-1273-p1;src_20260928_fts_plan-1273-p2;src_20260928_fts_plan-1510-p1;src_20260928_fts_plan-1510-p2;src_20260928_fts_locations
MUS,2023-03-01,2024-02-29,0,1186;1156;1273;1510,2026-09-28T06:57:17Z,src_20260928_fts_plan-1186-p1;src_20260928_fts_plan-1156-p1;src_20260928_fts_plan-1156-p2;src_20260928_fts_plan-1273-p1;src_20260928_fts_plan-1273-p2;src_20260928_fts_plan-1510-p1;src_20260928_fts_plan-1510-p2;src_20260928_fts_locations
MUS,2023-04-01,2024-03-31,0,1186;1156;1273;1510,2026-09-28T06:57:17Z,src_20260928_fts_plan-1186-p1;src_20260928_fts_plan-1156-p1;src_20260928_fts_plan-1156-p2;src_20260928_fts_plan-1273-p1;src_20260928_fts_plan-1273-p2;src_20260928_fts_plan-1510-p1;src_20260928_fts_plan-1510-p2;src_20260928_fts_locations
MUS,2023-05-01,2024-04-30,0,1186;1156;1273;1510,2026-09-28T06:57:17Z,src_20260928_fts_plan-1186-p1;src_20260928_fts_plan-1156-p1;src_20260928_fts_plan-1156-p2;src_20260928_fts_plan-1273-p1;src_20260928_fts_plan-1273-p2;src_20260928_fts_plan-1510-p1;src_20260928_fts_plan-1510-p2;src_20260928_fts_locations
MUS,2023-06-01,2024-05-31,0,1186;1156;1273;1510,2026-09-28T06:57:17Z,src_20260928_fts_plan-1186-p1;src_20260928_fts_plan-1156-p1;src_20260928_fts_plan-1156-p2;src_20260928_fts_plan-1273-p1;src_20260928_fts_plan-1273-p2;src_20260928_fts_plan-1510-p1;src_20260928_fts_plan-1510-p2;src_20260928_fts_locations
MUS,2023-07-01,2024-06-30,0,1186;1156;1273;1510,2026-09-28T06:57:17Z,src_20260928_fts_plan-1186-p1;src_20260928_fts_plan-1156-p1;src_20260928_fts_plan-1156-p2;src_20260928_fts_plan-1273-p1;src_20260928_fts_plan-1273-p2;src_20260928_fts_plan-1510-p1;src_20260928_fts_plan-1510-p2;src_20260928_fts_locations
MUS,2023-08-01,2024-07-31,0,1186;1156;1273;1510,2026-09-28T06:57:17Z,src_20260928_fts_plan-1186-p1;src_20260928_fts_plan-1156-p1;src_20260928_fts_plan-1156-p2;src_20260928_fts_plan-1273-p1;src_20260928_fts_plan-1273-p2;src_20260928_fts_plan-1510-p1;src_20260928_fts_plan-1510-p2;src_20260928_fts_locations
MUS,2023-09-01,2024-08-31,0,1186;1156;1273;1510,2026-09-28T06:57:17Z,src_20260928_fts_plan-1186-p1;src_20260928_fts_plan-1156-p1;src_20260928_fts_plan-1156-p2;src_20260928_fts_plan-1273-p1;src_20260928_fts_plan-1273-p2;src_20260928_fts_plan-1510-p1;src_20260928_fts_plan-1510-p2;src_20260928_fts_locations
MUS,2023-10-01,2024-09-30,0,1186;1156;1273;1510,2026-09-28T06:57:17Z,src_20260928_fts_plan-1186-p1;src_20260928_fts_plan-1156-p1;src_20260928_fts_plan-1156-p2;src_20260928_fts_plan-1273-p1;src_20260928_fts_plan-1273-p2;src_20260928_fts_plan-1510-p1;src_20260928_fts_plan-1510-p2;src_20260928_fts_locations
MUS,2023-11-01,2024-10-31,0,1186;1156;1273;1510,2026-09-28T06:57:17Z,src_20260928_fts_plan-1186-p1;src_20260928_fts_plan-1156-p1;src_20260928_fts_plan-1156-p2;src_20260928_fts_plan-1273-p1;src_20260928_fts_plan-1273-p2;src_20260928_fts_plan-1510-p1;src_20260928_fts_plan-1510-p2;src_20260928_fts_locations
MUS,2023-12-01,2024-11-30,110944,1186;1156;1273;1510,2026-09-28T06:57:17Z,src_20260928_fts_plan-1186-p1;src_20260928_fts_plan-1156-p1;src_20260928_fts_plan-1156-p2;src_20260928_fts_plan-1273-p1;src_20260928_fts_plan-1273-p2;src_20260928_fts_plan-1510-p1;src_20260928_fts_plan-1510-p2;src_20260928_fts_locations
MUS,2024-01-01,2024-12-31,110944,1186;1156;1273;1510,2026-09-28T06:57:17Z,src_20260928_fts_plan-1186-p1;src_20260928_fts_plan-1156-p1;src_20260928_fts_plan-1156-p2;src_20260928_fts_plan-1273-p1;src_20260928_fts_plan-1273-p2;src_20260928_fts_plan-1510-p1;src_20260928_fts_plan-1510-p2;src_20260928_fts_locations
MUS,2024-02-01,2025-01-31,110944,1186;1156;1273;1510,2026-09-28T06:57:17Z,src_20260928_fts_plan-1186-p1;src_20260928_fts_plan-1156-p1;src_20260928_fts_plan-1156-p2;src_20260928_fts_plan-1273-p1;src_20260928_fts_plan-1273-p2;src_20260928_fts_plan-1510-p1;src_20260928_fts_plan-1510-p2;src_20260928_fts_locations
MUS,2024-03-01,2025-02-28,110944,1186;1156;1273;1510,2026-09-28T06:57:17Z,src_20260928_fts_plan-1186-p1;src_20260928_fts_plan-1156-p1;src_20260928_fts_plan-1156-p2;src_20260928_fts_plan-1273-p1;src_20260928_fts_plan-1273-p2;src_20260928_fts_plan-1510-p1;src_20260928_fts_plan-1510-p2;src_20260928_fts_locations
MUS,2024-04-01,2025-03-31,110944,1186;1156;1273;1510,2026-09-28T06:57:17Z,src_20260928_fts_plan-1186-p1;src_20260928_fts_plan-1156-p1;src_20260928_fts_plan-1156-p2;src_20260928_fts_plan-1273-p1;src_20260928_fts_plan-1273-p2;src_20260928_fts_plan-1510-p1;src_20260928_fts_plan-1510-p2;src_20260928_fts_locations
MUS,2024-05-01,2025-04-30,110944,1186;1156;1273;1510,2026-09-28T06:57:17Z,src_20260928_fts_plan-1186-p1;src_20260928_fts_plan-1156-p1;src_20260928_fts_plan-1156-p2;src_20260928_fts_plan-1273-p1;src_20260928_fts_plan-1273-p2;src_20260928_fts_plan-1510-p1;src_20260928_fts_plan-1510-p2;src_20260928_fts_locations
MUS,2024-06-01,2025-05-31,110944,1186;1156;1273;1510,2026-09-28T06:57:17Z,src_20260928_fts_plan-1186-p1;src_20260928_fts_plan-1156-p1;src_20260928_fts_plan-1156-p2;src_20260928_fts_plan-1273-p1;src_20260928_fts_plan-1273-p2;src_20260928_fts_plan-1510-p1;src_20260928_fts_plan-1510-p2;src_20260928_fts_locations
MUS,2024-07-01,2025-06-30,110944,1186;1156;1273;1510,2026-09-28T06:57:17Z,src_20260928_fts_plan-1186-p1;src_20260928_fts_plan-1156-p1;src_20260928_fts_plan-1156-p2;src_20260928_fts_plan-1273-p1;src_20260928_fts_plan-1273-p2;src_20260928_fts_plan-1510-p1;src_20260928_fts_plan-1510-p2;src_20260928_fts_locations
MUS,2024-08-01,2025-07-31,110944,1186;1156;1273;1510,2026-09-28T06:57:17Z,src_20260928_fts_plan-1186-p1;src_20260928_fts_plan-1156-p1;src_20260928_fts_plan-1156-p2;src_20260928_fts_plan-1273-p1;src_20260928_fts_plan-1273-p2;src_20260928_fts_plan-1510-p1;src_20260928_fts_plan-1510-p2;src_20260928_fts_locations
MUS,2024-09-01,2025-08-31,110944,1186;1156;1273;1510,2026-09-28T06:57:17Z,src_20260928_fts_plan-1186-p1;src_20260928_fts_plan-1156-p1;src_20260928_fts_plan-1156-p2;src_20260928_fts_plan-1273-p1;src_20260928_fts_plan-1273-p2;src_20260928_fts_plan-1510-p1;src_20260928_fts_plan-1510-p2;src_20260928_fts_locations
MUS,2024-10-01,2025-09-30,110944,1186;1156;1273;1510,2026-09-28T06:57:17Z,src_20260928_fts_plan-1186-p1;src_20260928_fts_plan-1156-p1;src_20260928_fts_plan-1156-p2;src_20260928_fts_plan-1273-p1;src_20260928_fts_plan-1273-p2;src_20260928_fts_plan-1510-p1;src_20260928_fts_plan-1510-p2;src_20260928_fts_locations
MUS,2024-11-01,2025-10-31,110944,1186;1156;1273;1510,2026-09-28T06:57:17Z,src_20260928_fts_plan-1186-p1;src_20260928_fts_plan-1156-p1;src_20260928_fts_plan-1156-p2;src_20260928_fts_plan-1273-p1;src_20260928_fts_plan-1273-p2;src_20260928_fts_plan-1510-p1;src_20260928_fts_plan-1510-p2;src_20260928_fts_locations
MUS,2024-12-01,2025-11-30,0,1186;1156;1273;1510,2026-09-28T06:57:17Z,src_20260928_fts_plan-1186-p1;src_20260928_fts_plan-1156-p1;src_20260928_fts_plan-1156-p2;src_20260928_fts_plan-1273-p1;src_20260928_fts_plan-1273-p2;src_20260928_fts_plan-1510-p1;src_20260928_fts_plan-1510-p2;src_20260928_fts_locations
MUS,2025-01-01,2025-12-31,0,1186;1156;1273;1510,2026-09-28T06:57:17Z,src_20260928_fts_plan-1186-p1;src_20260928_fts_plan-1156-p1;src_20260928_fts_plan-1156-p2;src_20260928_fts_plan-1273-p1;src_20260928_fts_plan-1273-p2;src_20260928_fts_plan-1510-p1;src_20260928_fts_plan-1510-p2;src_20260928_fts_locations
MUS,2025-02-01,2026-01-31,0,1186;1156;1273;1510,2026-09-28T06:57:17Z,src_20260928_fts_plan-1186-p1;src_20260928_fts_plan-1156-p1;src_20260928_fts_plan-1156-p2;src_20260928_fts_plan-1273-p1;src_20260928_fts_plan-1273-p2;src_20260928_fts_plan-1510-p1;src_20260928_fts_plan-1510-p2;src_20260928_fts_locations
MUS,2025-03-01,2026-02-28,0,1186;1156;1273;1510,2026-09-28T06:57:17Z,src_20260928_fts_plan-1186-p1;src_20260928_fts_plan-1156-p1;src_20260928_fts_plan-1156-p2;src_20260928_fts_plan-1273-p1;src_20260928_fts_plan-1273-p2;src_20260928_fts_plan-1510-p1;src_20260928_fts_plan-1510-p2;src_20260928_fts_locations
MUS,2025-04-01,2026-03-31,0,1186;1156;1273;1510,2026-09-28T06:57:17Z,src_20260928_fts_plan-1186-p1;src_20260928_fts_plan-1156-p1;src_20260928_fts_plan-1156-p2;src_20260928_fts_plan-1273-p1;src_20260928_fts_plan-1273-p2;src_20260928_fts_plan-1510-p1;src_20260928_fts_plan-1510-p2;src_20260928_fts_locations
MUS,2025-05-01,2026-04-30,0,1186;1156;1273;1510,2026-09-28T06:57:17Z,src_20260928_fts_plan-1186-p1;src_20260928_fts_plan-1156-p1;src_20260928_fts_plan-1156-p2;src_20260928_fts_plan-1273-p1;src_20260928_fts_plan-1273-p2;src_20260928_fts_plan-1510-p1;src_20260928_fts_plan-1510-p2;src_20260928_fts_locations
MUS,2025-06-01,2026-05-31,0,1186;1156;1273;1510,2026-09-28T06:57:17Z,src_20260928_fts_plan-1186-p1;src_20260928_fts_plan-1156-p1;src_20260928_fts_plan-1156-p2;src_20260928_fts_plan-1273-p1;src_20260928_fts_plan-1273-p2;src_20260928_fts_plan-1510-p1;src_20260928_fts_plan-1510-p2;src_20260928_fts_locations
MUS,2025-07-01,2026-06-30,0,1186;1156;1273;1510,2026-09-28T06:57:17Z,src_20260928_fts_plan-1186-p1;src_20260928_fts_plan-1156-p1;src_20260928_fts_plan-1156-p2;src_20260928_fts_plan-1273-p1;src_20260928_fts_plan-1273-p2;src_20260928_fts_plan-1510-p1;src_20260928_fts_plan-1510-p2;src_20260928_fts_locations
MUS,2025-08-01,2026-07-31,0,1186;1156;1273;1510,2026-09-28T06:57:17Z,src_20260928_fts_plan-1186-p1;src_20260928_fts_plan-1156-p1;src_20260928_fts_plan-1156-p2;src_20260928_fts_plan-1273-p1;src_20260928_fts_plan-1273-p2;src_20260928_fts_plan-1510-p1;src_20260928_fts_plan-1510-p2;src_20260928_fts_locations
MUS,2025-09-01,2026-08-31,0,1186;1156;1273;1510,2026-09-28T06:57:17Z,src_20260928_fts_plan-1186-p1;src_20260928_fts_plan-1156-p1;src_20260928_fts_plan-1156-p2;src_20260928_fts_plan-1273-p1;src_20260928_fts_plan-1273-p2;src_20260928_fts_plan-1510-p1;src_20260928_fts_plan-1510-p2;src_20260928_fts_locations
MYS,2022-10-01,2023-09-30,0,1186;1156;1273;1510,2026-09-28T06:57:17Z,src_20260928_fts_plan-1186-p1;src_20260928_fts_plan-1156-p1;src_20260928_fts_plan-1156-p2;src_20260928_fts_plan-1273-p1;src_20260928_fts_plan-1273-p2;src_20260928_fts_plan-1510-p1;src_20260928_fts_plan-1510-p2;src_20260928_fts_locations
MYS,2022-11-01,2023-10-31,0,1186;1156;1273;1510,2026-09-28T06:57:17Z,src_20260928_fts_plan-1186-p1;src_20260928_fts_plan-1156-p1;src_20260928_fts_plan-1156-p2;src_20260928_fts_plan-1273-p1;src_20260928_fts_plan-1273-p2;src_20260928_fts_plan-1510-p1;src_20260928_fts_plan-1510-p2;src_20260928_fts_locations
MYS,2022-12-01,2023-11-30,0,1186;1156;1273;1510,2026-09-28T06:57:17Z,src_20260928_fts_plan-1186-p1;src_20260928_fts_plan-1156-p1;src_20260928_fts_plan-1156-p2;src_20260928_fts_plan-1273-p1;src_20260928_fts_plan-1273-p2;src_20260928_fts_plan-1510-p1;src_20260928_fts_plan-1510-p2;src_20260928_fts_locations
MYS,2023-01-01,2023-12-31,0,1186;1156;1273;1510,2026-09-28T06:57:17Z,src_20260928_fts_plan-1186-p1;src_20260928_fts_plan-1156-p1;src_20260928_fts_plan-1156-p2;src_20260928_fts_plan-1273-p1;src_20260928_fts_plan-1273-p2;src_20260928_fts_plan-1510-p1;src_20260928_fts_plan-1510-p2;src_20260928_fts_locations
MYS,2023-02-01,2024-01-31,0,1186;1156;1273;1510,2026-09-28T06:57:17Z,src_20260928_fts_plan-1186-p1;src_20260928_fts_plan-1156-p1;src_20260928_fts_plan-1156-p2;src_20260928_fts_plan-1273-p1;src_20260928_fts_plan-1273-p2;src_20260928_fts_plan-1510-p1;src_20260928_fts_plan-1510-p2;src_20260928_fts_locations
MYS,2023-03-01,2024-02-29,0,1186;1156;1273;1510,2026-09-28T06:57:17Z,src_20260928_fts_plan-1186-p1;src_20260928_fts_plan-1156-p1;src_20260928_fts_plan-1156-p2;src_20260928_fts_plan-1273-p1;src_20260928_fts_plan-1273-p2;src_20260928_fts_plan-1510-p1;src_20260928_fts_plan-1510-p2;src_20260928_fts_locations
MYS,2023-04-01,2024-03-31,100000,1186;1156;1273;1510,2026-09-28T06:57:17Z,src_20260928_fts_plan-1186-p1;src_20260928_fts_plan-1156-p1;src_20260928_fts_plan-1156-p2;src_20260928_fts_plan-1273-p1;src_20260928_fts_plan-1273-p2;src_20260928_fts_plan-1510-p1;src_20260928_fts_plan-1510-p2;src_20260928_fts_locations
MYS,2023-05-01,2024-04-30,100000,1186;1156;1273;1510,2026-09-28T06:57:17Z,src_20260928_fts_plan-1186-p1;src_20260928_fts_plan-1156-p1;src_20260928_fts_plan-1156-p2;src_20260928_fts_plan-1273-p1;src_20260928_fts_plan-1273-p2;src_20260928_fts_plan-1510-p1;src_20260928_fts_plan-1510-p2;src_20260928_fts_locations
MYS,2023-06-01,2024-05-31,100000,1186;1156;1273;1510,2026-09-28T06:57:17Z,src_20260928_fts_plan-1186-p1;src_20260928_fts_plan-1156-p1;src_20260928_fts_plan-1156-p2;src_20260928_fts_plan-1273-p1;src_20260928_fts_plan-1273-p2;src_20260928_fts_plan-1510-p1;src_20260928_fts_plan-1510-p2;src_20260928_fts_locations
MYS,2023-07-01,2024-06-30,100000,1186;1156;1273;1510,2026-09-28T06:57:17Z,src_20260928_fts_plan-1186-p1;src_20260928_fts_plan-1156-p1;src_20260928_fts_plan-1156-p2;src_20260928_fts_plan-1273-p1;src_20260928_fts_plan-1273-p2;src_20260928_fts_plan-1510-p1;src_20260928_fts_plan-1510-p2;src_20260928_fts_locations
MYS,2023-08-01,2024-07-31,100000,1186;1156;1273;1510,2026-09-28T06:57:17Z,src_20260928_fts_plan-1186-p1;src_20260928_fts_plan-1156-p1;src_20260928_fts_plan-1156-p2;src_20260928_fts_plan-1273-p1;src_20260928_fts_plan-1273-p2;src_20260928_fts_plan-1510-p1;src_20260928_fts_plan-1510-p2;src_20260928_fts_locations
MYS,2023-09-01,2024-08-31,100000,1186;1156;1273;1510,2026-09-28T06:57:17Z,src_20260928_fts_plan-1186-p1;src_20260928_fts_plan-1156-p1;src_20260928_fts_plan-1156-p2;src_20260928_fts_plan-1273-p1;src_20260928_fts_plan-1273-p2;src_20260928_fts_plan-1510-p1;src_20260928_fts_plan-1510-p2;src_20260928_fts_locations
MYS,2023-10-01,2024-09-30,100000,1186;1156;1273;1510,2026-09-28T06:57:17Z,src_20260928_fts_plan-1186-p1;src_20260928_fts_plan-1156-p1;src_20260928_fts_plan-1156-p2;src_20260928_fts_plan-1273-p1;src_20260928_fts_plan-1273-p2;src_20260928_fts_plan-1510-p1;src_20260928_fts_plan-1510-p2;src_20260928_fts_locations
MYS,2023-11-01,2024-10-31,100000,1186;1156;1273;1510,2026-09-28T06:57:17Z,src_20260928_fts_plan-1186-p1;src_20260928_fts_plan-1156-p1;src_20260928_fts_plan-1156-p2;src_20260928_fts_plan-1273-p1;src_20260928_fts_plan-1273-p2;src_20260928_fts_plan-1510-p1;src_20260928_fts_plan-1510-p2;src_20260928_fts_locations
MYS,2023-12-01,2024-11-30,100000,1186;1156;1273;1510,2026-09-28T06:57:17Z,src_20260928_fts_plan-1186-p1;src_20260928_fts_plan-1156-p1;src_20260928_fts_plan-1156-p2;src_20260928_fts_plan-1273-p1;src_20260928_fts_plan-1273-p2;src_20260928_fts_plan-1510-p1;src_20260928_fts_plan-1510-p2;src_20260928_fts_locations
MYS,2024-01-01,2024-12-31,100000,1186;1156;1273;1510,2026-09-28T06:57:17Z,src_20260928_fts_plan-1186-p1;src_20260928_fts_plan-1156-p1;src_20260928_fts_plan-1156-p2;src_20260928_fts_plan-1273-p1;src_20260928_fts_plan-1273-p2;src_20260928_fts_plan-1510-p1;src_20260928_fts_plan-1510-p2;src_20260928_fts_locations
MYS,2024-02-01,2025-01-31,100000,1186;1156;1273;1510,2026-09-28T06:57:17Z,src_20260928_fts_plan-1186-p1;src_20260928_fts_plan-1156-p1;src_20260928_fts_plan-1156-p2;src_20260928_fts_plan-1273-p1;src_20260928_fts_plan-1273-p2;src_20260928_fts_plan-1510-p1;src_20260928_fts_plan-1510-p2;src_20260928_fts_locations
MYS,2024-03-01,2025-02-28,100000,1186;1156;1273;1510,2026-09-28T06:57:17Z,src_20260928_fts_plan-1186-p1;src_20260928_fts_plan-1156-p1;src_20260928_fts_plan-1156-p2;src_20260928_fts_plan-1273-p1;src_20260928_fts_plan-1273-p2;src_20260928_fts_plan-1510-p1;src_20260928_fts_plan-1510-p2;src_20260928_fts_locations
MYS,2024-04-01,2025-03-31,0,1186;1156;1273;1510,2026-09-28T06:57:17Z,src_20260928_fts_plan-1186-p1;src_20260928_fts_plan-1156-p1;src_20260928_fts_plan-1156-p2;src_20260928_fts_plan-1273-p1;src_20260928_fts_plan-1273-p2;src_20260928_fts_plan-1510-p1;src_20260928_fts_plan-1510-p2;src_20260928_fts_locations
MYS,2024-05-01,2025-04-30,0,1186;1156;1273;1510,2026-09-28T06:57:17Z,src_20260928_fts_plan-1186-p1;src_20260928_fts_plan-1156-p1;src_20260928_fts_plan-1156-p2;src_20260928_fts_plan-1273-p1;src_20260928_fts_plan-1273-p2;src_20260928_fts_plan-1510-p1;src_20260928_fts_plan-1510-p2;src_20260928_fts_locations
MYS,2024-06-01,2025-05-31,44399,1186;1156;1273;1510,2026-09-28T06:57:17Z,src_20260928_fts_plan-1186-p1;src_20260928_fts_plan-1156-p1;src_20260928_fts_plan-1156-p2;src_20260928_fts_plan-1273-p1;src_20260928_fts_plan-1273-p2;src_20260928_fts_plan-1510-p1;src_20260928_fts_plan-1510-p2;src_20260928_fts_locations
MYS,2024-07-01,2025-06-30,44399,1186;1156;1273;1510,2026-09-28T06:57:17Z,src_20260928_fts_plan-1186-p1;src_20260928_fts_plan-1156-p1;src_20260928_fts_plan-1156-p2;src_20260928_fts_plan-1273-p1;src_20260928_fts_plan-1273-p2;src_20260928_fts_plan-1510-p1;src_20260928_fts_plan-1510-p2;src_20260928_fts_locations
MYS,2024-08-01,2025-07-31,44399,1186;1156;1273;1510,2026-09-28T06:57:17Z,src_20260928_fts_plan-1186-p1;src_20260928_fts_plan-1156-p1;src_20260928_fts_plan-1156-p2;src_20260928_fts_plan-1273-p1;src_20260928_fts_plan-1273-p2;src_20260928_fts_plan-1510-p1;src_20260928_fts_plan-1510-p2;src_20260928_fts_locations
MYS,2024-09-01,2025-08-31,44399,1186;1156;1273;1510,2026-09-28T06:57:17Z,src_20260928_fts_plan-1186-p1;src_20260928_fts_plan-1156-p1;src_20260928_fts_plan-1156-p2;src_20260928_fts_plan-1273-p1;src_20260928_fts_plan-1273-p2;src_20260928_fts_plan-1510-p1;src_20260928_fts_plan-1510-p2;src_20260928_fts_locations
MYS,2024-10-01,2025-09-30,44399,1186;1156;1273;1510,2026-09-28T06:57:17Z,src_20260928_fts_plan-1186-p1;src_20260928_fts_plan-1156-p1;src_20260928_fts_plan-1156-p2;src_20260928_fts_plan-1273-p1;src_20260928_fts_plan-1273-p2;src_20260928_fts_plan-1510-p1;src_20260928_fts_plan-1510-p2;src_20260928_fts_locations
MYS,2024-11-01,2025-10-31,44399,1186;1156;1273;1510,2026-09-28T06:57:17Z,src_20260928_fts_plan-1186-p1;src_20260928_fts_plan-1156-p1;src_20260928_fts_plan-1156-p2;src_20260928_fts_plan-1273-p1;src_20260928_fts_plan-1273-p2;src_20260928_fts_plan-1510-p1;src_20260928_fts_plan-1510-p2;src_20260928_fts_locations
MYS,2024-12-01,2025-11-30,44399,1186;1156;1273;1510,2026-09-28T06:57:17Z,src_20260928_fts_plan-1186-p1;src_20260928_fts_plan-1156-p1;src_20260928_fts_plan-1156-p2;src_20260928_fts_plan-1273-p1;src_20260928_fts_plan-1273-p2;src_20260928_fts_plan-1510-p1;src_20260928_fts_plan-1510-p2;src_20260928_fts_locations
MYS,2025-01-01,2025-12-31,44399,1186;1156;1273;1510,2026-09-28T06:57:17Z,src_20260928_fts_plan-1186-p1;src_20260928_fts_plan-1156-p1;src_20260928_fts_plan-1156-p2;src_20260928_fts_plan-1273-p1;src_20260928_fts_plan-1273-p2;src_20260928_fts_plan-1510-p1;src_20260928_fts_plan-1510-p2;src_20260928_fts_locations
MYS,2025-02-01,2026-01-31,44399,1186;1156;1273;1510,2026-09-28T06:57:17Z,src_20260928_fts_plan-1186-p1;src_20260928_fts_plan-1156-p1;src_20260928_fts_plan-1156-p2;src_20260928_fts_plan-1273-p1;src_20260928_fts_plan-1273-p2;src_20260928_fts_plan-1510-p1;src_20260928_fts_plan-1510-p2;src_20260928_fts_locations
MYS,2025-03-01,2026-02-28,44399,1186;1156;1273;1510,2026-09-28T06:57:17Z,src_20260928_fts_plan-1186-p1;src_20260928_fts_plan-1156-p1;src_20260928_fts_plan-1156-p2;src_20260928_fts_plan-1273-p1;src_20260928_fts_plan-1273-p2;src_20260928_fts_plan-1510-p1;src_20260928_fts_plan-1510-p2;src_20260928_fts_locations
MYS,2025-04-01,2026-03-31,44399,1186;1156;1273;1510,2026-09-28T06:57:17Z,src_20260928_fts_plan-1186-p1;src_20260928_fts_plan-1156-p1;src_20260928_fts_plan-1156-p2;src_20260928_fts_plan-1273-p1;src_20260928_fts_plan-1273-p2;src_20260928_fts_plan-1510-p1;src_20260928_fts_plan-1510-p2;src_20260928_fts_locations
MYS,2025-05-01,2026-04-30,44399,1186;1156;1273;1510,2026-09-28T06:57:17Z,src_20260928_fts_plan-1186-p1;src_20260928_fts_plan-1156-p1;src_20260928_fts_plan-1156-p2;src_20260928_fts_plan-1273-p1;src_20260928_fts_plan-1273-p2;src_20260928_fts_plan-1510-p1;src_20260928_fts_plan-1510-p2;src_20260928_fts_locations
MYS,2025-06-01,2026-05-31,0,1186;1156;1273;1510,2026-09-28T06:57:17Z,src_20260928_fts_plan-1186-p1;src_20260928_fts_plan-1156-p1;src_20260928_fts_plan-1156-p2;src_20260928_fts_plan-1273-p1;src_20260928_fts_plan-1273-p2;src_20260928_fts_plan-1510-p1;src_20260928_fts_plan-1510-p2;src_20260928_fts_locations
MYS,2025-07-01,2026-06-30,0,1186;1156;1273;1510,2026-09-28T06:57:17Z,src_20260928_fts_plan-1186-p1;src_20260928_fts_plan-1156-p1;src_20260928_fts_plan-1156-p2;src_20260928_fts_plan-1273-p1;src_20260928_fts_plan-1273-p2;src_20260928_fts_plan-1510-p1;src_20260928_fts_plan-1510-p2;src_20260928_fts_locations
MYS,2025-08-01,2026-07-31,0,1186;1156;1273;1510,2026-09-28T06:57:17Z,src_20260928_fts_plan-1186-p1;src_20260928_fts_plan-1156-p1;src_20260928_fts_plan-1156-p2;src_20260928_fts_plan-1273-p1;src_20260928_fts_plan-1273-p2;src_20260928_fts_plan-1510-p1;src_20260928_fts_plan-1510-p2;src_20260928_fts_locations
MYS,2025-09-01,2026-08-31,0,1186;1156;1273;1510,2026-09-28T06:57:17Z,src_20260928_fts_plan-1186-p1;src_20260928_fts_plan-1156-p1;src_20260928_fts_plan-1156-p2;src_20260928_fts_plan-1273-p1;src_20260928_fts_plan-1273-p2;src_20260928_fts_plan-1510-p1;src_20260928_fts_plan-1510-p2;src_20260928_fts_locations
NLD,2022-10-01,2023-09-30,0,1186;1156;1273;1510,2026-09-28T06:57:17Z,src_20260928_fts_plan-1186-p1;src_20260928_fts_plan-1156-p1;src_20260928_fts_plan-1156-p2;src_20260928_fts_plan-1273-p1;src_20260928_fts_plan-1273-p2;src_20260928_fts_plan-1510-p1;src_20260928_fts_plan-1510-p2;src_20260928_fts_locations
NLD,2022-11-01,2023-10-31,0,1186;1156;1273;1510,2026-09-28T06:57:17Z,src_20260928_fts_plan-1186-p1;src_20260928_fts_plan-1156-p1;src_20260928_fts_plan-1156-p2;src_20260928_fts_plan-1273-p1;src_20260928_fts_plan-1273-p2;src_20260928_fts_plan-1510-p1;src_20260928_fts_plan-1510-p2;src_20260928_fts_locations
NLD,2022-12-01,2023-11-30,0,1186;1156;1273;1510,2026-09-28T06:57:17Z,src_20260928_fts_plan-1186-p1;src_20260928_fts_plan-1156-p1;src_20260928_fts_plan-1156-p2;src_20260928_fts_plan-1273-p1;src_20260928_fts_plan-1273-p2;src_20260928_fts_plan-1510-p1;src_20260928_fts_plan-1510-p2;src_20260928_fts_locations
NLD,2023-01-01,2023-12-31,19736842,1186;1156;1273;1510,2026-09-28T06:57:17Z,src_20260928_fts_plan-1186-p1;src_20260928_fts_plan-1156-p1;src_20260928_fts_plan-1156-p2;src_20260928_fts_plan-1273-p1;src_20260928_fts_plan-1273-p2;src_20260928_fts_plan-1510-p1;src_20260928_fts_plan-1510-p2;src_20260928_fts_locations
NLD,2023-02-01,2024-01-31,19736842,1186;1156;1273;1510,2026-09-28T06:57:17Z,src_20260928_fts_plan-1186-p1;src_20260928_fts_plan-1156-p1;src_20260928_fts_plan-1156-p2;src_20260928_fts_plan-1273-p1;src_20260928_fts_plan-1273-p2;src_20260928_fts_plan-1510-p1;src_20260928_fts_plan-1510-p2;src_20260928_fts_locations
NLD,2023-03-01,2024-02-29,19736842,1186;1156;1273;1510,2026-09-28T06:57:17Z,src_20260928_fts_plan-1186-p1;src_20260928_fts_plan-1156-p1;src_20260928_fts_plan-1156-p2;src_20260928_fts_plan-1273-p1;src_20260928_fts_plan-1273-p2;src_20260928_fts_plan-1510-p1;src_20260928_fts_plan-1510-p2;src_20260928_fts_locations
NLD,2023-04-01,2024-03-31,19736842,1186;1156;1273;1510,2026-09-28T06:57:17Z,src_20260928_fts_plan-1186-p1;src_20260928_fts_plan-1156-p1;src_20260928_fts_plan-1156-p2;src_20260928_fts_plan-1273-p1;src_20260928_fts_plan-1273-p2;src_20260928_fts_plan-1510-p1;src_20260928_fts_plan-1510-p2;src_20260928_fts_locations
NLD,2023-05-01,2024-04-30,19736842,1186;1156;1273;1510,2026-09-28T06:57:17Z,src_20260928_fts_plan-1186-p1;src_20260928_fts_plan-1156-p1;src_20260928_fts_plan-1156-p2;src_20260928_fts_plan-1273-p1;src_20260928_fts_plan-1273-p2;src_20260928_fts_plan-1510-p1;src_20260928_fts_plan-1510-p2;src_20260928_fts_locations
NLD,2023-06-01,2024-05-31,22980085,1186;1156;1273;1510,2026-09-28T06:57:17Z,src_20260928_fts_plan-1186-p1;src_20260928_fts_plan-1156-p1;src_20260928_fts_plan-1156-p2;src_20260928_fts_plan-1273-p1;src_20260928_fts_plan-1273-p2;src_20260928_fts_plan-1510-p1;src_20260928_fts_plan-1510-p2;src_20260928_fts_locations
NLD,2023-07-01,2024-06-30,22980085,1186;1156;1273;1510,2026-09-28T06:57:17Z,src_20260928_fts_plan-1186-p1;src_20260928_fts_plan-1156-p1;src_20260928_fts_plan-1156-p2;src_20260928_fts_plan-1273-p1;src_20260928_fts_plan-1273-p2;src_20260928_fts_plan-1510-p1;src_20260928_fts_plan-1510-p2;src_20260928_fts_locations
NLD,2023-08-01,2024-07-31,28290704,1186;1156;1273;1510,2026-09-28T06:57:17Z,src_20260928_fts_plan-1186-p1;src_20260928_fts_plan-1156-p1;src_20260928_fts_plan-1156-p2;src_20260928_fts_plan-1273-p1;src_20260928_fts_plan-1273-p2;src_20260928_fts_plan-1510-p1;src_20260928_fts_plan-1510-p2;src_20260928_fts_locations
NLD,2023-09-01,2024-08-31,28290704,1186;1156;1273;1510,2026-09-28T06:57:17Z,src_20260928_fts_plan-1186-p1;src_20260928_fts_plan-1156-p1;src_20260928_fts_plan-1156-p2;src_20260928_fts_plan-1273-p1;src_20260928_fts_plan-1273-p2;src_20260928_fts_plan-1510-p1;src_20260928_fts_plan-1510-p2;src_20260928_fts_locations
NLD,2023-10-01,2024-09-30,28290704,1186;1156;1273;1510,2026-09-28T06:57:17Z,src_20260928_fts_plan-1186-p1;src_20260928_fts_plan-1156-p1;src_20260928_fts_plan-1156-p2;src_20260928_fts_plan-1273-p1;src_20260928_fts_plan-1273-p2;src_20260928_fts_plan-1510-p1;src_20260928_fts_plan-1510-p2;src_20260928_fts_locations
NLD,2023-11-01,2024-10-31,28290704,1186;1156;1273;1510,2026-09-28T06:57:17Z,src_20260928_fts_plan-1186-p1;src_20260928_fts_plan-1156-p1;src_20260928_fts_plan-1156-p2;src_20260928_fts_plan-1273-p1;src_20260928_fts_plan-1273-p2;src_20260928_fts_plan-1510-p1;src_20260928_fts_plan-1510-p2;src_20260928_fts_locations
NLD,2023-12-01,2024-11-30,32290704,1186;1156;1273;1510,2026-09-28T06:57:17Z,src_20260928_fts_plan-1186-p1;src_20260928_fts_plan-1156-p1;src_20260928_fts_plan-1156-p2;src_20260928_fts_plan-1273-p1;src_20260928_fts_plan-1273-p2;src_20260928_fts_plan-1510-p1;src_20260928_fts_plan-1510-p2;src_20260928_fts_locations
NLD,2024-01-01,2024-12-31,12553862,1186;1156;1273;1510,2026-09-28T06:57:17Z,src_20260928_fts_plan-1186-p1;src_20260928_fts_plan-1156-p1;src_20260928_fts_plan-1156-p2;src_20260928_fts_plan-1273-p1;src_20260928_fts_plan-1273-p2;src_20260928_fts_plan-1510-p1;src_20260928_fts_plan-1510-p2;src_20260928_fts_locations
NLD,2024-02-01,2025-01-31,12553862,1186;1156;1273;1510,2026-09-28T06:57:17Z,src_20260928_fts_plan-1186-p1;src_20260928_fts_plan-1156-p1;src_20260928_fts_plan-1156-p2;src_20260928_fts_plan-1273-p1;src_20260928_fts_plan-1273-p2;src_20260928_fts_plan-1510-p1;src_20260928_fts_plan-1510-p2;src_20260928_fts_locations
NLD,2024-03-01,2025-02-28,15718419,1186;1156;1273;1510,2026-09-28T06:57:17Z,src_20260928_fts_plan-1186-p1;src_20260928_fts_plan-1156-p1;src_20260928_fts_plan-1156-p2;src_20260928_fts_plan-1273-p1;src_20260928_fts_plan-1273-p2;src_20260928_fts_plan-1510-p1;src_20260928_fts_plan-1510-p2;src_20260928_fts_locations
NLD,2024-04-01,2025-03-31,15718419,1186;1156;1273;1510,2026-09-28T06:57:17Z,src_20260928_fts_plan-1186-p1;src_20260928_fts_plan-1156-p1;src_20260928_fts_plan-1156-p2;src_20260928_fts_plan-1273-p1;src_20260928_fts_plan-1273-p2;src_20260928_fts_plan-1510-p1;src_20260928_fts_plan-1510-p2;src_20260928_fts_locations
NLD,2024-05-01,2025-04-30,15718419,1186;1156;1273;1510,2026-09-28T06:57:17Z,src_20260928_fts_plan-1186-p1;src_20260928_fts_plan-1156-p1;src_20260928_fts_plan-1156-p2;src_20260928_fts_plan-1273-p1;src_20260928_fts_plan-1273-p2;src_20260928_fts_plan-1510-p1;src_20260928_fts_plan-1510-p2;src_20260928_fts_locations
NLD,2024-06-01,2025-05-31,12475176,1186;1156;1273;1510,2026-09-28T06:57:17Z,src_20260928_fts_plan-1186-p1;src_20260928_fts_plan-1156-p1;src_20260928_fts_plan-1156-p2;src_20260928_fts_plan-1273-p1;src_20260928_fts_plan-1273-p2;src_20260928_fts_plan-1510-p1;src_20260928_fts_plan-1510-p2;src_20260928_fts_locations
NLD,2024-07-01,2025-06-30,23943066,1186;1156;1273;1510,2026-09-28T06:57:17Z,src_20260928_fts_plan-1186-p1;src_20260928_fts_plan-1156-p1;src_20260928_fts_plan-1156-p2;src_20260928_fts_plan-1273-p1;src_20260928_fts_plan-1273-p2;src_20260928_fts_plan-1510-p1;src_20260928_fts_plan-1510-p2;src_20260928_fts_locations
NLD,2024-08-01,2025-07-31,18632447,1186;1156;1273;1510,2026-09-28T06:57:17Z,src_20260928_fts_plan-1186-p1;src_20260928_fts_plan-1156-p1;src_20260928_fts_plan-1156-p2;src_20260928_fts_plan-1273-p1;src_20260928_fts_plan-1273-p2;src_20260928_fts_plan-1510-p1;src_20260928_fts_plan-1510-p2;src_20260928_fts_locations
NLD,2024-09-01,2025-08-31,18632447,1186;1156;1273;1510,2026-09-28T06:57:17Z,src_20260928_fts_plan-1186-p1;src_20260928_fts_plan-1156-p1;src_20260928_fts_plan-1156-p2;src_20260928_fts_plan-1273-p1;src_20260928_fts_plan-1273-p2;src_20260928_fts_plan-1510-p1;src_20260928_fts_plan-1510-p2;src_20260928_fts_locations
NLD,2024-10-01,2025-09-30,18632447,1186;1156;1273;1510,2026-09-28T06:57:17Z,src_20260928_fts_plan-1186-p1;src_20260928_fts_plan-1156-p1;src_20260928_fts_plan-1156-p2;src_20260928_fts_plan-1273-p1;src_20260928_fts_plan-1273-p2;src_20260928_fts_plan-1510-p1;src_20260928_fts_plan-1510-p2;src_20260928_fts_locations
NLD,2024-11-01,2025-10-31,34475344,1186;1156;1273;1510,2026-09-28T06:57:17Z,src_20260928_fts_plan-1186-p1;src_20260928_fts_plan-1156-p1;src_20260928_fts_plan-1156-p2;src_20260928_fts_plan-1273-p1;src_20260928_fts_plan-1273-p2;src_20260928_fts_plan-1510-p1;src_20260928_fts_plan-1510-p2;src_20260928_fts_locations
NLD,2024-12-01,2025-11-30,35915159,1186;1156;1273;1510,2026-09-28T06:57:17Z,src_20260928_fts_plan-1186-p1;src_20260928_fts_plan-1156-p1;src_20260928_fts_plan-1156-p2;src_20260928_fts_plan-1273-p1;src_20260928_fts_plan-1273-p2;src_20260928_fts_plan-1510-p1;src_20260928_fts_plan-1510-p2;src_20260928_fts_locations
NLD,2025-01-01,2025-12-31,35915159,1186;1156;1273;1510,2026-09-28T06:57:17Z,src_20260928_fts_plan-1186-p1;src_20260928_fts_plan-1156-p1;src_20260928_fts_plan-1156-p2;src_20260928_fts_plan-1273-p1;src_20260928_fts_plan-1273-p2;src_20260928_fts_plan-1510-p1;src_20260928_fts_plan-1510-p2;src_20260928_fts_locations
NLD,2025-02-01,2026-01-31,42335715,1186;1156;1273;1510,2026-09-28T06:57:17Z,src_20260928_fts_plan-1186-p1;src_20260928_fts_plan-1156-p1;src_20260928_fts_plan-1156-p2;src_20260928_fts_plan-1273-p1;src_20260928_fts_plan-1273-p2;src_20260928_fts_plan-1510-p1;src_20260928_fts_plan-1510-p2;src_20260928_fts_locations
NLD,2025-03-01,2026-02-28,39629610,1186;1156;1273;1510,2026-09-28T06:57:17Z,src_20260928_fts_plan-1186-p1;src_20260928_fts_plan-1156-p1;src_20260928_fts_plan-1156-p2;src_20260928_fts_plan-1273-p1;src_20260928_fts_plan-1273-p2;src_20260928_fts_plan-1510-p1;src_20260928_fts_plan-1510-p2;src_20260928_fts_locations
NLD,2025-04-01,2026-03-31,54897818,1186;1156;1273;1510,2026-09-28T06:57:17Z,src_20260928_fts_plan-1186-p1;src_20260928_fts_plan-1156-p1;src_20260928_fts_plan-1156-p2;src_20260928_fts_plan-1273-p1;src_20260928_fts_plan-1273-p2;src_20260928_fts_plan-1510-p1;src_20260928_fts_plan-1510-p2;src_20260928_fts_locations
NLD,2025-05-01,2026-04-30,59614799,1186;1156;1273;1510,2026-09-28T06:57:17Z,src_20260928_fts_plan-1186-p1;src_20260928_fts_plan-1156-p1;src_20260928_fts_plan-1156-p2;src_20260928_fts_plan-1273-p1;src_20260928_fts_plan-1273-p2;src_20260928_fts_plan-1510-p1;src_20260928_fts_plan-1510-p2;src_20260928_fts_locations
NLD,2025-06-01,2026-05-31,59614799,1186;1156;1273;1510,2026-09-28T06:57:17Z,src_20260928_fts_plan-1186-p1;src_20260928_fts_plan-1156-p1;src_20260928_fts_plan-1156-p2;src_20260928_fts_plan-1273-p1;src_20260928_fts_plan-1273-p2;src_20260928_fts_plan-1510-p1;src_20260928_fts_plan-1510-p2;src_20260928_fts_locations
NLD,2025-07-01,2026-06-30,48146909,1186;1156;1273;1510,2026-09-28T06:57:17Z,src_20260928_fts_plan-1186-p1;src_20260928_fts_plan-1156-p1;src_20260928_fts_plan-1156-p2;src_20260928_fts_plan-1273-p1;src_20260928_fts_plan-1273-p2;src_20260928_fts_plan-1510-p1;src_20260928_fts_plan-1510-p2;src_20260928_fts_locations
NLD,2025-08-01,2026-07-31,66432624,1186;1156;1273;1510,2026-09-28T06:57:17Z,src_20260928_fts_plan-1186-p1;src_20260928_fts_plan-1156-p1;src_20260928_fts_plan-1156-p2;src_20260928_fts_plan-1273-p1;src_20260928_fts_plan-1273-p2;src_20260928_fts_plan-1510-p1;src_20260928_fts_plan-1510-p2;src_20260928_fts_locations
NLD,2025-09-01,2026-08-31,73010530,1186;1156;1273;1510,2026-09-28T06:57:17Z,src_20260928_fts_plan-1186-p1;src_20260928_fts_plan-1156-p1;src_20260928_fts_plan-1156-p2;src_20260928_fts_plan-1273-p1;src_20260928_fts_plan-1273-p2;src_20260928_fts_plan-1510-p1;src_20260928_fts_plan-1510-p2;src_20260928_fts_locations
NOR,2022-10-01,2023-09-30,3848670,1186;1156;1273;1510,2026-09-28T06:57:17Z,src_20260928_fts_plan-1186-p1;src_20260928_fts_plan-1156-p1;src_20260928_fts_plan-1156-p2;src_20260928_fts_plan-1273-p1;src_20260928_fts_plan-1273-p2;src_20260928_fts_plan-1510-p1;src_20260928_fts_plan-1510-p2;src_20260928_fts_locations
NOR,2022-11-01,2023-10-31,4310564,1186;1156;1273;1510,2026-09-28T06:57:17Z,src_20260928_fts_plan-1186-p1;src_20260928_fts_plan-1156-p1;src_20260928_fts_plan-1156-p2;src_20260928_fts_plan-1273-p1;src_20260928_fts_plan-1273-p2;src_20260928_fts_plan-1510-p1;src_20260928_fts_plan-1510-p2;src_20260928_fts_locations
NOR,2022-12-01,2023-11-30,13112849,1186;1156;1273;1510,2026-09-28T06:57:17Z,src_20260928_fts_plan-1186-p1;src_20260928_fts_plan-1156-p1;src_20260928_fts_plan-1156-p2;src_20260928_fts_plan-1273-p1;src_20260928_fts_plan-1273-p2;src_20260928_fts_plan-1510-p1;src_20260928_fts_plan-1510-p2;src_20260928_fts_locations
NOR,2023-01-01,2023-12-31,58466126,1186;1156;1273;1510,2026-09-28T06:57:17Z,src_20260928_fts_plan-1186-p1;src_20260928_fts_plan-1156-p1;src_20260928_fts_plan-1156-p2;src_20260928_fts_plan-1273-p1;src_20260928_fts_plan-1273-p2;src_20260928_fts_plan-1510-p1;src_20260928_fts_plan-1510-p2;src_20260928_fts_locations
NOR,2023-02-01,2024-01-31,58466126,1186;1156;1273;1510,2026-09-28T06:57:17Z,src_20260928_fts_plan-1186-p1;src_20260928_fts_plan-1156-p1;src_20260928_fts_plan-1156-p2;src_20260928_fts_plan-1273-p1;src_20260928_fts_plan-1273-p2;src_20260928_fts_plan-1510-p1;src_20260928_fts_plan-1510-p2;src_20260928_fts_locations
NOR,2023-03-01,2024-02-29,56455672,1186;1156;1273;1510,2026-09-28T06:57:17Z,src_20260928_fts_plan-1186-p1;src_20260928_fts_plan-1156-p1;src_20260928_fts_plan-1156-p2;src_20260928_fts_plan-1273-p1;src_20260928_fts_plan-1273-p2;src_20260928_fts_plan-1510-p1;src_20260928_fts_plan-1510-p2;src_20260928_fts_locations
NOR,2023-04-01,2024-03-31,59596642,1186;1156;1273;1510,2026-09-28T06:57:17Z,src_20260928_fts_plan-1186-p1;src_20260928_fts_plan-1156-p1;src_20260928_fts_plan-1156-p2;src_20260928_fts_plan-1273-p1;src_20260928_fts_plan-1273-p2;src_20260928_fts_plan-1510-p1;src_20260928_fts_plan-1510-p2;src_20260928_fts_locations
NOR,2023-05-01,2024-04-30,59837897,1186;1156;1273;1510,2026-09-28T06:57:17Z,src_20260928_fts_plan-1186-p1;src_20260928_fts_plan-1156-p1;src_20260928_fts_plan-1156-p2;src_20260928_fts_plan-1273-p1;src_20260928_fts_plan-1273-p2;src_20260928_fts_plan-1510-p1;src_20260928_fts_plan-1510-p2;src_20260928_fts_locations
NOR,2023-06-01,2024-05-31,63809053,1186;1156;1273;1510,2026-09-28T06:57:17Z,src_20260928_fts_plan-1186-p1;src_20260928_fts_plan-1156-p1;src_20260928_fts_plan-1156-p2;src_20260928_fts_plan-1273-p1;src_20260928_fts_plan-1273-p2;src_20260928_fts_plan-1510-p1;src_20260928_fts_plan-1510-p2;src_20260928_fts_locations
NOR,2023-07-01,2024-06-30,66182771,1186;1156;1273;1510,2026-09-28T06:57:17Z,src_20260928_fts_plan-1186-p1;src_20260928_fts_plan-1156-p1;src_20260928_fts_plan-1156-p2;src_20260928_fts_plan-1273-p1;src_20260928_fts_plan-1273-p2;src_20260928_fts_plan-1510-p1;src_20260928_fts_plan-1510-p2;src_20260928_fts_locations
NOR,2023-08-01,2024-07-31,76567065,1186;1156;1273;1510,2026-09-28T06:57:17Z,src_20260928_fts_plan-1186-p1;src_20260928_fts_plan-1156-p1;src_20260928_fts_plan-1156-p2;src_20260928_fts_plan-1273-p1;src_20260928_fts_plan-1273-p2;src_20260928_fts_plan-1510-p1;src_20260928_fts_plan-1510-p2;src_20260928_fts_locations
NOR,2023-09-01,2024-08-31,76567065,1186;1156;1273;1510,2026-09-28T06:57:17Z,src_20260928_fts_plan-1186-p1;src_20260928_fts_plan-1156-p1;src_20260928_fts_plan-1156-p2;src_20260928_fts_plan-1273-p1;src_20260928_fts_plan-1273-p2;src_20260928_fts_plan-1510-p1;src_20260928_fts_plan-1510-p2;src_20260928_fts_locations
NOR,2023-10-01,2024-09-30,74728849,1186;1156;1273;1510,2026-09-28T06:57:17Z,src_20260928_fts_plan-1186-p1;src_20260928_fts_plan-1156-p1;src_20260928_fts_plan-1156-p2;src_20260928_fts_plan-1273-p1;src_20260928_fts_plan-1273-p2;src_20260928_fts_plan-1510-p1;src_20260928_fts_plan-1510-p2;src_20260928_fts_locations
NOR,2023-11-01,2024-10-31,96479094,1186;1156;1273;1510,2026-09-28T06:57:17Z,src_20260928_fts_plan-1186-p1;src_20260928_fts_plan-1156-p1;src_20260928_fts_plan-1156-p2;src_20260928_fts_plan-1273-p1;src_20260928_fts_plan-1273-p2;src_20260928_fts_plan-1510-p1;src_20260928_fts_plan-1510-p2;src_20260928_fts_locations
NOR,2023-12-01,2024-11-30,87676809,1186;1156;1273;1510,2026-09-28T06:57:17Z,src_20260928_fts_plan-1186-p1;src_20260928_fts_plan-1156-p1;src_20260928_fts_plan-1156-p2;src_20260928_fts_plan-1273-p1;src_20260928_fts_plan-1273-p2;src_20260928_fts_plan-1510-p1;src_20260928_fts_plan-1510-p2;src_20260928_fts_locations
NOR,2024-01-01,2024-12-31,52783087,1186;1156;1273;1510,2026-09-28T06:57:17Z,src_20260928_fts_plan-1186-p1;src_20260928_fts_plan-1156-p1;src_20260928_fts_plan-1156-p2;src_20260928_fts_plan-1273-p1;src_20260928_fts_plan-1273-p2;src_20260928_fts_plan-1510-p1;src_20260928_fts_plan-1510-p2;src_20260928_fts_locations
NOR,2024-02-01,2025-01-31,52783087,1186;1156;1273;1510,2026-09-28T06:57:17Z,src_20260928_fts_plan-1186-p1;src_20260928_fts_plan-1156-p1;src_20260928_fts_plan-1156-p2;src_20260928_fts_plan-1273-p1;src_20260928_fts_plan-1273-p2;src_20260928_fts_plan-1510-p1;src_20260928_fts_plan-1510-p2;src_20260928_fts_locations
NOR,2024-03-01,2025-02-28,52783087,1186;1156;1273;1510,2026-09-28T06:57:17Z,src_20260928_fts_plan-1186-p1;src_20260928_fts_plan-1156-p1;src_20260928_fts_plan-1156-p2;src_20260928_fts_plan-1273-p1;src_20260928_fts_plan-1273-p2;src_20260928_fts_plan-1510-p1;src_20260928_fts_plan-1510-p2;src_20260928_fts_locations
NOR,2024-04-01,2025-03-31,49642117,1186;1156;1273;1510,2026-09-28T06:57:17Z,src_20260928_fts_plan-1186-p1;src_20260928_fts_plan-1156-p1;src_20260928_fts_plan-1156-p2;src_20260928_fts_plan-1273-p1;src_20260928_fts_plan-1273-p2;src_20260928_fts_plan-1510-p1;src_20260928_fts_plan-1510-p2;src_20260928_fts_locations
NOR,2024-05-01,2025-04-30,49400862,1186;1156;1273;1510,2026-09-28T06:57:17Z,src_20260928_fts_plan-1186-p1;src_20260928_fts_plan-1156-p1;src_20260928_fts_plan-1156-p2;src_20260928_fts_plan-1273-p1;src_20260928_fts_plan-1273-p2;src_20260928_fts_plan-1510-p1;src_20260928_fts_plan-1510-p2;src_20260928_fts_locations
NOR,2024-06-01,2025-05-31,68748686,1186;1156;1273;1510,2026-09-28T06:57:17Z,src_20260928_fts_plan-1186-p1;src_20260928_fts_plan-1156-p1;src_20260928_fts_plan-1156-p2;src_20260928_fts_plan-1273-p1;src_20260928_fts_plan-1273-p2;src_20260928_fts_plan-1510-p1;src_20260928_fts_plan-1510-p2;src_20260928_fts_locations
NOR,2024-07-01,2025-06-30,66374968,1186;1156;1273;1510,2026-09-28T06:57:17Z,src_20260928_fts_plan-1186-p1;src_20260928_fts_plan-1156-p1;src_20260928_fts_plan-1156-p2;src_20260928_fts_plan-1273-p1;src_20260928_fts_plan-1273-p2;src_20260928_fts_plan-1510-p1;src_20260928_fts_plan-1510-p2;src_20260928_fts_locations
NOR,2024-08-01,2025-07-31,55990674,1186;1156;1273;1510,2026-09-28T06:57:17Z,src_20260928_fts_plan-1186-p1;src_20260928_fts_plan-1156-p1;src_20260928_fts_plan-1156-p2;src_20260928_fts_plan-1273-p1;src_20260928_fts_plan-1273-p2;src_20260928_fts_plan-1510-p1;src_20260928_fts_plan-1510-p2;src_20260928_fts_locations
NOR,2024-09-01,2025-08-31,55990674,1186;1156;1273;1510,2026-09-28T06:57:17Z,src_20260928_fts_plan-1186-p1;src_20260928_fts_plan-1156-p1;src_20260928_fts_plan-1156-p2;src_20260928_fts_plan-1273-p1;src_20260928_fts_plan-1273-p2;src_20260928_fts_plan-1510-p1;src_20260928_fts_plan-1510-p2;src_20260928_fts_locations
NOR,2024-10-01,2025-09-30,55990674,1186;1156;1273;1510,2026-09-28T06:57:17Z,src_20260928_fts_plan-1186-p1;src_20260928_fts_plan-1156-p1;src_20260928_fts_plan-1156-p2;src_20260928_fts_plan-1273-p1;src_20260928_fts_plan-1273-p2;src_20260928_fts_plan-1510-p1;src_20260928_fts_plan-1510-p2;src_20260928_fts_locations
NOR,2024-11-01,2025-10-31,34139968,1186;1156;1273;1510,2026-09-28T06:57:17Z,src_20260928_fts_plan-1186-p1;src_20260928_fts_plan-1156-p1;src_20260928_fts_plan-1156-p2;src_20260928_fts_plan-1273-p1;src_20260928_fts_plan-1273-p2;src_20260928_fts_plan-1510-p1;src_20260928_fts_plan-1510-p2;src_20260928_fts_locations
NOR,2024-12-01,2025-11-30,35250449,1186;1156;1273;1510,2026-09-28T06:57:17Z,src_20260928_fts_plan-1186-p1;src_20260928_fts_plan-1156-p1;src_20260928_fts_plan-1156-p2;src_20260928_fts_plan-1273-p1;src_20260928_fts_plan-1273-p2;src_20260928_fts_plan-1510-p1;src_20260928_fts_plan-1510-p2;src_20260928_fts_locations
NOR,2025-01-01,2025-12-31,35446409,1186;1156;1273;1510,2026-09-28T06:57:17Z,src_20260928_fts_plan-1186-p1;src_20260928_fts_plan-1156-p1;src_20260928_fts_plan-1156-p2;src_20260928_fts_plan-1273-p1;src_20260928_fts_plan-1273-p2;src_20260928_fts_plan-1510-p1;src_20260928_fts_plan-1510-p2;src_20260928_fts_locations
NOR,2025-02-01,2026-01-31,35446409,1186;1156;1273;1510,2026-09-28T06:57:17Z,src_20260928_fts_plan-1186-p1;src_20260928_fts_plan-1156-p1;src_20260928_fts_plan-1156-p2;src_20260928_fts_plan-1273-p1;src_20260928_fts_plan-1273-p2;src_20260928_fts_plan-1510-p1;src_20260928_fts_plan-1510-p2;src_20260928_fts_locations
NOR,2025-03-01,2026-02-28,55291635,1186;1156;1273;1510,2026-09-28T06:57:17Z,src_20260928_fts_plan-1186-p1;src_20260928_fts_plan-1156-p1;src_20260928_fts_plan-1156-p2;src_20260928_fts_plan-1273-p1;src_20260928_fts_plan-1273-p2;src_20260928_fts_plan-1510-p1;src_20260928_fts_plan-1510-p2;src_20260928_fts_locations
NOR,2025-04-01,2026-03-31,65589656,1186;1156;1273;1510,2026-09-28T06:57:17Z,src_20260928_fts_plan-1186-p1;src_20260928_fts_plan-1156-p1;src_20260928_fts_plan-1156-p2;src_20260928_fts_plan-1273-p1;src_20260928_fts_plan-1273-p2;src_20260928_fts_plan-1510-p1;src_20260928_fts_plan-1510-p2;src_20260928_fts_locations
NOR,2025-05-01,2026-04-30,65589656,1186;1156;1273;1510,2026-09-28T06:57:17Z,src_20260928_fts_plan-1186-p1;src_20260928_fts_plan-1156-p1;src_20260928_fts_plan-1156-p2;src_20260928_fts_plan-1273-p1;src_20260928_fts_plan-1273-p2;src_20260928_fts_plan-1510-p1;src_20260928_fts_plan-1510-p2;src_20260928_fts_locations
NOR,2025-06-01,2026-05-31,47085595,1186;1156;1273;1510,2026-09-28T06:57:17Z,src_20260928_fts_plan-1186-p1;src_20260928_fts_plan-1156-p1;src_20260928_fts_plan-1156-p2;src_20260928_fts_plan-1273-p1;src_20260928_fts_plan-1273-p2;src_20260928_fts_plan-1510-p1;src_20260928_fts_plan-1510-p2;src_20260928_fts_locations
NOR,2025-07-01,2026-06-30,60396224,1186;1156;1273;1510,2026-09-28T06:57:17Z,src_20260928_fts_plan-1186-p1;src_20260928_fts_plan-1156-p1;src_20260928_fts_plan-1156-p2;src_20260928_fts_plan-1273-p1;src_20260928_fts_plan-1273-p2;src_20260928_fts_plan-1510-p1;src_20260928_fts_plan-1510-p2;src_20260928_fts_locations
NOR,2025-08-01,2026-07-31,60396224,1186;1156;1273;1510,2026-09-28T06:57:17Z,src_20260928_fts_plan-1186-p1;src_20260928_fts_plan-1156-p1;src_20260928_fts_plan-1156-p2;src_20260928_fts_plan-1273-p1;src_20260928_fts_plan-1273-p2;src_20260928_fts_plan-1510-p1;src_20260928_fts_plan-1510-p2;src_20260928_fts_locations
NOR,2025-09-01,2026-08-31,63808135,1186;1156;1273;1510,2026-09-28T06:57:17Z,src_20260928_fts_plan-1186-p1;src_20260928_fts_plan-1156-p1;src_20260928_fts_plan-1156-p2;src_20260928_fts_plan-1273-p1;src_20260928_fts_plan-1273-p2;src_20260928_fts_plan-1510-p1;src_20260928_fts_plan-1510-p2;src_20260928_fts_locations
NZL,2022-10-01,2023-09-30,0,1186;1156;1273;1510,2026-09-28T06:57:17Z,src_20260928_fts_plan-1186-p1;src_20260928_fts_plan-1156-p1;src_20260928_fts_plan-1156-p2;src_20260928_fts_plan-1273-p1;src_20260928_fts_plan-1273-p2;src_20260928_fts_plan-1510-p1;src_20260928_fts_plan-1510-p2;src_20260928_fts_locations
NZL,2022-11-01,2023-10-31,0,1186;1156;1273;1510,2026-09-28T06:57:17Z,src_20260928_fts_plan-1186-p1;src_20260928_fts_plan-1156-p1;src_20260928_fts_plan-1156-p2;src_20260928_fts_plan-1273-p1;src_20260928_fts_plan-1273-p2;src_20260928_fts_plan-1510-p1;src_20260928_fts_plan-1510-p2;src_20260928_fts_locations
NZL,2022-12-01,2023-11-30,2974930,1186;1156;1273;1510,2026-09-28T06:57:17Z,src_20260928_fts_plan-1186-p1;src_20260928_fts_plan-1156-p1;src_20260928_fts_plan-1156-p2;src_20260928_fts_plan-1273-p1;src_20260928_fts_plan-1273-p2;src_20260928_fts_plan-1510-p1;src_20260928_fts_plan-1510-p2;src_20260928_fts_locations
NZL,2023-01-01,2023-12-31,4839442,1186;1156;1273;1510,2026-09-28T06:57:17Z,src_20260928_fts_plan-1186-p1;src_20260928_fts_plan-1156-p1;src_20260928_fts_plan-1156-p2;src_20260928_fts_plan-1273-p1;src_20260928_fts_plan-1273-p2;src_20260928_fts_plan-1510-p1;src_20260928_fts_plan-1510-p2;src_20260928_fts_locations
NZL,2023-02-01,2024-01-31,4839442,1186;1156;1273;1510,2026-09-28T06:57:17Z,src_20260928_fts_plan-1186-p1;src_20260928_fts_plan-1156-p1;src_20260928_fts_plan-1156-p2;src_20260928_fts_plan-1273-p1;src_20260928_fts_plan-1273-p2;src_20260928_fts_plan-1510-p1;src_20260928_fts_plan-1510-p2;src_20260928_fts_locations
NZL,2023-03-01,2024-02-29,9116430,1186;1156;1273;1510,2026-09-28T06:57:17Z,src_20260928_fts_plan-1186-p1;src_20260928_fts_plan-1156-p1;src_20260928_fts_plan-1156-p2;src_20260928_fts_plan-1273-p1;src_20260928_fts_plan-1273-p2;src_20260928_fts_plan-1510-p1;src_20260928_fts_plan-1510-p2;src_20260928_fts_locations
NZL,2023-04-01,2024-03-31,9116430,1186;1156;1273;1510,2026-09-28T06:57:17Z,src_20260928_fts_plan-1186-p1;src_20260928_fts_plan-1156-p1;src_20260928_fts_plan-1156-p2;src_20260928_fts_plan-1273-p1;src_20260928_fts_plan-1273-p2;src_20260928_fts_plan-1510-p1;src_20260928_fts_plan-1510-p2;src_20260928_fts_locations
NZL,2023-05-01,2024-04-30,9116430,1186;1156;1273;1510,2026-09-28T06:57:17Z,src_20260928_fts_plan-1186-p1;src_20260928_fts_plan-1156-p1;src_20260928_fts_plan-1156-p2;src_20260928_fts_plan-1273-p1;src_20260928_fts_plan-1273-p2;src_20260928_fts_plan-1510-p1;src_20260928_fts_plan-1510-p2;src_20260928_fts_locations
NZL,2023-06-01,2024-05-31,9116430,1186;1156;1273;1510,2026-09-28T06:57:17Z,src_20260928_fts_plan-1186-p1;src_20260928_fts_plan-1156-p1;src_20260928_fts_plan-1156-p2;src_20260928_fts_plan-1273-p1;src_20260928_fts_plan-1273-p2;src_20260928_fts_plan-1510-p1;src_20260928_fts_plan-1510-p2;src_20260928_fts_locations
NZL,2023-07-01,2024-06-30,9116430,1186;1156;1273;1510,2026-09-28T06:57:17Z,src_20260928_fts_plan-1186-p1;src_20260928_fts_plan-1156-p1;src_20260928_fts_plan-1156-p2;src_20260928_fts_plan-1273-p1;src_20260928_fts_plan-1273-p2;src_20260928_fts_plan-1510-p1;src_20260928_fts_plan-1510-p2;src_20260928_fts_locations
NZL,2023-08-01,2024-07-31,9116430,1186;1156;1273;1510,2026-09-28T06:57:17Z,src_20260928_fts_plan-1186-p1;src_20260928_fts_plan-1156-p1;src_20260928_fts_plan-1156-p2;src_20260928_fts_plan-1273-p1;src_20260928_fts_plan-1273-p2;src_20260928_fts_plan-1510-p1;src_20260928_fts_plan-1510-p2;src_20260928_fts_locations
NZL,2023-09-01,2024-08-31,9116430,1186;1156;1273;1510,2026-09-28T06:57:17Z,src_20260928_fts_plan-1186-p1;src_20260928_fts_plan-1156-p1;src_20260928_fts_plan-1156-p2;src_20260928_fts_plan-1273-p1;src_20260928_fts_plan-1273-p2;src_20260928_fts_plan-1510-p1;src_20260928_fts_plan-1510-p2;src_20260928_fts_locations
NZL,2023-10-01,2024-09-30,9116430,1186;1156;1273;1510,2026-09-28T06:57:17Z,src_20260928_fts_plan-1186-p1;src_20260928_fts_plan-1156-p1;src_20260928_fts_plan-1156-p2;src_20260928_fts_plan-1273-p1;src_20260928_fts_plan-1273-p2;src_20260928_fts_plan-1510-p1;src_20260928_fts_plan-1510-p2;src_20260928_fts_locations
NZL,2023-11-01,2024-10-31,9116430,1186;1156;1273;1510,2026-09-28T06:57:17Z,src_20260928_fts_plan-1186-p1;src_20260928_fts_plan-1156-p1;src_20260928_fts_plan-1156-p2;src_20260928_fts_plan-1273-p1;src_20260928_fts_plan-1273-p2;src_20260928_fts_plan-1510-p1;src_20260928_fts_plan-1510-p2;src_20260928_fts_locations
NZL,2023-12-01,2024-11-30,7041500,1186;1156;1273;1510,2026-09-28T06:57:17Z,src_20260928_fts_plan-1186-p1;src_20260928_fts_plan-1156-p1;src_20260928_fts_plan-1156-p2;src_20260928_fts_plan-1273-p1;src_20260928_fts_plan-1273-p2;src_20260928_fts_plan-1510-p1;src_20260928_fts_plan-1510-p2;src_20260928_fts_locations
NZL,2024-01-01,2024-12-31,5176988,1186;1156;1273;1510,2026-09-28T06:57:17Z,src_20260928_fts_plan-1186-p1;src_20260928_fts_plan-1156-p1;src_20260928_fts_plan-1156-p2;src_20260928_fts_plan-1273-p1;src_20260928_fts_plan-1273-p2;src_20260928_fts_plan-1510-p1;src_20260928_fts_plan-1510-p2;src_20260928_fts_locations
NZL,2024-02-01,2025-01-31,5176988,1186;1156;1273;1510,2026-09-28T06:57:17Z,src_20260928_fts_plan-1186-p1;src_20260928_fts_plan-1156-p1;src_20260928_fts_plan-1156-p2;src_20260928_fts_plan-1273-p1;src_20260928_fts_plan-1273-p2;src_20260928_fts_plan-1510-p1;src_20260928_fts_plan-1510-p2;src_20260928_fts_locations
NZL,2024-03-01,2025-02-28,3017311,1186;1156;1273;1510,2026-09-28T06:57:17Z,src_20260928_fts_plan-1186-p1;src_20260928_fts_plan-1156-p1;src_20260928_fts_plan-1156-p2;src_20260928_fts_plan-1273-p1;src_20260928_fts_plan-1273-p2;src_20260928_fts_plan-1510-p1;src_20260928_fts_plan-1510-p2;src_20260928_fts_locations
NZL,2024-04-01,2025-03-31,5437095,1186;1156;1273;1510,2026-09-28T06:57:17Z,src_20260928_fts_plan-1186-p1;src_20260928_fts_plan-1156-p1;src_20260928_fts_plan-1156-p2;src_20260928_fts_plan-1273-p1;src_20260928_fts_plan-1273-p2;src_20260928_fts_plan-1510-p1;src_20260928_fts_plan-1510-p2;src_20260928_fts_locations
NZL,2024-05-01,2025-04-30,9627468,1186;1156;1273;1510,2026-09-28T06:57:17Z,src_20260928_fts_plan-1186-p1;src_20260928_fts_plan-1156-p1;src_20260928_fts_plan-1156-p2;src_20260928_fts_plan-1273-p1;src_20260928_fts_plan-1273-p2;src_20260928_fts_plan-1510-p1;src_20260928_fts_plan-1510-p2;src_20260928_fts_locations
NZL,2024-06-01,2025-05-31,9627468,1186;1156;1273;1510,2026-09-28T06:57:17Z,src_20260928_fts_plan-1186-p1;src_20260928_fts_plan-1156-p1;src_20260928_fts_plan-1156-p2;src_20260928_fts_plan-1273-p1;src_20260928_fts_plan-1273-p2;src_20260928_fts_plan-1510-p1;src_20260928_fts_plan-1510-p2;src_20260928_fts_locations
NZL,2024-07-01,2025-06-30,9627468,1186;1156;1273;1510,2026-09-28T06:57:17Z,src_20260928_fts_plan-1186-p1;src_20260928_fts_plan-1156-p1;src_20260928_fts_plan-1156-p2;src_20260928_fts_plan-1273-p1;src_20260928_fts_plan-1273-p2;src_20260928_fts_plan-1510-p1;src_20260928_fts_plan-1510-p2;src_20260928_fts_locations
NZL,2024-08-01,2025-07-31,9627468,1186;1156;1273;1510,2026-09-28T06:57:17Z,src_20260928_fts_plan-1186-p1;src_20260928_fts_plan-1156-p1;src_20260928_fts_plan-1156-p2;src_20260928_fts_plan-1273-p1;src_20260928_fts_plan-1273-p2;src_20260928_fts_plan-1510-p1;src_20260928_fts_plan-1510-p2;src_20260928_fts_locations
NZL,2024-09-01,2025-08-31,9627468,1186;1156;1273;1510,2026-09-28T06:57:17Z,src_20260928_fts_plan-1186-p1;src_20260928_fts_plan-1156-p1;src_20260928_fts_plan-1156-p2;src_20260928_fts_plan-1273-p1;src_20260928_fts_plan-1273-p2;src_20260928_fts_plan-1510-p1;src_20260928_fts_plan-1510-p2;src_20260928_fts_locations
NZL,2024-10-01,2025-09-30,9627468,1186;1156;1273;1510,2026-09-28T06:57:17Z,src_20260928_fts_plan-1186-p1;src_20260928_fts_plan-1156-p1;src_20260928_fts_plan-1156-p2;src_20260928_fts_plan-1273-p1;src_20260928_fts_plan-1273-p2;src_20260928_fts_plan-1510-p1;src_20260928_fts_plan-1510-p2;src_20260928_fts_locations
NZL,2024-11-01,2025-10-31,12049514,1186;1156;1273;1510,2026-09-28T06:57:17Z,src_20260928_fts_plan-1186-p1;src_20260928_fts_plan-1156-p1;src_20260928_fts_plan-1156-p2;src_20260928_fts_plan-1273-p1;src_20260928_fts_plan-1273-p2;src_20260928_fts_plan-1510-p1;src_20260928_fts_plan-1510-p2;src_20260928_fts_locations
NZL,2024-12-01,2025-11-30,11149514,1186;1156;1273;1510,2026-09-28T06:57:17Z,src_20260928_fts_plan-1186-p1;src_20260928_fts_plan-1156-p1;src_20260928_fts_plan-1156-p2;src_20260928_fts_plan-1273-p1;src_20260928_fts_plan-1273-p2;src_20260928_fts_plan-1510-p1;src_20260928_fts_plan-1510-p2;src_20260928_fts_locations
NZL,2025-01-01,2025-12-31,11149514,1186;1156;1273;1510,2026-09-28T06:57:17Z,src_20260928_fts_plan-1186-p1;src_20260928_fts_plan-1156-p1;src_20260928_fts_plan-1156-p2;src_20260928_fts_plan-1273-p1;src_20260928_fts_plan-1273-p2;src_20260928_fts_plan-1510-p1;src_20260928_fts_plan-1510-p2;src_20260928_fts_locations
NZL,2025-02-01,2026-01-31,13439153,1186;1156;1273;1510,2026-09-28T06:57:17Z,src_20260928_fts_plan-1186-p1;src_20260928_fts_plan-1156-p1;src_20260928_fts_plan-1156-p2;src_20260928_fts_plan-1273-p1;src_20260928_fts_plan-1273-p2;src_20260928_fts_plan-1510-p1;src_20260928_fts_plan-1510-p2;src_20260928_fts_locations
NZL,2025-03-01,2026-02-28,11321842,1186;1156;1273;1510,2026-09-28T06:57:17Z,src_20260928_fts_plan-1186-p1;src_20260928_fts_plan-1156-p1;src_20260928_fts_plan-1156-p2;src_20260928_fts_plan-1273-p1;src_20260928_fts_plan-1273-p2;src_20260928_fts_plan-1510-p1;src_20260928_fts_plan-1510-p2;src_20260928_fts_locations
NZL,2025-04-01,2026-03-31,11173495,1186;1156;1273;1510,2026-09-28T06:57:17Z,src_20260928_fts_plan-1186-p1;src_20260928_fts_plan-1156-p1;src_20260928_fts_plan-1156-p2;src_20260928_fts_plan-1273-p1;src_20260928_fts_plan-1273-p2;src_20260928_fts_plan-1510-p1;src_20260928_fts_plan-1510-p2;src_20260928_fts_locations
NZL,2025-05-01,2026-04-30,6983122,1186;1156;1273;1510,2026-09-28T06:57:17Z,src_20260928_fts_plan-1186-p1;src_20260928_fts_plan-1156-p1;src_20260928_fts_plan-1156-p2;src_20260928_fts_plan-1273-p1;src_20260928_fts_plan-1273-p2;src_20260928_fts_plan-1510-p1;src_20260928_fts_plan-1510-p2;src_20260928_fts_locations
NZL,2025-06-01,2026-05-31,6983122,1186;1156;1273;1510,2026-09-28T06:57:17Z,src_20260928_fts_plan-1186-p1;src_20260928_fts_plan-1156-p1;src_20260928_fts_plan-1156-p2;src_20260928_fts_plan-1273-p1;src_20260928_fts_plan-1273-p2;src_20260928_fts_plan-1510-p1;src_20260928_fts_plan-1510-p2;src_20260928_fts_locations
NZL,2025-07-01,2026-06-30,6983122,1186;1156;1273;1510,2026-09-28T06:57:17Z,src_20260928_fts_plan-1186-p1;src_20260928_fts_plan-1156-p1;src_20260928_fts_plan-1156-p2;src_20260928_fts_plan-1273-p1;src_20260928_fts_plan-1273-p2;src_20260928_fts_plan-1510-p1;src_20260928_fts_plan-1510-p2;src_20260928_fts_locations
NZL,2025-08-01,2026-07-31,6983122,1186;1156;1273;1510,2026-09-28T06:57:17Z,src_20260928_fts_plan-1186-p1;src_20260928_fts_plan-1156-p1;src_20260928_fts_plan-1156-p2;src_20260928_fts_plan-1273-p1;src_20260928_fts_plan-1273-p2;src_20260928_fts_plan-1510-p1;src_20260928_fts_plan-1510-p2;src_20260928_fts_locations
NZL,2025-09-01,2026-08-31,6983122,1186;1156;1273;1510,2026-09-28T06:57:17Z,src_20260928_fts_plan-1186-p1;src_20260928_fts_plan-1156-p1;src_20260928_fts_plan-1156-p2;src_20260928_fts_plan-1273-p1;src_20260928_fts_plan-1273-p2;src_20260928_fts_plan-1510-p1;src_20260928_fts_plan-1510-p2;src_20260928_fts_locations
OMN,2022-10-01,2023-09-30,0,1186;1156;1273;1510,2026-09-28T06:57:17Z,src_20260928_fts_plan-1186-p1;src_20260928_fts_plan-1156-p1;src_20260928_fts_plan-1156-p2;src_20260928_fts_plan-1273-p1;src_20260928_fts_plan-1273-p2;src_20260928_fts_plan-1510-p1;src_20260928_fts_plan-1510-p2;src_20260928_fts_locations
OMN,2022-11-01,2023-10-31,0,1186;1156;1273;1510,2026-09-28T06:57:17Z,src_20260928_fts_plan-1186-p1;src_20260928_fts_plan-1156-p1;src_20260928_fts_plan-1156-p2;src_20260928_fts_plan-1273-p1;src_20260928_fts_plan-1273-p2;src_20260928_fts_plan-1510-p1;src_20260928_fts_plan-1510-p2;src_20260928_fts_locations
OMN,2022-12-01,2023-11-30,0,1186;1156;1273;1510,2026-09-28T06:57:17Z,src_20260928_fts_plan-1186-p1;src_20260928_fts_plan-1156-p1;src_20260928_fts_plan-1156-p2;src_20260928_fts_plan-1273-p1;src_20260928_fts_plan-1273-p2;src_20260928_fts_plan-1510-p1;src_20260928_fts_plan-1510-p2;src_20260928_fts_locations
OMN,2023-01-01,2023-12-31,0,1186;1156;1273;1510,2026-09-28T06:57:17Z,src_20260928_fts_plan-1186-p1;src_20260928_fts_plan-1156-p1;src_20260928_fts_plan-1156-p2;src_20260928_fts_plan-1273-p1;src_20260928_fts_plan-1273-p2;src_20260928_fts_plan-1510-p1;src_20260928_fts_plan-1510-p2;src_20260928_fts_locations
OMN,2023-02-01,2024-01-31,0,1186;1156;1273;1510,2026-09-28T06:57:17Z,src_20260928_fts_plan-1186-p1;src_20260928_fts_plan-1156-p1;src_20260928_fts_plan-1156-p2;src_20260928_fts_plan-1273-p1;src_20260928_fts_plan-1273-p2;src_20260928_fts_plan-1510-p1;src_20260928_fts_plan-1510-p2;src_20260928_fts_locations
OMN,2023-03-01,2024-02-29,0,1186;1156;1273;1510,2026-09-28T06:57:17Z,src_20260928_fts_plan-1186-p1;src_20260928_fts_plan-1156-p1;src_20260928_fts_plan-1156-p2;src_20260928_fts_plan-1273-p1;src_20260928_fts_plan-1273-p2;src_20260928_fts_plan-1510-p1;src_20260928_fts_plan-1510-p2;src_20260928_fts_locations
OMN,2023-04-01,2024-03-31,1000000,1186;1156;1273;1510,2026-09-28T06:57:17Z,src_20260928_fts_plan-1186-p1;src_20260928_fts_plan-1156-p1;src_20260928_fts_plan-1156-p2;src_20260928_fts_plan-1273-p1;src_20260928_fts_plan-1273-p2;src_20260928_fts_plan-1510-p1;src_20260928_fts_plan-1510-p2;src_20260928_fts_locations
OMN,2023-05-01,2024-04-30,1000000,1186;1156;1273;1510,2026-09-28T06:57:17Z,src_20260928_fts_plan-1186-p1;src_20260928_fts_plan-1156-p1;src_20260928_fts_plan-1156-p2;src_20260928_fts_plan-1273-p1;src_20260928_fts_plan-1273-p2;src_20260928_fts_plan-1510-p1;src_20260928_fts_plan-1510-p2;src_20260928_fts_locations
OMN,2023-06-01,2024-05-31,1000000,1186;1156;1273;1510,2026-09-28T06:57:17Z,src_20260928_fts_plan-1186-p1;src_20260928_fts_plan-1156-p1;src_20260928_fts_plan-1156-p2;src_20260928_fts_plan-1273-p1;src_20260928_fts_plan-1273-p2;src_20260928_fts_plan-1510-p1;src_20260928_fts_plan-1510-p2;src_20260928_fts_locations
OMN,2023-07-01,2024-06-30,1000000,1186;1156;1273;1510,2026-09-28T06:57:17Z,src_20260928_fts_plan-1186-p1;src_20260928_fts_plan-1156-p1;src_20260928_fts_plan-1156-p2;src_20260928_fts_plan-1273-p1;src_20260928_fts_plan-1273-p2;src_20260928_fts_plan-1510-p1;src_20260928_fts_plan-1510-p2;src_20260928_fts_locations
OMN,2023-08-01,2024-07-31,1000000,1186;1156;1273;1510,2026-09-28T06:57:17Z,src_20260928_fts_plan-1186-p1;src_20260928_fts_plan-1156-p1;src_20260928_fts_plan-1156-p2;src_20260928_fts_plan-1273-p1;src_20260928_fts_plan-1273-p2;src_20260928_fts_plan-1510-p1;src_20260928_fts_plan-1510-p2;src_20260928_fts_locations
OMN,2023-09-01,2024-08-31,1000000,1186;1156;1273;1510,2026-09-28T06:57:17Z,src_20260928_fts_plan-1186-p1;src_20260928_fts_plan-1156-p1;src_20260928_fts_plan-1156-p2;src_20260928_fts_plan-1273-p1;src_20260928_fts_plan-1273-p2;src_20260928_fts_plan-1510-p1;src_20260928_fts_plan-1510-p2;src_20260928_fts_locations
OMN,2023-10-01,2024-09-30,1000000,1186;1156;1273;1510,2026-09-28T06:57:17Z,src_20260928_fts_plan-1186-p1;src_20260928_fts_plan-1156-p1;src_20260928_fts_plan-1156-p2;src_20260928_fts_plan-1273-p1;src_20260928_fts_plan-1273-p2;src_20260928_fts_plan-1510-p1;src_20260928_fts_plan-1510-p2;src_20260928_fts_locations
OMN,2023-11-01,2024-10-31,1000000,1186;1156;1273;1510,2026-09-28T06:57:17Z,src_20260928_fts_plan-1186-p1;src_20260928_fts_plan-1156-p1;src_20260928_fts_plan-1156-p2;src_20260928_fts_plan-1273-p1;src_20260928_fts_plan-1273-p2;src_20260928_fts_plan-1510-p1;src_20260928_fts_plan-1510-p2;src_20260928_fts_locations
OMN,2023-12-01,2024-11-30,1000000,1186;1156;1273;1510,2026-09-28T06:57:17Z,src_20260928_fts_plan-1186-p1;src_20260928_fts_plan-1156-p1;src_20260928_fts_plan-1156-p2;src_20260928_fts_plan-1273-p1;src_20260928_fts_plan-1273-p2;src_20260928_fts_plan-1510-p1;src_20260928_fts_plan-1510-p2;src_20260928_fts_locations
OMN,2024-01-01,2024-12-31,1000000,1186;1156;1273;1510,2026-09-28T06:57:17Z,src_20260928_fts_plan-1186-p1;src_20260928_fts_plan-1156-p1;src_20260928_fts_plan-1156-p2;src_20260928_fts_plan-1273-p1;src_20260928_fts_plan-1273-p2;src_20260928_fts_plan-1510-p1;src_20260928_fts_plan-1510-p2;src_20260928_fts_locations
OMN,2024-02-01,2025-01-31,1000000,1186;1156;1273;1510,2026-09-28T06:57:17Z,src_20260928_fts_plan-1186-p1;src_20260928_fts_plan-1156-p1;src_20260928_fts_plan-1156-p2;src_20260928_fts_plan-1273-p1;src_20260928_fts_plan-1273-p2;src_20260928_fts_plan-1510-p1;src_20260928_fts_plan-1510-p2;src_20260928_fts_locations
OMN,2024-03-01,2025-02-28,1000000,1186;1156;1273;1510,2026-09-28T06:57:17Z,src_20260928_fts_plan-1186-p1;src_20260928_fts_plan-1156-p1;src_20260928_fts_plan-1156-p2;src_20260928_fts_plan-1273-p1;src_20260928_fts_plan-1273-p2;src_20260928_fts_plan-1510-p1;src_20260928_fts_plan-1510-p2;src_20260928_fts_locations
OMN,2024-04-01,2025-03-31,0,1186;1156;1273;1510,2026-09-28T06:57:17Z,src_20260928_fts_plan-1186-p1;src_20260928_fts_plan-1156-p1;src_20260928_fts_plan-1156-p2;src_20260928_fts_plan-1273-p1;src_20260928_fts_plan-1273-p2;src_20260928_fts_plan-1510-p1;src_20260928_fts_plan-1510-p2;src_20260928_fts_locations
OMN,2024-05-01,2025-04-30,0,1186;1156;1273;1510,2026-09-28T06:57:17Z,src_20260928_fts_plan-1186-p1;src_20260928_fts_plan-1156-p1;src_20260928_fts_plan-1156-p2;src_20260928_fts_plan-1273-p1;src_20260928_fts_plan-1273-p2;src_20260928_fts_plan-1510-p1;src_20260928_fts_plan-1510-p2;src_20260928_fts_locations
OMN,2024-06-01,2025-05-31,0,1186;1156;1273;1510,2026-09-28T06:57:17Z,src_20260928_fts_plan-1186-p1;src_20260928_fts_plan-1156-p1;src_20260928_fts_plan-1156-p2;src_20260928_fts_plan-1273-p1;src_20260928_fts_plan-1273-p2;src_20260928_fts_plan-1510-p1;src_20260928_fts_plan-1510-p2;src_20260928_fts_locations
OMN,2024-07-01,2025-06-30,0,1186;1156;1273;1510,2026-09-28T06:57:17Z,src_20260928_fts_plan-1186-p1;src_20260928_fts_plan-1156-p1;src_20260928_fts_plan-1156-p2;src_20260928_fts_plan-1273-p1;src_20260928_fts_plan-1273-p2;src_20260928_fts_plan-1510-p1;src_20260928_fts_plan-1510-p2;src_20260928_fts_locations
OMN,2024-08-01,2025-07-31,0,1186;1156;1273;1510,2026-09-28T06:57:17Z,src_20260928_fts_plan-1186-p1;src_20260928_fts_plan-1156-p1;src_20260928_fts_plan-1156-p2;src_20260928_fts_plan-1273-p1;src_20260928_fts_plan-1273-p2;src_20260928_fts_plan-1510-p1;src_20260928_fts_plan-1510-p2;src_20260928_fts_locations
OMN,2024-09-01,2025-08-31,0,1186;1156;1273;1510,2026-09-28T06:57:17Z,src_20260928_fts_plan-1186-p1;src_20260928_fts_plan-1156-p1;src_20260928_fts_plan-1156-p2;src_20260928_fts_plan-1273-p1;src_20260928_fts_plan-1273-p2;src_20260928_fts_plan-1510-p1;src_20260928_fts_plan-1510-p2;src_20260928_fts_locations
OMN,2024-10-01,2025-09-30,0,1186;1156;1273;1510,2026-09-28T06:57:17Z,src_20260928_fts_plan-1186-p1;src_20260928_fts_plan-1156-p1;src_20260928_fts_plan-1156-p2;src_20260928_fts_plan-1273-p1;src_20260928_fts_plan-1273-p2;src_20260928_fts_plan-1510-p1;src_20260928_fts_plan-1510-p2;src_20260928_fts_locations
OMN,2024-11-01,2025-10-31,0,1186;1156;1273;1510,2026-09-28T06:57:17Z,src_20260928_fts_plan-1186-p1;src_20260928_fts_plan-1156-p1;src_20260928_fts_plan-1156-p2;src_20260928_fts_plan-1273-p1;src_20260928_fts_plan-1273-p2;src_20260928_fts_plan-1510-p1;src_20260928_fts_plan-1510-p2;src_20260928_fts_locations
OMN,2024-12-01,2025-11-30,0,1186;1156;1273;1510,2026-09-28T06:57:17Z,src_20260928_fts_plan-1186-p1;src_20260928_fts_plan-1156-p1;src_20260928_fts_plan-1156-p2;src_20260928_fts_plan-1273-p1;src_20260928_fts_plan-1273-p2;src_20260928_fts_plan-1510-p1;src_20260928_fts_plan-1510-p2;src_20260928_fts_locations
OMN,2025-01-01,2025-12-31,0,1186;1156;1273;1510,2026-09-28T06:57:17Z,src_20260928_fts_plan-1186-p1;src_20260928_fts_plan-1156-p1;src_20260928_fts_plan-1156-p2;src_20260928_fts_plan-1273-p1;src_20260928_fts_plan-1273-p2;src_20260928_fts_plan-1510-p1;src_20260928_fts_plan-1510-p2;src_20260928_fts_locations
OMN,2025-02-01,2026-01-31,0,1186;1156;1273;1510,2026-09-28T06:57:17Z,src_20260928_fts_plan-1186-p1;src_20260928_fts_plan-1156-p1;src_20260928_fts_plan-1156-p2;src_20260928_fts_plan-1273-p1;src_20260928_fts_plan-1273-p2;src_20260928_fts_plan-1510-p1;src_20260928_fts_plan-1510-p2;src_20260928_fts_locations
OMN,2025-03-01,2026-02-28,0,1186;1156;1273;1510,2026-09-28T06:57:17Z,src_20260928_fts_plan-1186-p1;src_20260928_fts_plan-1156-p1;src_20260928_fts_plan-1156-p2;src_20260928_fts_plan-1273-p1;src_20260928_fts_plan-1273-p2;src_20260928_fts_plan-1510-p1;src_20260928_fts_plan-1510-p2;src_20260928_fts_locations
OMN,2025-04-01,2026-03-31,0,1186;1156;1273;1510,2026-09-28T06:57:17Z,src_20260928_fts_plan-1186-p1;src_20260928_fts_plan-1156-p1;src_20260928_fts_plan-1156-p2;src_20260928_fts_plan-1273-p1;src_20260928_fts_plan-1273-p2;src_20260928_fts_plan-1510-p1;src_20260928_fts_plan-1510-p2;src_20260928_fts_locations
OMN,2025-05-01,2026-04-30,0,1186;1156;1273;1510,2026-09-28T06:57:17Z,src_20260928_fts_plan-1186-p1;src_20260928_fts_plan-1156-p1;src_20260928_fts_plan-1156-p2;src_20260928_fts_plan-1273-p1;src_20260928_fts_plan-1273-p2;src_20260928_fts_plan-1510-p1;src_20260928_fts_plan-1510-p2;src_20260928_fts_locations
OMN,2025-06-01,2026-05-31,0,1186;1156;1273;1510,2026-09-28T06:57:17Z,src_20260928_fts_plan-1186-p1;src_20260928_fts_plan-1156-p1;src_20260928_fts_plan-1156-p2;src_20260928_fts_plan-1273-p1;src_20260928_fts_plan-1273-p2;src_20260928_fts_plan-1510-p1;src_20260928_fts_plan-1510-p2;src_20260928_fts_locations
OMN,2025-07-01,2026-06-30,0,1186;1156;1273;1510,2026-09-28T06:57:17Z,src_20260928_fts_plan-1186-p1;src_20260928_fts_plan-1156-p1;src_20260928_fts_plan-1156-p2;src_20260928_fts_plan-1273-p1;src_20260928_fts_plan-1273-p2;src_20260928_fts_plan-1510-p1;src_20260928_fts_plan-1510-p2;src_20260928_fts_locations
OMN,2025-08-01,2026-07-31,0,1186;1156;1273;1510,2026-09-28T06:57:17Z,src_20260928_fts_plan-1186-p1;src_20260928_fts_plan-1156-p1;src_20260928_fts_plan-1156-p2;src_20260928_fts_plan-1273-p1;src_20260928_fts_plan-1273-p2;src_20260928_fts_plan-1510-p1;src_20260928_fts_plan-1510-p2;src_20260928_fts_locations
OMN,2025-09-01,2026-08-31,0,1186;1156;1273;1510,2026-09-28T06:57:17Z,src_20260928_fts_plan-1186-p1;src_20260928_fts_plan-1156-p1;src_20260928_fts_plan-1156-p2;src_20260928_fts_plan-1273-p1;src_20260928_fts_plan-1273-p2;src_20260928_fts_plan-1510-p1;src_20260928_fts_plan-1510-p2;src_20260928_fts_locations
POL,2022-10-01,2023-09-30,0,1186;1156;1273;1510,2026-09-28T06:57:17Z,src_20260928_fts_plan-1186-p1;src_20260928_fts_plan-1156-p1;src_20260928_fts_plan-1156-p2;src_20260928_fts_plan-1273-p1;src_20260928_fts_plan-1273-p2;src_20260928_fts_plan-1510-p1;src_20260928_fts_plan-1510-p2;src_20260928_fts_locations
POL,2022-11-01,2023-10-31,550294,1186;1156;1273;1510,2026-09-28T06:57:17Z,src_20260928_fts_plan-1186-p1;src_20260928_fts_plan-1156-p1;src_20260928_fts_plan-1156-p2;src_20260928_fts_plan-1273-p1;src_20260928_fts_plan-1273-p2;src_20260928_fts_plan-1510-p1;src_20260928_fts_plan-1510-p2;src_20260928_fts_locations
POL,2022-12-01,2023-11-30,550294,1186;1156;1273;1510,2026-09-28T06:57:17Z,src_20260928_fts_plan-1186-p1;src_20260928_fts_plan-1156-p1;src_20260928_fts_plan-1156-p2;src_20260928_fts_plan-1273-p1;src_20260928_fts_plan-1273-p2;src_20260928_fts_plan-1510-p1;src_20260928_fts_plan-1510-p2;src_20260928_fts_locations
POL,2023-01-01,2023-12-31,1636427,1186;1156;1273;1510,2026-09-28T06:57:17Z,src_20260928_fts_plan-1186-p1;src_20260928_fts_plan-1156-p1;src_20260928_fts_plan-1156-p2;src_20260928_fts_plan-1273-p1;src_20260928_fts_plan-1273-p2;src_20260928_fts_plan-1510-p1;src_20260928_fts_plan-1510-p2;src_20260928_fts_locations
POL,2023-02-01,2024-01-31,1636427,1186;1156;1273;1510,2026-09-28T06:57:17Z,src_20260928_fts_plan-1186-p1;src_20260928_fts_plan-1156-p1;src_20260928_fts_plan-1156-p2;src_20260928_fts_plan-1273-p1;src_20260928_fts_plan-1273-p2;src_20260928_fts_plan-1510-p1;src_20260928_fts_plan-1510-p2;src_20260928_fts_locations
POL,2023-03-01,2024-02-29,1636427,1186;1156;1273;1510,2026-09-28T06:57:17Z,src_20260928_fts_plan-1186-p1;src_20260928_fts_plan-1156-p1;src_20260928_fts_plan-1156-p2;src_20260928_fts_plan-1273-p1;src_20260928_fts_plan-1273-p2;src_20260928_fts_plan-1510-p1;src_20260928_fts_plan-1510-p2;src_20260928_fts_locations
POL,2023-04-01,2024-03-31,1636427,1186;1156;1273;1510,2026-09-28T06:57:17Z,src_20260928_fts_plan-1186-p1;src_20260928_fts_plan-1156-p1;src_20260928_fts_plan-1156-p2;src_20260928_fts_plan-1273-p1;src_20260928_fts_plan-1273-p2;src_20260928_fts_plan-1510-p1;src_20260928_fts_plan-1510-p2;src_20260928_fts_locations
POL,2023-05-01,2024-04-30,1636427,1186;1156;1273;1510,2026-09-28T06:57:17Z,src_20260928_fts_plan-1186-p1;src_20260928_fts_plan-1156-p1;src_20260928_fts_plan-1156-p2;src_20260928_fts_plan-1273-p1;src_20260928_fts_plan-1273-p2;src_20260928_fts_plan-1510-p1;src_20260928_fts_plan-1510-p2;src_20260928_fts_locations
POL,2023-06-01,2024-05-31,1636427,1186;1156;1273;1510,2026-09-28T06:57:17Z,src_20260928_fts_plan-1186-p1;src_20260928_fts_plan-1156-p1;src_20260928_fts_plan-1156-p2;src_20260928_fts_plan-1273-p1;src_20260928_fts_plan-1273-p2;src_20260928_fts_plan-1510-p1;src_20260928_fts_plan-1510-p2;src_20260928_fts_locations
POL,2023-07-01,2024-06-30,1636427,1186;1156;1273;1510,2026-09-28T06:57:17Z,src_20260928_fts_plan-1186-p1;src_20260928_fts_plan-1156-p1;src_20260928_fts_plan-1156-p2;src_20260928_fts_plan-1273-p1;src_20260928_fts_plan-1273-p2;src_20260928_fts_plan-1510-p1;src_20260928_fts_plan-1510-p2;src_20260928_fts_locations
POL,2023-08-01,2024-07-31,2636427,1186;1156;1273;1510,2026-09-28T06:57:17Z,src_20260928_fts_plan-1186-p1;src_20260928_fts_plan-1156-p1;src_20260928_fts_plan-1156-p2;src_20260928_fts_plan-1273-p1;src_20260928_fts_plan-1273-p2;src_20260928_fts_plan-1510-p1;src_20260928_fts_plan-1510-p2;src_20260928_fts_locations
POL,2023-09-01,2024-08-31,5196073,1186;1156;1273;1510,2026-09-28T06:57:17Z,src_20260928_fts_plan-1186-p1;src_20260928_fts_plan-1156-p1;src_20260928_fts_plan-1156-p2;src_20260928_fts_plan-1273-p1;src_20260928_fts_plan-1273-p2;src_20260928_fts_plan-1510-p1;src_20260928_fts_plan-1510-p2;src_20260928_fts_locations
POL,2023-10-01,2024-09-30,5196073,1186;1156;1273;1510,2026-09-28T06:57:17Z,src_20260928_fts_plan-1186-p1;src_20260928_fts_plan-1156-p1;src_20260928_fts_plan-1156-p2;src_20260928_fts_plan-1273-p1;src_20260928_fts_plan-1273-p2;src_20260928_fts_plan-1510-p1;src_20260928_fts_plan-1510-p2;src_20260928_fts_locations
POL,2023-11-01,2024-10-31,4645779,1186;1156;1273;1510,2026-09-28T06:57:17Z,src_20260928_fts_plan-1186-p1;src_20260928_fts_plan-1156-p1;src_20260928_fts_plan-1156-p2;src_20260928_fts_plan-1273-p1;src_20260928_fts_plan-1273-p2;src_20260928_fts_plan-1510-p1;src_20260928_fts_plan-1510-p2;src_20260928_fts_locations
POL,2023-12-01,2024-11-30,4735940,1186;1156;1273;1510,2026-09-28T06:57:17Z,src_20260928_fts_plan-1186-p1;src_20260928_fts_plan-1156-p1;src_20260928_fts_plan-1156-p2;src_20260928_fts_plan-1273-p1;src_20260928_fts_plan-1273-p2;src_20260928_fts_plan-1510-p1;src_20260928_fts_plan-1510-p2;src_20260928_fts_locations
POL,2024-01-01,2024-12-31,3649807,1186;1156;1273;1510,2026-09-28T06:57:17Z,src_20260928_fts_plan-1186-p1;src_20260928_fts_plan-1156-p1;src_20260928_fts_plan-1156-p2;src_20260928_fts_plan-1273-p1;src_20260928_fts_plan-1273-p2;src_20260928_fts_plan-1510-p1;src_20260928_fts_plan-1510-p2;src_20260928_fts_locations
POL,2024-02-01,2025-01-31,3649807,1186;1156;1273;1510,2026-09-28T06:57:17Z,src_20260928_fts_plan-1186-p1;src_20260928_fts_plan-1156-p1;src_20260928_fts_plan-1156-p2;src_20260928_fts_plan-1273-p1;src_20260928_fts_plan-1273-p2;src_20260928_fts_plan-1510-p1;src_20260928_fts_plan-1510-p2;src_20260928_fts_locations
POL,2024-03-01,2025-02-28,3649807,1186;1156;1273;1510,2026-09-28T06:57:17Z,src_20260928_fts_plan-1186-p1;src_20260928_fts_plan-1156-p1;src_20260928_fts_plan-1156-p2;src_20260928_fts_plan-1273-p1;src_20260928_fts_plan-1273-p2;src_20260928_fts_plan-1510-p1;src_20260928_fts_plan-1510-p2;src_20260928_fts_locations
POL,2024-04-01,2025-03-31,4956339,1186;1156;1273;1510,2026-09-28T06:57:17Z,src_20260928_fts_plan-1186-p1;src_20260928_fts_plan-1156-p1;src_20260928_fts_plan-1156-p2;src_20260928_fts_plan-1273-p1;src_20260928_fts_plan-1273-p2;src_20260928_fts_plan-1510-p1;src_20260928_fts_plan-1510-p2;src_20260928_fts_locations
POL,2024-05-01,2025-04-30,5980979,1186;1156;1273;1510,2026-09-28T06:57:17Z,src_20260928_fts_plan-1186-p1;src_20260928_fts_plan-1156-p1;src_20260928_fts_plan-1156-p2;src_20260928_fts_plan-1273-p1;src_20260928_fts_plan-1273-p2;src_20260928_fts_plan-1510-p1;src_20260928_fts_plan-1510-p2;src_20260928_fts_locations
POL,2024-06-01,2025-05-31,5980979,1186;1156;1273;1510,2026-09-28T06:57:17Z,src_20260928_fts_plan-1186-p1;src_20260928_fts_plan-1156-p1;src_20260928_fts_plan-1156-p2;src_20260928_fts_plan-1273-p1;src_20260928_fts_plan-1273-p2;src_20260928_fts_plan-1510-p1;src_20260928_fts_plan-1510-p2;src_20260928_fts_locations
POL,2024-07-01,2025-06-30,5980979,1186;1156;1273;1510,2026-09-28T06:57:17Z,src_20260928_fts_plan-1186-p1;src_20260928_fts_plan-1156-p1;src_20260928_fts_plan-1156-p2;src_20260928_fts_plan-1273-p1;src_20260928_fts_plan-1273-p2;src_20260928_fts_plan-1510-p1;src_20260928_fts_plan-1510-p2;src_20260928_fts_locations
POL,2024-08-01,2025-07-31,4980979,1186;1156;1273;1510,2026-09-28T06:57:17Z,src_20260928_fts_plan-1186-p1;src_20260928_fts_plan-1156-p1;src_20260928_fts_plan-1156-p2;src_20260928_fts_plan-1273-p1;src_20260928_fts_plan-1273-p2;src_20260928_fts_plan-1510-p1;src_20260928_fts_plan-1510-p2;src_20260928_fts_locations
POL,2024-09-01,2025-08-31,2421333,1186;1156;1273;1510,2026-09-28T06:57:17Z,src_20260928_fts_plan-1186-p1;src_20260928_fts_plan-1156-p1;src_20260928_fts_plan-1156-p2;src_20260928_fts_plan-1273-p1;src_20260928_fts_plan-1273-p2;src_20260928_fts_plan-1510-p1;src_20260928_fts_plan-1510-p2;src_20260928_fts_locations
POL,2024-10-01,2025-09-30,2421333,1186;1156;1273;1510,2026-09-28T06:57:17Z,src_20260928_fts_plan-1186-p1;src_20260928_fts_plan-1156-p1;src_20260928_fts_plan-1156-p2;src_20260928_fts_plan-1273-p1;src_20260928_fts_plan-1273-p2;src_20260928_fts_plan-1510-p1;src_20260928_fts_plan-1510-p2;src_20260928_fts_locations
POL,2024-11-01,2025-10-31,2421333,1186;1156;1273;1510,2026-09-28T06:57:17Z,src_20260928_fts_plan-1186-p1;src_20260928_fts_plan-1156-p1;src_20260928_fts_plan-1156-p2;src_20260928_fts_plan-1273-p1;src_20260928_fts_plan-1273-p2;src_20260928_fts_plan-1510-p1;src_20260928_fts_plan-1510-p2;src_20260928_fts_locations
POL,2024-12-01,2025-11-30,3705669,1186;1156;1273;1510,2026-09-28T06:57:17Z,src_20260928_fts_plan-1186-p1;src_20260928_fts_plan-1156-p1;src_20260928_fts_plan-1156-p2;src_20260928_fts_plan-1273-p1;src_20260928_fts_plan-1273-p2;src_20260928_fts_plan-1510-p1;src_20260928_fts_plan-1510-p2;src_20260928_fts_locations
POL,2025-01-01,2025-12-31,5200894,1186;1156;1273;1510,2026-09-28T06:57:17Z,src_20260928_fts_plan-1186-p1;src_20260928_fts_plan-1156-p1;src_20260928_fts_plan-1156-p2;src_20260928_fts_plan-1273-p1;src_20260928_fts_plan-1273-p2;src_20260928_fts_plan-1510-p1;src_20260928_fts_plan-1510-p2;src_20260928_fts_locations
POL,2025-02-01,2026-01-31,5472412,1186;1156;1273;1510,2026-09-28T06:57:17Z,src_20260928_fts_plan-1186-p1;src_20260928_fts_plan-1156-p1;src_20260928_fts_plan-1156-p2;src_20260928_fts_plan-1273-p1;src_20260928_fts_plan-1273-p2;src_20260928_fts_plan-1510-p1;src_20260928_fts_plan-1510-p2;src_20260928_fts_locations
POL,2025-03-01,2026-02-28,5472412,1186;1156;1273;1510,2026-09-28T06:57:17Z,src_20260928_fts_plan-1186-p1;src_20260928_fts_plan-1156-p1;src_20260928_fts_plan-1156-p2;src_20260928_fts_plan-1273-p1;src_20260928_fts_plan-1273-p2;src_20260928_fts_plan-1510-p1;src_20260928_fts_plan-1510-p2;src_20260928_fts_locations
POL,2025-04-01,2026-03-31,4165880,1186;1156;1273;1510,2026-09-28T06:57:17Z,src_20260928_fts_plan-1186-p1;src_20260928_fts_plan-1156-p1;src_20260928_fts_plan-1156-p2;src_20260928_fts_plan-1273-p1;src_20260928_fts_plan-1273-p2;src_20260928_fts_plan-1510-p1;src_20260928_fts_plan-1510-p2;src_20260928_fts_locations
POL,2025-05-01,2026-04-30,3141240,1186;1156;1273;1510,2026-09-28T06:57:17Z,src_20260928_fts_plan-1186-p1;src_20260928_fts_plan-1156-p1;src_20260928_fts_plan-1156-p2;src_20260928_fts_plan-1273-p1;src_20260928_fts_plan-1273-p2;src_20260928_fts_plan-1510-p1;src_20260928_fts_plan-1510-p2;src_20260928_fts_locations
POL,2025-06-01,2026-05-31,3141240,1186;1156;1273;1510,2026-09-28T06:57:17Z,src_20260928_fts_plan-1186-p1;src_20260928_fts_plan-1156-p1;src_20260928_fts_plan-1156-p2;src_20260928_fts_plan-1273-p1;src_20260928_fts_plan-1273-p2;src_20260928_fts_plan-1510-p1;src_20260928_fts_plan-1510-p2;src_20260928_fts_locations
POL,2025-07-01,2026-06-30,4333281,1186;1156;1273;1510,2026-09-28T06:57:17Z,src_20260928_fts_plan-1186-p1;src_20260928_fts_plan-1156-p1;src_20260928_fts_plan-1156-p2;src_20260928_fts_plan-1273-p1;src_20260928_fts_plan-1273-p2;src_20260928_fts_plan-1510-p1;src_20260928_fts_plan-1510-p2;src_20260928_fts_locations
POL,2025-08-01,2026-07-31,5381741,1186;1156;1273;1510,2026-09-28T06:57:17Z,src_20260928_fts_plan-1186-p1;src_20260928_fts_plan-1156-p1;src_20260928_fts_plan-1156-p2;src_20260928_fts_plan-1273-p1;src_20260928_fts_plan-1273-p2;src_20260928_fts_plan-1510-p1;src_20260928_fts_plan-1510-p2;src_20260928_fts_locations
POL,2025-09-01,2026-08-31,5381741,1186;1156;1273;1510,2026-09-28T06:57:17Z,src_20260928_fts_plan-1186-p1;src_20260928_fts_plan-1156-p1;src_20260928_fts_plan-1156-p2;src_20260928_fts_plan-1273-p1;src_20260928_fts_plan-1273-p2;src_20260928_fts_plan-1510-p1;src_20260928_fts_plan-1510-p2;src_20260928_fts_locations
PRT,2022-10-01,2023-09-30,0,1186;1156;1273;1510,2026-09-28T06:57:17Z,src_20260928_fts_plan-1186-p1;src_20260928_fts_plan-1156-p1;src_20260928_fts_plan-1156-p2;src_20260928_fts_plan-1273-p1;src_20260928_fts_plan-1273-p2;src_20260928_fts_plan-1510-p1;src_20260928_fts_plan-1510-p2;src_20260928_fts_locations
PRT,2022-11-01,2023-10-31,0,1186;1156;1273;1510,2026-09-28T06:57:17Z,src_20260928_fts_plan-1186-p1;src_20260928_fts_plan-1156-p1;src_20260928_fts_plan-1156-p2;src_20260928_fts_plan-1273-p1;src_20260928_fts_plan-1273-p2;src_20260928_fts_plan-1510-p1;src_20260928_fts_plan-1510-p2;src_20260928_fts_locations
PRT,2022-12-01,2023-11-30,0,1186;1156;1273;1510,2026-09-28T06:57:17Z,src_20260928_fts_plan-1186-p1;src_20260928_fts_plan-1156-p1;src_20260928_fts_plan-1156-p2;src_20260928_fts_plan-1273-p1;src_20260928_fts_plan-1273-p2;src_20260928_fts_plan-1510-p1;src_20260928_fts_plan-1510-p2;src_20260928_fts_locations
PRT,2023-01-01,2023-12-31,5393743,1186;1156;1273;1510,2026-09-28T06:57:17Z,src_20260928_fts_plan-1186-p1;src_20260928_fts_plan-1156-p1;src_20260928_fts_plan-1156-p2;src_20260928_fts_plan-1273-p1;src_20260928_fts_plan-1273-p2;src_20260928_fts_plan-1510-p1;src_20260928_fts_plan-1510-p2;src_20260928_fts_locations
PRT,2023-02-01,2024-01-31,5393743,1186;1156;1273;1510,2026-09-28T06:57:17Z,src_20260928_fts_plan-1186-p1;src_20260928_fts_plan-1156-p1;src_20260928_fts_plan-1156-p2;src_20260928_fts_plan-1273-p1;src_20260928_fts_plan-1273-p2;src_20260928_fts_plan-1510-p1;src_20260928_fts_plan-1510-p2;src_20260928_fts_locations
PRT,2023-03-01,2024-02-29,9680988,1186;1156;1273;1510,2026-09-28T06:57:17Z,src_20260928_fts_plan-1186-p1;src_20260928_fts_plan-1156-p1;src_20260928_fts_plan-1156-p2;src_20260928_fts_plan-1273-p1;src_20260928_fts_plan-1273-p2;src_20260928_fts_plan-1510-p1;src_20260928_fts_plan-1510-p2;src_20260928_fts_locations
PRT,2023-04-01,2024-03-31,9680988,1186;1156;1273;1510,2026-09-28T06:57:17Z,src_20260928_fts_plan-1186-p1;src_20260928_fts_plan-1156-p1;src_20260928_fts_plan-1156-p2;src_20260928_fts_plan-1273-p1;src_20260928_fts_plan-1273-p2;src_20260928_fts_plan-1510-p1;src_20260928_fts_plan-1510-p2;src_20260928_fts_locations
PRT,2023-05-01,2024-04-30,9680988,1186;1156;1273;1510,2026-09-28T06:57:17Z,src_20260928_fts_plan-1186-p1;src_20260928_fts_plan-1156-p1;src_20260928_fts_plan-1156-p2;src_20260928_fts_plan-1273-p1;src_20260928_fts_plan-1273-p2;src_20260928_fts_plan-1510-p1;src_20260928_fts_plan-1510-p2;src_20260928_fts_locations
PRT,2023-06-01,2024-05-31,20480124,1186;1156;1273;1510,2026-09-28T06:57:17Z,src_20260928_fts_plan-1186-p1;src_20260928_fts_plan-1156-p1;src_20260928_fts_plan-1156-p2;src_20260928_fts_plan-1273-p1;src_20260928_fts_plan-1273-p2;src_20260928_fts_plan-1510-p1;src_20260928_fts_plan-1510-p2;src_20260928_fts_locations
PRT,2023-07-01,2024-06-30,20480124,1186;1156;1273;1510,2026-09-28T06:57:17Z,src_20260928_fts_plan-1186-p1;src_20260928_fts_plan-1156-p1;src_20260928_fts_plan-1156-p2;src_20260928_fts_plan-1273-p1;src_20260928_fts_plan-1273-p2;src_20260928_fts_plan-1510-p1;src_20260928_fts_plan-1510-p2;src_20260928_fts_locations
PRT,2023-08-01,2024-07-31,20480124,1186;1156;1273;1510,2026-09-28T06:57:17Z,src_20260928_fts_plan-1186-p1;src_20260928_fts_plan-1156-p1;src_20260928_fts_plan-1156-p2;src_20260928_fts_plan-1273-p1;src_20260928_fts_plan-1273-p2;src_20260928_fts_plan-1510-p1;src_20260928_fts_plan-1510-p2;src_20260928_fts_locations
PRT,2023-09-01,2024-08-31,20480124,1186;1156;1273;1510,2026-09-28T06:57:17Z,src_20260928_fts_plan-1186-p1;src_20260928_fts_plan-1156-p1;src_20260928_fts_plan-1156-p2;src_20260928_fts_plan-1273-p1;src_20260928_fts_plan-1273-p2;src_20260928_fts_plan-1510-p1;src_20260928_fts_plan-1510-p2;src_20260928_fts_locations
PRT,2023-10-01,2024-09-30,20480124,1186;1156;1273;1510,2026-09-28T06:57:17Z,src_20260928_fts_plan-1186-p1;src_20260928_fts_plan-1156-p1;src_20260928_fts_plan-1156-p2;src_20260928_fts_plan-1273-p1;src_20260928_fts_plan-1273-p2;src_20260928_fts_plan-1510-p1;src_20260928_fts_plan-1510-p2;src_20260928_fts_locations
PRT,2023-11-01,2024-10-31,20698942,1186;1156;1273;1510,2026-09-28T06:57:17Z,src_20260928_fts_plan-1186-p1;src_20260928_fts_plan-1156-p1;src_20260928_fts_plan-1156-p2;src_20260928_fts_plan-1273-p1;src_20260928_fts_plan-1273-p2;src_20260928_fts_plan-1510-p1;src_20260928_fts_plan-1510-p2;src_20260928_fts_locations
PRT,2023-12-01,2024-11-30,20698942,1186;1156;1273;1510,2026-09-28T06:57:17Z,src_20260928_fts_plan-1186-p1;src_20260928_fts_plan-1156-p1;src_20260928_fts_plan-1156-p2;src_20260928_fts_plan-1273-p1;src_20260928_fts_plan-1273-p2;src_20260928_fts_plan-1510-p1;src_20260928_fts_plan-1510-p2;src_20260928_fts_locations
PRT,2024-01-01,2024-12-31,15410131,1186;1156;1273;1510,2026-09-28T06:57:17Z,src_20260928_fts_plan-1186-p1;src_20260928_fts_plan-1156-p1;src_20260928_fts_plan-1156-p2;src_20260928_fts_plan-1273-p1;src_20260928_fts_plan-1273-p2;src_20260928_fts_plan-1510-p1;src_20260928_fts_plan-1510-p2;src_20260928_fts_locations
PRT,2024-02-01,2025-01-31,15410131,1186;1156;1273;1510,2026-09-28T06:57:17Z,src_20260928_fts_plan-1186-p1;src_20260928_fts_plan-1156-p1;src_20260928_fts_plan-1156-p2;src_20260928_fts_plan-1273-p1;src_20260928_fts_plan-1273-p2;src_20260928_fts_plan-1510-p1;src_20260928_fts_plan-1510-p2;src_20260928_fts_locations
PRT,2024-03-01,2025-02-28,11122886,1186;1156;1273;1510,2026-09-28T06:57:17Z,src_20260928_fts_plan-1186-p1;src_20260928_fts_plan-1156-p1;src_20260928_fts_plan-1156-p2;src_20260928_fts_plan-1273-p1;src_20260928_fts_plan-1273-p2;src_20260928_fts_plan-1510-p1;src_20260928_fts_plan-1510-p2;src_20260928_fts_locations
PRT,2024-04-01,2025-03-31,11122886,1186;1156;1273;1510,2026-09-28T06:57:17Z,src_20260928_fts_plan-1186-p1;src_20260928_fts_plan-1156-p1;src_20260928_fts_plan-1156-p2;src_20260928_fts_plan-1273-p1;src_20260928_fts_plan-1273-p2;src_20260928_fts_plan-1510-p1;src_20260928_fts_plan-1510-p2;src_20260928_fts_locations
PRT,2024-05-01,2025-04-30,11122886,1186;1156;1273;1510,2026-09-28T06:57:17Z,src_20260928_fts_plan-1186-p1;src_20260928_fts_plan-1156-p1;src_20260928_fts_plan-1156-p2;src_20260928_fts_plan-1273-p1;src_20260928_fts_plan-1273-p2;src_20260928_fts_plan-1510-p1;src_20260928_fts_plan-1510-p2;src_20260928_fts_locations
PRT,2024-06-01,2025-05-31,323750,1186;1156;1273;1510,2026-09-28T06:57:17Z,src_20260928_fts_plan-1186-p1;src_20260928_fts_plan-1156-p1;src_20260928_fts_plan-1156-p2;src_20260928_fts_plan-1273-p1;src_20260928_fts_plan-1273-p2;src_20260928_fts_plan-1510-p1;src_20260928_fts_plan-1510-p2;src_20260928_fts_locations
PRT,2024-07-01,2025-06-30,323750,1186;1156;1273;1510,2026-09-28T06:57:17Z,src_20260928_fts_plan-1186-p1;src_20260928_fts_plan-1156-p1;src_20260928_fts_plan-1156-p2;src_20260928_fts_plan-1273-p1;src_20260928_fts_plan-1273-p2;src_20260928_fts_plan-1510-p1;src_20260928_fts_plan-1510-p2;src_20260928_fts_locations
PRT,2024-08-01,2025-07-31,323750,1186;1156;1273;1510,2026-09-28T06:57:17Z,src_20260928_fts_plan-1186-p1;src_20260928_fts_plan-1156-p1;src_20260928_fts_plan-1156-p2;src_20260928_fts_plan-1273-p1;src_20260928_fts_plan-1273-p2;src_20260928_fts_plan-1510-p1;src_20260928_fts_plan-1510-p2;src_20260928_fts_locations
PRT,2024-09-01,2025-08-31,323750,1186;1156;1273;1510,2026-09-28T06:57:17Z,src_20260928_fts_plan-1186-p1;src_20260928_fts_plan-1156-p1;src_20260928_fts_plan-1156-p2;src_20260928_fts_plan-1273-p1;src_20260928_fts_plan-1273-p2;src_20260928_fts_plan-1510-p1;src_20260928_fts_plan-1510-p2;src_20260928_fts_locations
PRT,2024-10-01,2025-09-30,323750,1186;1156;1273;1510,2026-09-28T06:57:17Z,src_20260928_fts_plan-1186-p1;src_20260928_fts_plan-1156-p1;src_20260928_fts_plan-1156-p2;src_20260928_fts_plan-1273-p1;src_20260928_fts_plan-1273-p2;src_20260928_fts_plan-1510-p1;src_20260928_fts_plan-1510-p2;src_20260928_fts_locations
PRT,2024-11-01,2025-10-31,104932,1186;1156;1273;1510,2026-09-28T06:57:17Z,src_20260928_fts_plan-1186-p1;src_20260928_fts_plan-1156-p1;src_20260928_fts_plan-1156-p2;src_20260928_fts_plan-1273-p1;src_20260928_fts_plan-1273-p2;src_20260928_fts_plan-1510-p1;src_20260928_fts_plan-1510-p2;src_20260928_fts_locations
PRT,2024-12-01,2025-11-30,104932,1186;1156;1273;1510,2026-09-28T06:57:17Z,src_20260928_fts_plan-1186-p1;src_20260928_fts_plan-1156-p1;src_20260928_fts_plan-1156-p2;src_20260928_fts_plan-1273-p1;src_20260928_fts_plan-1273-p2;src_20260928_fts_plan-1510-p1;src_20260928_fts_plan-1510-p2;src_20260928_fts_locations
PRT,2025-01-01,2025-12-31,528169,1186;1156;1273;1510,2026-09-28T06:57:17Z,src_20260928_fts_plan-1186-p1;src_20260928_fts_plan-1156-p1;src_20260928_fts_plan-1156-p2;src_20260928_fts_plan-1273-p1;src_20260928_fts_plan-1273-p2;src_20260928_fts_plan-1510-p1;src_20260928_fts_plan-1510-p2;src_20260928_fts_locations
PRT,2025-02-01,2026-01-31,528169,1186;1156;1273;1510,2026-09-28T06:57:17Z,src_20260928_fts_plan-1186-p1;src_20260928_fts_plan-1156-p1;src_20260928_fts_plan-1156-p2;src_20260928_fts_plan-1273-p1;src_20260928_fts_plan-1273-p2;src_20260928_fts_plan-1510-p1;src_20260928_fts_plan-1510-p2;src_20260928_fts_locations
PRT,2025-03-01,2026-02-28,528169,1186;1156;1273;1510,2026-09-28T06:57:17Z,src_20260928_fts_plan-1186-p1;src_20260928_fts_plan-1156-p1;src_20260928_fts_plan-1156-p2;src_20260928_fts_plan-1273-p1;src_20260928_fts_plan-1273-p2;src_20260928_fts_plan-1510-p1;src_20260928_fts_plan-1510-p2;src_20260928_fts_locations
PRT,2025-04-01,2026-03-31,673387,1186;1156;1273;1510,2026-09-28T06:57:17Z,src_20260928_fts_plan-1186-p1;src_20260928_fts_plan-1156-p1;src_20260928_fts_plan-1156-p2;src_20260928_fts_plan-1273-p1;src_20260928_fts_plan-1273-p2;src_20260928_fts_plan-1510-p1;src_20260928_fts_plan-1510-p2;src_20260928_fts_locations
PRT,2025-05-01,2026-04-30,673387,1186;1156;1273;1510,2026-09-28T06:57:17Z,src_20260928_fts_plan-1186-p1;src_20260928_fts_plan-1156-p1;src_20260928_fts_plan-1156-p2;src_20260928_fts_plan-1273-p1;src_20260928_fts_plan-1273-p2;src_20260928_fts_plan-1510-p1;src_20260928_fts_plan-1510-p2;src_20260928_fts_locations
PRT,2025-06-01,2026-05-31,673387,1186;1156;1273;1510,2026-09-28T06:57:17Z,src_20260928_fts_plan-1186-p1;src_20260928_fts_plan-1156-p1;src_20260928_fts_plan-1156-p2;src_20260928_fts_plan-1273-p1;src_20260928_fts_plan-1273-p2;src_20260928_fts_plan-1510-p1;src_20260928_fts_plan-1510-p2;src_20260928_fts_locations
PRT,2025-07-01,2026-06-30,673387,1186;1156;1273;1510,2026-09-28T06:57:17Z,src_20260928_fts_plan-1186-p1;src_20260928_fts_plan-1156-p1;src_20260928_fts_plan-1156-p2;src_20260928_fts_plan-1273-p1;src_20260928_fts_plan-1273-p2;src_20260928_fts_plan-1510-p1;src_20260928_fts_plan-1510-p2;src_20260928_fts_locations
PRT,2025-08-01,2026-07-31,673387,1186;1156;1273;1510,2026-09-28T06:57:17Z,src_20260928_fts_plan-1186-p1;src_20260928_fts_plan-1156-p1;src_20260928_fts_plan-1156-p2;src_20260928_fts_plan-1273-p1;src_20260928_fts_plan-1273-p2;src_20260928_fts_plan-1510-p1;src_20260928_fts_plan-1510-p2;src_20260928_fts_locations
PRT,2025-09-01,2026-08-31,673387,1186;1156;1273;1510,2026-09-28T06:57:17Z,src_20260928_fts_plan-1186-p1;src_20260928_fts_plan-1156-p1;src_20260928_fts_plan-1156-p2;src_20260928_fts_plan-1273-p1;src_20260928_fts_plan-1273-p2;src_20260928_fts_plan-1510-p1;src_20260928_fts_plan-1510-p2;src_20260928_fts_locations
QAT,2022-10-01,2023-09-30,0,1186;1156;1273;1510,2026-09-28T06:57:17Z,src_20260928_fts_plan-1186-p1;src_20260928_fts_plan-1156-p1;src_20260928_fts_plan-1156-p2;src_20260928_fts_plan-1273-p1;src_20260928_fts_plan-1273-p2;src_20260928_fts_plan-1510-p1;src_20260928_fts_plan-1510-p2;src_20260928_fts_locations;src_20260928_fts_organizations
QAT,2022-11-01,2023-10-31,0,1186;1156;1273;1510,2026-09-28T06:57:17Z,src_20260928_fts_plan-1186-p1;src_20260928_fts_plan-1156-p1;src_20260928_fts_plan-1156-p2;src_20260928_fts_plan-1273-p1;src_20260928_fts_plan-1273-p2;src_20260928_fts_plan-1510-p1;src_20260928_fts_plan-1510-p2;src_20260928_fts_locations;src_20260928_fts_organizations
QAT,2022-12-01,2023-11-30,0,1186;1156;1273;1510,2026-09-28T06:57:17Z,src_20260928_fts_plan-1186-p1;src_20260928_fts_plan-1156-p1;src_20260928_fts_plan-1156-p2;src_20260928_fts_plan-1273-p1;src_20260928_fts_plan-1273-p2;src_20260928_fts_plan-1510-p1;src_20260928_fts_plan-1510-p2;src_20260928_fts_locations;src_20260928_fts_organizations
QAT,2023-01-01,2023-12-31,1000000,1186;1156;1273;1510,2026-09-28T06:57:17Z,src_20260928_fts_plan-1186-p1;src_20260928_fts_plan-1156-p1;src_20260928_fts_plan-1156-p2;src_20260928_fts_plan-1273-p1;src_20260928_fts_plan-1273-p2;src_20260928_fts_plan-1510-p1;src_20260928_fts_plan-1510-p2;src_20260928_fts_locations;src_20260928_fts_organizations
QAT,2023-02-01,2024-01-31,1000000,1186;1156;1273;1510,2026-09-28T06:57:17Z,src_20260928_fts_plan-1186-p1;src_20260928_fts_plan-1156-p1;src_20260928_fts_plan-1156-p2;src_20260928_fts_plan-1273-p1;src_20260928_fts_plan-1273-p2;src_20260928_fts_plan-1510-p1;src_20260928_fts_plan-1510-p2;src_20260928_fts_locations;src_20260928_fts_organizations
QAT,2023-03-01,2024-02-29,1000000,1186;1156;1273;1510,2026-09-28T06:57:17Z,src_20260928_fts_plan-1186-p1;src_20260928_fts_plan-1156-p1;src_20260928_fts_plan-1156-p2;src_20260928_fts_plan-1273-p1;src_20260928_fts_plan-1273-p2;src_20260928_fts_plan-1510-p1;src_20260928_fts_plan-1510-p2;src_20260928_fts_locations;src_20260928_fts_organizations
QAT,2023-04-01,2024-03-31,1000000,1186;1156;1273;1510,2026-09-28T06:57:17Z,src_20260928_fts_plan-1186-p1;src_20260928_fts_plan-1156-p1;src_20260928_fts_plan-1156-p2;src_20260928_fts_plan-1273-p1;src_20260928_fts_plan-1273-p2;src_20260928_fts_plan-1510-p1;src_20260928_fts_plan-1510-p2;src_20260928_fts_locations;src_20260928_fts_organizations
QAT,2023-05-01,2024-04-30,1000000,1186;1156;1273;1510,2026-09-28T06:57:17Z,src_20260928_fts_plan-1186-p1;src_20260928_fts_plan-1156-p1;src_20260928_fts_plan-1156-p2;src_20260928_fts_plan-1273-p1;src_20260928_fts_plan-1273-p2;src_20260928_fts_plan-1510-p1;src_20260928_fts_plan-1510-p2;src_20260928_fts_locations;src_20260928_fts_organizations
QAT,2023-06-01,2024-05-31,1000000,1186;1156;1273;1510,2026-09-28T06:57:17Z,src_20260928_fts_plan-1186-p1;src_20260928_fts_plan-1156-p1;src_20260928_fts_plan-1156-p2;src_20260928_fts_plan-1273-p1;src_20260928_fts_plan-1273-p2;src_20260928_fts_plan-1510-p1;src_20260928_fts_plan-1510-p2;src_20260928_fts_locations;src_20260928_fts_organizations
QAT,2023-07-01,2024-06-30,1000000,1186;1156;1273;1510,2026-09-28T06:57:17Z,src_20260928_fts_plan-1186-p1;src_20260928_fts_plan-1156-p1;src_20260928_fts_plan-1156-p2;src_20260928_fts_plan-1273-p1;src_20260928_fts_plan-1273-p2;src_20260928_fts_plan-1510-p1;src_20260928_fts_plan-1510-p2;src_20260928_fts_locations;src_20260928_fts_organizations
QAT,2023-08-01,2024-07-31,1000000,1186;1156;1273;1510,2026-09-28T06:57:17Z,src_20260928_fts_plan-1186-p1;src_20260928_fts_plan-1156-p1;src_20260928_fts_plan-1156-p2;src_20260928_fts_plan-1273-p1;src_20260928_fts_plan-1273-p2;src_20260928_fts_plan-1510-p1;src_20260928_fts_plan-1510-p2;src_20260928_fts_locations;src_20260928_fts_organizations
QAT,2023-09-01,2024-08-31,1000000,1186;1156;1273;1510,2026-09-28T06:57:17Z,src_20260928_fts_plan-1186-p1;src_20260928_fts_plan-1156-p1;src_20260928_fts_plan-1156-p2;src_20260928_fts_plan-1273-p1;src_20260928_fts_plan-1273-p2;src_20260928_fts_plan-1510-p1;src_20260928_fts_plan-1510-p2;src_20260928_fts_locations;src_20260928_fts_organizations
QAT,2023-10-01,2024-09-30,8653269,1186;1156;1273;1510,2026-09-28T06:57:17Z,src_20260928_fts_plan-1186-p1;src_20260928_fts_plan-1156-p1;src_20260928_fts_plan-1156-p2;src_20260928_fts_plan-1273-p1;src_20260928_fts_plan-1273-p2;src_20260928_fts_plan-1510-p1;src_20260928_fts_plan-1510-p2;src_20260928_fts_locations;src_20260928_fts_organizations
QAT,2023-11-01,2024-10-31,8653269,1186;1156;1273;1510,2026-09-28T06:57:17Z,src_20260928_fts_plan-1186-p1;src_20260928_fts_plan-1156-p1;src_20260928_fts_plan-1156-p2;src_20260928_fts_plan-1273-p1;src_20260928_fts_plan-1273-p2;src_20260928_fts_plan-1510-p1;src_20260928_fts_plan-1510-p2;src_20260928_fts_locations;src_20260928_fts_organizations
QAT,2023-12-01,2024-11-30,8972233,1186;1156;1273;1510,2026-09-28T06:57:17Z,src_20260928_fts_plan-1186-p1;src_20260928_fts_plan-1156-p1;src_20260928_fts_plan-1156-p2;src_20260928_fts_plan-1273-p1;src_20260928_fts_plan-1273-p2;src_20260928_fts_plan-1510-p1;src_20260928_fts_plan-1510-p2;src_20260928_fts_locations;src_20260928_fts_organizations
QAT,2024-01-01,2024-12-31,7972233,1186;1156;1273;1510,2026-09-28T06:57:17Z,src_20260928_fts_plan-1186-p1;src_20260928_fts_plan-1156-p1;src_20260928_fts_plan-1156-p2;src_20260928_fts_plan-1273-p1;src_20260928_fts_plan-1273-p2;src_20260928_fts_plan-1510-p1;src_20260928_fts_plan-1510-p2;src_20260928_fts_locations;src_20260928_fts_organizations
QAT,2024-02-01,2025-01-31,7972233,1186;1156;1273;1510,2026-09-28T06:57:17Z,src_20260928_fts_plan-1186-p1;src_20260928_fts_plan-1156-p1;src_20260928_fts_plan-1156-p2;src_20260928_fts_plan-1273-p1;src_20260928_fts_plan-1273-p2;src_20260928_fts_plan-1510-p1;src_20260928_fts_plan-1510-p2;src_20260928_fts_locations;src_20260928_fts_organizations
QAT,2024-03-01,2025-02-28,8093811,1186;1156;1273;1510,2026-09-28T06:57:17Z,src_20260928_fts_plan-1186-p1;src_20260928_fts_plan-1156-p1;src_20260928_fts_plan-1156-p2;src_20260928_fts_plan-1273-p1;src_20260928_fts_plan-1273-p2;src_20260928_fts_plan-1510-p1;src_20260928_fts_plan-1510-p2;src_20260928_fts_locations;src_20260928_fts_organizations
QAT,2024-04-01,2025-03-31,8093811,1186;1156;1273;1510,2026-09-28T06:57:17Z,src_20260928_fts_plan-1186-p1;src_20260928_fts_plan-1156-p1;src_20260928_fts_plan-1156-p2;src_20260928_fts_plan-1273-p1;src_20260928_fts_plan-1273-p2;src_20260928_fts_plan-1510-p1;src_20260928_fts_plan-1510-p2;src_20260928_fts_locations;src_20260928_fts_organizations
QAT,2024-05-01,2025-04-30,8093811,1186;1156;1273;1510,2026-09-28T06:57:17Z,src_20260928_fts_plan-1186-p1;src_20260928_fts_plan-1156-p1;src_20260928_fts_plan-1156-p2;src_20260928_fts_plan-1273-p1;src_20260928_fts_plan-1273-p2;src_20260928_fts_plan-1510-p1;src_20260928_fts_plan-1510-p2;src_20260928_fts_locations;src_20260928_fts_organizations
QAT,2024-06-01,2025-05-31,9705703,1186;1156;1273;1510,2026-09-28T06:57:17Z,src_20260928_fts_plan-1186-p1;src_20260928_fts_plan-1156-p1;src_20260928_fts_plan-1156-p2;src_20260928_fts_plan-1273-p1;src_20260928_fts_plan-1273-p2;src_20260928_fts_plan-1510-p1;src_20260928_fts_plan-1510-p2;src_20260928_fts_locations;src_20260928_fts_organizations
QAT,2024-07-01,2025-06-30,9705703,1186;1156;1273;1510,2026-09-28T06:57:17Z,src_20260928_fts_plan-1186-p1;src_20260928_fts_plan-1156-p1;src_20260928_fts_plan-1156-p2;src_20260928_fts_plan-1273-p1;src_20260928_fts_plan-1273-p2;src_20260928_fts_plan-1510-p1;src_20260928_fts_plan-1510-p2;src_20260928_fts_locations;src_20260928_fts_organizations
QAT,2024-08-01,2025-07-31,9705703,1186;1156;1273;1510,2026-09-28T06:57:17Z,src_20260928_fts_plan-1186-p1;src_20260928_fts_plan-1156-p1;src_20260928_fts_plan-1156-p2;src_20260928_fts_plan-1273-p1;src_20260928_fts_plan-1273-p2;src_20260928_fts_plan-1510-p1;src_20260928_fts_plan-1510-p2;src_20260928_fts_locations;src_20260928_fts_organizations
QAT,2024-09-01,2025-08-31,9705703,1186;1156;1273;1510,2026-09-28T06:57:17Z,src_20260928_fts_plan-1186-p1;src_20260928_fts_plan-1156-p1;src_20260928_fts_plan-1156-p2;src_20260928_fts_plan-1273-p1;src_20260928_fts_plan-1273-p2;src_20260928_fts_plan-1510-p1;src_20260928_fts_plan-1510-p2;src_20260928_fts_locations;src_20260928_fts_organizations
QAT,2024-10-01,2025-09-30,59488642,1186;1156;1273;1510,2026-09-28T06:57:17Z,src_20260928_fts_plan-1186-p1;src_20260928_fts_plan-1156-p1;src_20260928_fts_plan-1156-p2;src_20260928_fts_plan-1273-p1;src_20260928_fts_plan-1273-p2;src_20260928_fts_plan-1510-p1;src_20260928_fts_plan-1510-p2;src_20260928_fts_locations;src_20260928_fts_organizations
QAT,2024-11-01,2025-10-31,61089614,1186;1156;1273;1510,2026-09-28T06:57:17Z,src_20260928_fts_plan-1186-p1;src_20260928_fts_plan-1156-p1;src_20260928_fts_plan-1156-p2;src_20260928_fts_plan-1273-p1;src_20260928_fts_plan-1273-p2;src_20260928_fts_plan-1510-p1;src_20260928_fts_plan-1510-p2;src_20260928_fts_locations;src_20260928_fts_organizations
QAT,2024-12-01,2025-11-30,60770650,1186;1156;1273;1510,2026-09-28T06:57:17Z,src_20260928_fts_plan-1186-p1;src_20260928_fts_plan-1156-p1;src_20260928_fts_plan-1156-p2;src_20260928_fts_plan-1273-p1;src_20260928_fts_plan-1273-p2;src_20260928_fts_plan-1510-p1;src_20260928_fts_plan-1510-p2;src_20260928_fts_locations;src_20260928_fts_organizations
QAT,2025-01-01,2025-12-31,62190054,1186;1156;1273;1510,2026-09-28T06:57:17Z,src_20260928_fts_plan-1186-p1;src_20260928_fts_plan-1156-p1;src_20260928_fts_plan-1156-p2;src_20260928_fts_plan-1273-p1;src_20260928_fts_plan-1273-p2;src_20260928_fts_plan-1510-p1;src_20260928_fts_plan-1510-p2;src_20260928_fts_locations;src_20260928_fts_organizations
QAT,2025-02-01,2026-01-31,263629999,1186;1156;1273;1510,2026-09-28T06:57:17Z,src_20260928_fts_plan-1186-p1;src_20260928_fts_plan-1156-p1;src_20260928_fts_plan-1156-p2;src_20260928_fts_plan-1273-p1;src_20260928_fts_plan-1273-p2;src_20260928_fts_plan-1510-p1;src_20260928_fts_plan-1510-p2;src_20260928_fts_locations;src_20260928_fts_organizations
QAT,2025-03-01,2026-02-28,263542722,1186;1156;1273;1510,2026-09-28T06:57:17Z,src_20260928_fts_plan-1186-p1;src_20260928_fts_plan-1156-p1;src_20260928_fts_plan-1156-p2;src_20260928_fts_plan-1273-p1;src_20260928_fts_plan-1273-p2;src_20260928_fts_plan-1510-p1;src_20260928_fts_plan-1510-p2;src_20260928_fts_locations;src_20260928_fts_organizations
QAT,2025-04-01,2026-03-31,263542722,1186;1156;1273;1510,2026-09-28T06:57:17Z,src_20260928_fts_plan-1186-p1;src_20260928_fts_plan-1156-p1;src_20260928_fts_plan-1156-p2;src_20260928_fts_plan-1273-p1;src_20260928_fts_plan-1273-p2;src_20260928_fts_plan-1510-p1;src_20260928_fts_plan-1510-p2;src_20260928_fts_locations;src_20260928_fts_organizations
QAT,2025-05-01,2026-04-30,263542722,1186;1156;1273;1510,2026-09-28T06:57:17Z,src_20260928_fts_plan-1186-p1;src_20260928_fts_plan-1156-p1;src_20260928_fts_plan-1156-p2;src_20260928_fts_plan-1273-p1;src_20260928_fts_plan-1273-p2;src_20260928_fts_plan-1510-p1;src_20260928_fts_plan-1510-p2;src_20260928_fts_locations;src_20260928_fts_organizations
QAT,2025-06-01,2026-05-31,261930830,1186;1156;1273;1510,2026-09-28T06:57:17Z,src_20260928_fts_plan-1186-p1;src_20260928_fts_plan-1156-p1;src_20260928_fts_plan-1156-p2;src_20260928_fts_plan-1273-p1;src_20260928_fts_plan-1273-p2;src_20260928_fts_plan-1510-p1;src_20260928_fts_plan-1510-p2;src_20260928_fts_locations;src_20260928_fts_organizations
QAT,2025-07-01,2026-06-30,261930830,1186;1156;1273;1510,2026-09-28T06:57:17Z,src_20260928_fts_plan-1186-p1;src_20260928_fts_plan-1156-p1;src_20260928_fts_plan-1156-p2;src_20260928_fts_plan-1273-p1;src_20260928_fts_plan-1273-p2;src_20260928_fts_plan-1510-p1;src_20260928_fts_plan-1510-p2;src_20260928_fts_locations;src_20260928_fts_organizations
QAT,2025-08-01,2026-07-31,261930830,1186;1156;1273;1510,2026-09-28T06:57:17Z,src_20260928_fts_plan-1186-p1;src_20260928_fts_plan-1156-p1;src_20260928_fts_plan-1156-p2;src_20260928_fts_plan-1273-p1;src_20260928_fts_plan-1273-p2;src_20260928_fts_plan-1510-p1;src_20260928_fts_plan-1510-p2;src_20260928_fts_locations;src_20260928_fts_organizations
QAT,2025-09-01,2026-08-31,261930830,1186;1156;1273;1510,2026-09-28T06:57:17Z,src_20260928_fts_plan-1186-p1;src_20260928_fts_plan-1156-p1;src_20260928_fts_plan-1156-p2;src_20260928_fts_plan-1273-p1;src_20260928_fts_plan-1273-p2;src_20260928_fts_plan-1510-p1;src_20260928_fts_plan-1510-p2;src_20260928_fts_locations;src_20260928_fts_organizations
ROU,2022-10-01,2023-09-30,0,1186;1156;1273;1510,2026-09-28T06:57:17Z,src_20260928_fts_plan-1186-p1;src_20260928_fts_plan-1156-p1;src_20260928_fts_plan-1156-p2;src_20260928_fts_plan-1273-p1;src_20260928_fts_plan-1273-p2;src_20260928_fts_plan-1510-p1;src_20260928_fts_plan-1510-p2;src_20260928_fts_locations
ROU,2022-11-01,2023-10-31,0,1186;1156;1273;1510,2026-09-28T06:57:17Z,src_20260928_fts_plan-1186-p1;src_20260928_fts_plan-1156-p1;src_20260928_fts_plan-1156-p2;src_20260928_fts_plan-1273-p1;src_20260928_fts_plan-1273-p2;src_20260928_fts_plan-1510-p1;src_20260928_fts_plan-1510-p2;src_20260928_fts_locations
ROU,2022-12-01,2023-11-30,0,1186;1156;1273;1510,2026-09-28T06:57:17Z,src_20260928_fts_plan-1186-p1;src_20260928_fts_plan-1156-p1;src_20260928_fts_plan-1156-p2;src_20260928_fts_plan-1273-p1;src_20260928_fts_plan-1273-p2;src_20260928_fts_plan-1510-p1;src_20260928_fts_plan-1510-p2;src_20260928_fts_locations
ROU,2023-01-01,2023-12-31,0,1186;1156;1273;1510,2026-09-28T06:57:17Z,src_20260928_fts_plan-1186-p1;src_20260928_fts_plan-1156-p1;src_20260928_fts_plan-1156-p2;src_20260928_fts_plan-1273-p1;src_20260928_fts_plan-1273-p2;src_20260928_fts_plan-1510-p1;src_20260928_fts_plan-1510-p2;src_20260928_fts_locations
ROU,2023-02-01,2024-01-31,0,1186;1156;1273;1510,2026-09-28T06:57:17Z,src_20260928_fts_plan-1186-p1;src_20260928_fts_plan-1156-p1;src_20260928_fts_plan-1156-p2;src_20260928_fts_plan-1273-p1;src_20260928_fts_plan-1273-p2;src_20260928_fts_plan-1510-p1;src_20260928_fts_plan-1510-p2;src_20260928_fts_locations
ROU,2023-03-01,2024-02-29,0,1186;1156;1273;1510,2026-09-28T06:57:17Z,src_20260928_fts_plan-1186-p1;src_20260928_fts_plan-1156-p1;src_20260928_fts_plan-1156-p2;src_20260928_fts_plan-1273-p1;src_20260928_fts_plan-1273-p2;src_20260928_fts_plan-1510-p1;src_20260928_fts_plan-1510-p2;src_20260928_fts_locations
ROU,2023-04-01,2024-03-31,0,1186;1156;1273;1510,2026-09-28T06:57:17Z,src_20260928_fts_plan-1186-p1;src_20260928_fts_plan-1156-p1;src_20260928_fts_plan-1156-p2;src_20260928_fts_plan-1273-p1;src_20260928_fts_plan-1273-p2;src_20260928_fts_plan-1510-p1;src_20260928_fts_plan-1510-p2;src_20260928_fts_locations
ROU,2023-05-01,2024-04-30,0,1186;1156;1273;1510,2026-09-28T06:57:17Z,src_20260928_fts_plan-1186-p1;src_20260928_fts_plan-1156-p1;src_20260928_fts_plan-1156-p2;src_20260928_fts_plan-1273-p1;src_20260928_fts_plan-1273-p2;src_20260928_fts_plan-1510-p1;src_20260928_fts_plan-1510-p2;src_20260928_fts_locations
ROU,2023-06-01,2024-05-31,0,1186;1156;1273;1510,2026-09-28T06:57:17Z,src_20260928_fts_plan-1186-p1;src_20260928_fts_plan-1156-p1;src_20260928_fts_plan-1156-p2;src_20260928_fts_plan-1273-p1;src_20260928_fts_plan-1273-p2;src_20260928_fts_plan-1510-p1;src_20260928_fts_plan-1510-p2;src_20260928_fts_locations
ROU,2023-07-01,2024-06-30,0,1186;1156;1273;1510,2026-09-28T06:57:17Z,src_20260928_fts_plan-1186-p1;src_20260928_fts_plan-1156-p1;src_20260928_fts_plan-1156-p2;src_20260928_fts_plan-1273-p1;src_20260928_fts_plan-1273-p2;src_20260928_fts_plan-1510-p1;src_20260928_fts_plan-1510-p2;src_20260928_fts_locations
ROU,2023-08-01,2024-07-31,0,1186;1156;1273;1510,2026-09-28T06:57:17Z,src_20260928_fts_plan-1186-p1;src_20260928_fts_plan-1156-p1;src_20260928_fts_plan-1156-p2;src_20260928_fts_plan-1273-p1;src_20260928_fts_plan-1273-p2;src_20260928_fts_plan-1510-p1;src_20260928_fts_plan-1510-p2;src_20260928_fts_locations
ROU,2023-09-01,2024-08-31,0,1186;1156;1273;1510,2026-09-28T06:57:17Z,src_20260928_fts_plan-1186-p1;src_20260928_fts_plan-1156-p1;src_20260928_fts_plan-1156-p2;src_20260928_fts_plan-1273-p1;src_20260928_fts_plan-1273-p2;src_20260928_fts_plan-1510-p1;src_20260928_fts_plan-1510-p2;src_20260928_fts_locations
ROU,2023-10-01,2024-09-30,0,1186;1156;1273;1510,2026-09-28T06:57:17Z,src_20260928_fts_plan-1186-p1;src_20260928_fts_plan-1156-p1;src_20260928_fts_plan-1156-p2;src_20260928_fts_plan-1273-p1;src_20260928_fts_plan-1273-p2;src_20260928_fts_plan-1510-p1;src_20260928_fts_plan-1510-p2;src_20260928_fts_locations
ROU,2023-11-01,2024-10-31,0,1186;1156;1273;1510,2026-09-28T06:57:17Z,src_20260928_fts_plan-1186-p1;src_20260928_fts_plan-1156-p1;src_20260928_fts_plan-1156-p2;src_20260928_fts_plan-1273-p1;src_20260928_fts_plan-1273-p2;src_20260928_fts_plan-1510-p1;src_20260928_fts_plan-1510-p2;src_20260928_fts_locations
ROU,2023-12-01,2024-11-30,0,1186;1156;1273;1510,2026-09-28T06:57:17Z,src_20260928_fts_plan-1186-p1;src_20260928_fts_plan-1156-p1;src_20260928_fts_plan-1156-p2;src_20260928_fts_plan-1273-p1;src_20260928_fts_plan-1273-p2;src_20260928_fts_plan-1510-p1;src_20260928_fts_plan-1510-p2;src_20260928_fts_locations
ROU,2024-01-01,2024-12-31,8277,1186;1156;1273;1510,2026-09-28T06:57:17Z,src_20260928_fts_plan-1186-p1;src_20260928_fts_plan-1156-p1;src_20260928_fts_plan-1156-p2;src_20260928_fts_plan-1273-p1;src_20260928_fts_plan-1273-p2;src_20260928_fts_plan-1510-p1;src_20260928_fts_plan-1510-p2;src_20260928_fts_locations
ROU,2024-02-01,2025-01-31,8277,1186;1156;1273;1510,2026-09-28T06:57:17Z,src_20260928_fts_plan-1186-p1;src_20260928_fts_plan-1156-p1;src_20260928_fts_plan-1156-p2;src_20260928_fts_plan-1273-p1;src_20260928_fts_plan-1273-p2;src_20260928_fts_plan-1510-p1;src_20260928_fts_plan-1510-p2;src_20260928_fts_locations
ROU,2024-03-01,2025-02-28,8277,1186;1156;1273;1510,2026-09-28T06:57:17Z,src_20260928_fts_plan-1186-p1;src_20260928_fts_plan-1156-p1;src_20260928_fts_plan-1156-p2;src_20260928_fts_plan-1273-p1;src_20260928_fts_plan-1273-p2;src_20260928_fts_plan-1510-p1;src_20260928_fts_plan-1510-p2;src_20260928_fts_locations
ROU,2024-04-01,2025-03-31,8277,1186;1156;1273;1510,2026-09-28T06:57:17Z,src_20260928_fts_plan-1186-p1;src_20260928_fts_plan-1156-p1;src_20260928_fts_plan-1156-p2;src_20260928_fts_plan-1273-p1;src_20260928_fts_plan-1273-p2;src_20260928_fts_plan-1510-p1;src_20260928_fts_plan-1510-p2;src_20260928_fts_locations
ROU,2024-05-01,2025-04-30,8277,1186;1156;1273;1510,2026-09-28T06:57:17Z,src_20260928_fts_plan-1186-p1;src_20260928_fts_plan-1156-p1;src_20260928_fts_plan-1156-p2;src_20260928_fts_plan-1273-p1;src_20260928_fts_plan-1273-p2;src_20260928_fts_plan-1510-p1;src_20260928_fts_plan-1510-p2;src_20260928_fts_locations
ROU,2024-06-01,2025-05-31,8277,1186;1156;1273;1510,2026-09-28T06:57:17Z,src_20260928_fts_plan-1186-p1;src_20260928_fts_plan-1156-p1;src_20260928_fts_plan-1156-p2;src_20260928_fts_plan-1273-p1;src_20260928_fts_plan-1273-p2;src_20260928_fts_plan-1510-p1;src_20260928_fts_plan-1510-p2;src_20260928_fts_locations
ROU,2024-07-01,2025-06-30,8277,1186;1156;1273;1510,2026-09-28T06:57:17Z,src_20260928_fts_plan-1186-p1;src_20260928_fts_plan-1156-p1;src_20260928_fts_plan-1156-p2;src_20260928_fts_plan-1273-p1;src_20260928_fts_plan-1273-p2;src_20260928_fts_plan-1510-p1;src_20260928_fts_plan-1510-p2;src_20260928_fts_locations
ROU,2024-08-01,2025-07-31,8277,1186;1156;1273;1510,2026-09-28T06:57:17Z,src_20260928_fts_plan-1186-p1;src_20260928_fts_plan-1156-p1;src_20260928_fts_plan-1156-p2;src_20260928_fts_plan-1273-p1;src_20260928_fts_plan-1273-p2;src_20260928_fts_plan-1510-p1;src_20260928_fts_plan-1510-p2;src_20260928_fts_locations
ROU,2024-09-01,2025-08-31,8277,1186;1156;1273;1510,2026-09-28T06:57:17Z,src_20260928_fts_plan-1186-p1;src_20260928_fts_plan-1156-p1;src_20260928_fts_plan-1156-p2;src_20260928_fts_plan-1273-p1;src_20260928_fts_plan-1273-p2;src_20260928_fts_plan-1510-p1;src_20260928_fts_plan-1510-p2;src_20260928_fts_locations
ROU,2024-10-01,2025-09-30,8277,1186;1156;1273;1510,2026-09-28T06:57:17Z,src_20260928_fts_plan-1186-p1;src_20260928_fts_plan-1156-p1;src_20260928_fts_plan-1156-p2;src_20260928_fts_plan-1273-p1;src_20260928_fts_plan-1273-p2;src_20260928_fts_plan-1510-p1;src_20260928_fts_plan-1510-p2;src_20260928_fts_locations
ROU,2024-11-01,2025-10-31,8277,1186;1156;1273;1510,2026-09-28T06:57:17Z,src_20260928_fts_plan-1186-p1;src_20260928_fts_plan-1156-p1;src_20260928_fts_plan-1156-p2;src_20260928_fts_plan-1273-p1;src_20260928_fts_plan-1273-p2;src_20260928_fts_plan-1510-p1;src_20260928_fts_plan-1510-p2;src_20260928_fts_locations
ROU,2024-12-01,2025-11-30,8277,1186;1156;1273;1510,2026-09-28T06:57:17Z,src_20260928_fts_plan-1186-p1;src_20260928_fts_plan-1156-p1;src_20260928_fts_plan-1156-p2;src_20260928_fts_plan-1273-p1;src_20260928_fts_plan-1273-p2;src_20260928_fts_plan-1510-p1;src_20260928_fts_plan-1510-p2;src_20260928_fts_locations
ROU,2025-01-01,2025-12-31,1270062,1186;1156;1273;1510,2026-09-28T06:57:17Z,src_20260928_fts_plan-1186-p1;src_20260928_fts_plan-1156-p1;src_20260928_fts_plan-1156-p2;src_20260928_fts_plan-1273-p1;src_20260928_fts_plan-1273-p2;src_20260928_fts_plan-1510-p1;src_20260928_fts_plan-1510-p2;src_20260928_fts_locations
ROU,2025-02-01,2026-01-31,1319358,1186;1156;1273;1510,2026-09-28T06:57:17Z,src_20260928_fts_plan-1186-p1;src_20260928_fts_plan-1156-p1;src_20260928_fts_plan-1156-p2;src_20260928_fts_plan-1273-p1;src_20260928_fts_plan-1273-p2;src_20260928_fts_plan-1510-p1;src_20260928_fts_plan-1510-p2;src_20260928_fts_locations
ROU,2025-03-01,2026-02-28,1319358,1186;1156;1273;1510,2026-09-28T06:57:17Z,src_20260928_fts_plan-1186-p1;src_20260928_fts_plan-1156-p1;src_20260928_fts_plan-1156-p2;src_20260928_fts_plan-1273-p1;src_20260928_fts_plan-1273-p2;src_20260928_fts_plan-1510-p1;src_20260928_fts_plan-1510-p2;src_20260928_fts_locations
ROU,2025-04-01,2026-03-31,1319358,1186;1156;1273;1510,2026-09-28T06:57:17Z,src_20260928_fts_plan-1186-p1;src_20260928_fts_plan-1156-p1;src_20260928_fts_plan-1156-p2;src_20260928_fts_plan-1273-p1;src_20260928_fts_plan-1273-p2;src_20260928_fts_plan-1510-p1;src_20260928_fts_plan-1510-p2;src_20260928_fts_locations
ROU,2025-05-01,2026-04-30,1319358,1186;1156;1273;1510,2026-09-28T06:57:17Z,src_20260928_fts_plan-1186-p1;src_20260928_fts_plan-1156-p1;src_20260928_fts_plan-1156-p2;src_20260928_fts_plan-1273-p1;src_20260928_fts_plan-1273-p2;src_20260928_fts_plan-1510-p1;src_20260928_fts_plan-1510-p2;src_20260928_fts_locations
ROU,2025-06-01,2026-05-31,1319358,1186;1156;1273;1510,2026-09-28T06:57:17Z,src_20260928_fts_plan-1186-p1;src_20260928_fts_plan-1156-p1;src_20260928_fts_plan-1156-p2;src_20260928_fts_plan-1273-p1;src_20260928_fts_plan-1273-p2;src_20260928_fts_plan-1510-p1;src_20260928_fts_plan-1510-p2;src_20260928_fts_locations
ROU,2025-07-01,2026-06-30,1319358,1186;1156;1273;1510,2026-09-28T06:57:17Z,src_20260928_fts_plan-1186-p1;src_20260928_fts_plan-1156-p1;src_20260928_fts_plan-1156-p2;src_20260928_fts_plan-1273-p1;src_20260928_fts_plan-1273-p2;src_20260928_fts_plan-1510-p1;src_20260928_fts_plan-1510-p2;src_20260928_fts_locations
ROU,2025-08-01,2026-07-31,1319358,1186;1156;1273;1510,2026-09-28T06:57:17Z,src_20260928_fts_plan-1186-p1;src_20260928_fts_plan-1156-p1;src_20260928_fts_plan-1156-p2;src_20260928_fts_plan-1273-p1;src_20260928_fts_plan-1273-p2;src_20260928_fts_plan-1510-p1;src_20260928_fts_plan-1510-p2;src_20260928_fts_locations
ROU,2025-09-01,2026-08-31,1319358,1186;1156;1273;1510,2026-09-28T06:57:17Z,src_20260928_fts_plan-1186-p1;src_20260928_fts_plan-1156-p1;src_20260928_fts_plan-1156-p2;src_20260928_fts_plan-1273-p1;src_20260928_fts_plan-1273-p2;src_20260928_fts_plan-1510-p1;src_20260928_fts_plan-1510-p2;src_20260928_fts_locations
RUS,2022-10-01,2023-09-30,0,1186;1156;1273;1510,2026-09-28T06:57:17Z,src_20260928_fts_plan-1186-p1;src_20260928_fts_plan-1156-p1;src_20260928_fts_plan-1156-p2;src_20260928_fts_plan-1273-p1;src_20260928_fts_plan-1273-p2;src_20260928_fts_plan-1510-p1;src_20260928_fts_plan-1510-p2;src_20260928_fts_locations
RUS,2022-11-01,2023-10-31,0,1186;1156;1273;1510,2026-09-28T06:57:17Z,src_20260928_fts_plan-1186-p1;src_20260928_fts_plan-1156-p1;src_20260928_fts_plan-1156-p2;src_20260928_fts_plan-1273-p1;src_20260928_fts_plan-1273-p2;src_20260928_fts_plan-1510-p1;src_20260928_fts_plan-1510-p2;src_20260928_fts_locations
RUS,2022-12-01,2023-11-30,2000000,1186;1156;1273;1510,2026-09-28T06:57:17Z,src_20260928_fts_plan-1186-p1;src_20260928_fts_plan-1156-p1;src_20260928_fts_plan-1156-p2;src_20260928_fts_plan-1273-p1;src_20260928_fts_plan-1273-p2;src_20260928_fts_plan-1510-p1;src_20260928_fts_plan-1510-p2;src_20260928_fts_locations
RUS,2023-01-01,2023-12-31,4000000,1186;1156;1273;1510,2026-09-28T06:57:17Z,src_20260928_fts_plan-1186-p1;src_20260928_fts_plan-1156-p1;src_20260928_fts_plan-1156-p2;src_20260928_fts_plan-1273-p1;src_20260928_fts_plan-1273-p2;src_20260928_fts_plan-1510-p1;src_20260928_fts_plan-1510-p2;src_20260928_fts_locations
RUS,2023-02-01,2024-01-31,4000000,1186;1156;1273;1510,2026-09-28T06:57:17Z,src_20260928_fts_plan-1186-p1;src_20260928_fts_plan-1156-p1;src_20260928_fts_plan-1156-p2;src_20260928_fts_plan-1273-p1;src_20260928_fts_plan-1273-p2;src_20260928_fts_plan-1510-p1;src_20260928_fts_plan-1510-p2;src_20260928_fts_locations
RUS,2023-03-01,2024-02-29,4000000,1186;1156;1273;1510,2026-09-28T06:57:17Z,src_20260928_fts_plan-1186-p1;src_20260928_fts_plan-1156-p1;src_20260928_fts_plan-1156-p2;src_20260928_fts_plan-1273-p1;src_20260928_fts_plan-1273-p2;src_20260928_fts_plan-1510-p1;src_20260928_fts_plan-1510-p2;src_20260928_fts_locations
RUS,2023-04-01,2024-03-31,4000000,1186;1156;1273;1510,2026-09-28T06:57:17Z,src_20260928_fts_plan-1186-p1;src_20260928_fts_plan-1156-p1;src_20260928_fts_plan-1156-p2;src_20260928_fts_plan-1273-p1;src_20260928_fts_plan-1273-p2;src_20260928_fts_plan-1510-p1;src_20260928_fts_plan-1510-p2;src_20260928_fts_locations
RUS,2023-05-01,2024-04-30,4000000,1186;1156;1273;1510,2026-09-28T06:57:17Z,src_20260928_fts_plan-1186-p1;src_20260928_fts_plan-1156-p1;src_20260928_fts_plan-1156-p2;src_20260928_fts_plan-1273-p1;src_20260928_fts_plan-1273-p2;src_20260928_fts_plan-1510-p1;src_20260928_fts_plan-1510-p2;src_20260928_fts_locations
RUS,2023-06-01,2024-05-31,4000000,1186;1156;1273;1510,2026-09-28T06:57:17Z,src_20260928_fts_plan-1186-p1;src_20260928_fts_plan-1156-p1;src_20260928_fts_plan-1156-p2;src_20260928_fts_plan-1273-p1;src_20260928_fts_plan-1273-p2;src_20260928_fts_plan-1510-p1;src_20260928_fts_plan-1510-p2;src_20260928_fts_locations
RUS,2023-07-01,2024-06-30,4000000,1186;1156;1273;1510,2026-09-28T06:57:17Z,src_20260928_fts_plan-1186-p1;src_20260928_fts_plan-1156-p1;src_20260928_fts_plan-1156-p2;src_20260928_fts_plan-1273-p1;src_20260928_fts_plan-1273-p2;src_20260928_fts_plan-1510-p1;src_20260928_fts_plan-1510-p2;src_20260928_fts_locations
RUS,2023-08-01,2024-07-31,4000000,1186;1156;1273;1510,2026-09-28T06:57:17Z,src_20260928_fts_plan-1186-p1;src_20260928_fts_plan-1156-p1;src_20260928_fts_plan-1156-p2;src_20260928_fts_plan-1273-p1;src_20260928_fts_plan-1273-p2;src_20260928_fts_plan-1510-p1;src_20260928_fts_plan-1510-p2;src_20260928_fts_locations
RUS,2023-09-01,2024-08-31,4000000,1186;1156;1273;1510,2026-09-28T06:57:17Z,src_20260928_fts_plan-1186-p1;src_20260928_fts_plan-1156-p1;src_20260928_fts_plan-1156-p2;src_20260928_fts_plan-1273-p1;src_20260928_fts_plan-1273-p2;src_20260928_fts_plan-1510-p1;src_20260928_fts_plan-1510-p2;src_20260928_fts_locations
RUS,2023-10-01,2024-09-30,4000000,1186;1156;1273;1510,2026-09-28T06:57:17Z,src_20260928_fts_plan-1186-p1;src_20260928_fts_plan-1156-p1;src_20260928_fts_plan-1156-p2;src_20260928_fts_plan-1273-p1;src_20260928_fts_plan-1273-p2;src_20260928_fts_plan-1510-p1;src_20260928_fts_plan-1510-p2;src_20260928_fts_locations
RUS,2023-11-01,2024-10-31,4000000,1186;1156;1273;1510,2026-09-28T06:57:17Z,src_20260928_fts_plan-1186-p1;src_20260928_fts_plan-1156-p1;src_20260928_fts_plan-1156-p2;src_20260928_fts_plan-1273-p1;src_20260928_fts_plan-1273-p2;src_20260928_fts_plan-1510-p1;src_20260928_fts_plan-1510-p2;src_20260928_fts_locations
RUS,2023-12-01,2024-11-30,2000000,1186;1156;1273;1510,2026-09-28T06:57:17Z,src_20260928_fts_plan-1186-p1;src_20260928_fts_plan-1156-p1;src_20260928_fts_plan-1156-p2;src_20260928_fts_plan-1273-p1;src_20260928_fts_plan-1273-p2;src_20260928_fts_plan-1510-p1;src_20260928_fts_plan-1510-p2;src_20260928_fts_locations
RUS,2024-01-01,2024-12-31,0,1186;1156;1273;1510,2026-09-28T06:57:17Z,src_20260928_fts_plan-1186-p1;src_20260928_fts_plan-1156-p1;src_20260928_fts_plan-1156-p2;src_20260928_fts_plan-1273-p1;src_20260928_fts_plan-1273-p2;src_20260928_fts_plan-1510-p1;src_20260928_fts_plan-1510-p2;src_20260928_fts_locations
RUS,2024-02-01,2025-01-31,0,1186;1156;1273;1510,2026-09-28T06:57:17Z,src_20260928_fts_plan-1186-p1;src_20260928_fts_plan-1156-p1;src_20260928_fts_plan-1156-p2;src_20260928_fts_plan-1273-p1;src_20260928_fts_plan-1273-p2;src_20260928_fts_plan-1510-p1;src_20260928_fts_plan-1510-p2;src_20260928_fts_locations
RUS,2024-03-01,2025-02-28,0,1186;1156;1273;1510,2026-09-28T06:57:17Z,src_20260928_fts_plan-1186-p1;src_20260928_fts_plan-1156-p1;src_20260928_fts_plan-1156-p2;src_20260928_fts_plan-1273-p1;src_20260928_fts_plan-1273-p2;src_20260928_fts_plan-1510-p1;src_20260928_fts_plan-1510-p2;src_20260928_fts_locations
RUS,2024-04-01,2025-03-31,0,1186;1156;1273;1510,2026-09-28T06:57:17Z,src_20260928_fts_plan-1186-p1;src_20260928_fts_plan-1156-p1;src_20260928_fts_plan-1156-p2;src_20260928_fts_plan-1273-p1;src_20260928_fts_plan-1273-p2;src_20260928_fts_plan-1510-p1;src_20260928_fts_plan-1510-p2;src_20260928_fts_locations
RUS,2024-05-01,2025-04-30,2000000,1186;1156;1273;1510,2026-09-28T06:57:17Z,src_20260928_fts_plan-1186-p1;src_20260928_fts_plan-1156-p1;src_20260928_fts_plan-1156-p2;src_20260928_fts_plan-1273-p1;src_20260928_fts_plan-1273-p2;src_20260928_fts_plan-1510-p1;src_20260928_fts_plan-1510-p2;src_20260928_fts_locations
RUS,2024-06-01,2025-05-31,2000000,1186;1156;1273;1510,2026-09-28T06:57:17Z,src_20260928_fts_plan-1186-p1;src_20260928_fts_plan-1156-p1;src_20260928_fts_plan-1156-p2;src_20260928_fts_plan-1273-p1;src_20260928_fts_plan-1273-p2;src_20260928_fts_plan-1510-p1;src_20260928_fts_plan-1510-p2;src_20260928_fts_locations
RUS,2024-07-01,2025-06-30,2000000,1186;1156;1273;1510,2026-09-28T06:57:17Z,src_20260928_fts_plan-1186-p1;src_20260928_fts_plan-1156-p1;src_20260928_fts_plan-1156-p2;src_20260928_fts_plan-1273-p1;src_20260928_fts_plan-1273-p2;src_20260928_fts_plan-1510-p1;src_20260928_fts_plan-1510-p2;src_20260928_fts_locations
RUS,2024-08-01,2025-07-31,2000000,1186;1156;1273;1510,2026-09-28T06:57:17Z,src_20260928_fts_plan-1186-p1;src_20260928_fts_plan-1156-p1;src_20260928_fts_plan-1156-p2;src_20260928_fts_plan-1273-p1;src_20260928_fts_plan-1273-p2;src_20260928_fts_plan-1510-p1;src_20260928_fts_plan-1510-p2;src_20260928_fts_locations
RUS,2024-09-01,2025-08-31,2000000,1186;1156;1273;1510,2026-09-28T06:57:17Z,src_20260928_fts_plan-1186-p1;src_20260928_fts_plan-1156-p1;src_20260928_fts_plan-1156-p2;src_20260928_fts_plan-1273-p1;src_20260928_fts_plan-1273-p2;src_20260928_fts_plan-1510-p1;src_20260928_fts_plan-1510-p2;src_20260928_fts_locations
RUS,2024-10-01,2025-09-30,2000000,1186;1156;1273;1510,2026-09-28T06:57:17Z,src_20260928_fts_plan-1186-p1;src_20260928_fts_plan-1156-p1;src_20260928_fts_plan-1156-p2;src_20260928_fts_plan-1273-p1;src_20260928_fts_plan-1273-p2;src_20260928_fts_plan-1510-p1;src_20260928_fts_plan-1510-p2;src_20260928_fts_locations
RUS,2024-11-01,2025-10-31,2000000,1186;1156;1273;1510,2026-09-28T06:57:17Z,src_20260928_fts_plan-1186-p1;src_20260928_fts_plan-1156-p1;src_20260928_fts_plan-1156-p2;src_20260928_fts_plan-1273-p1;src_20260928_fts_plan-1273-p2;src_20260928_fts_plan-1510-p1;src_20260928_fts_plan-1510-p2;src_20260928_fts_locations
RUS,2024-12-01,2025-11-30,2000000,1186;1156;1273;1510,2026-09-28T06:57:17Z,src_20260928_fts_plan-1186-p1;src_20260928_fts_plan-1156-p1;src_20260928_fts_plan-1156-p2;src_20260928_fts_plan-1273-p1;src_20260928_fts_plan-1273-p2;src_20260928_fts_plan-1510-p1;src_20260928_fts_plan-1510-p2;src_20260928_fts_locations
RUS,2025-01-01,2025-12-31,2000000,1186;1156;1273;1510,2026-09-28T06:57:17Z,src_20260928_fts_plan-1186-p1;src_20260928_fts_plan-1156-p1;src_20260928_fts_plan-1156-p2;src_20260928_fts_plan-1273-p1;src_20260928_fts_plan-1273-p2;src_20260928_fts_plan-1510-p1;src_20260928_fts_plan-1510-p2;src_20260928_fts_locations
RUS,2025-02-01,2026-01-31,4000000,1186;1156;1273;1510,2026-09-28T06:57:17Z,src_20260928_fts_plan-1186-p1;src_20260928_fts_plan-1156-p1;src_20260928_fts_plan-1156-p2;src_20260928_fts_plan-1273-p1;src_20260928_fts_plan-1273-p2;src_20260928_fts_plan-1510-p1;src_20260928_fts_plan-1510-p2;src_20260928_fts_locations
RUS,2025-03-01,2026-02-28,4000000,1186;1156;1273;1510,2026-09-28T06:57:17Z,src_20260928_fts_plan-1186-p1;src_20260928_fts_plan-1156-p1;src_20260928_fts_plan-1156-p2;src_20260928_fts_plan-1273-p1;src_20260928_fts_plan-1273-p2;src_20260928_fts_plan-1510-p1;src_20260928_fts_plan-1510-p2;src_20260928_fts_locations
RUS,2025-04-01,2026-03-31,4000000,1186;1156;1273;1510,2026-09-28T06:57:17Z,src_20260928_fts_plan-1186-p1;src_20260928_fts_plan-1156-p1;src_20260928_fts_plan-1156-p2;src_20260928_fts_plan-1273-p1;src_20260928_fts_plan-1273-p2;src_20260928_fts_plan-1510-p1;src_20260928_fts_plan-1510-p2;src_20260928_fts_locations
RUS,2025-05-01,2026-04-30,4000000,1186;1156;1273;1510,2026-09-28T06:57:17Z,src_20260928_fts_plan-1186-p1;src_20260928_fts_plan-1156-p1;src_20260928_fts_plan-1156-p2;src_20260928_fts_plan-1273-p1;src_20260928_fts_plan-1273-p2;src_20260928_fts_plan-1510-p1;src_20260928_fts_plan-1510-p2;src_20260928_fts_locations
RUS,2025-06-01,2026-05-31,4000000,1186;1156;1273;1510,2026-09-28T06:57:17Z,src_20260928_fts_plan-1186-p1;src_20260928_fts_plan-1156-p1;src_20260928_fts_plan-1156-p2;src_20260928_fts_plan-1273-p1;src_20260928_fts_plan-1273-p2;src_20260928_fts_plan-1510-p1;src_20260928_fts_plan-1510-p2;src_20260928_fts_locations
RUS,2025-07-01,2026-06-30,4000000,1186;1156;1273;1510,2026-09-28T06:57:17Z,src_20260928_fts_plan-1186-p1;src_20260928_fts_plan-1156-p1;src_20260928_fts_plan-1156-p2;src_20260928_fts_plan-1273-p1;src_20260928_fts_plan-1273-p2;src_20260928_fts_plan-1510-p1;src_20260928_fts_plan-1510-p2;src_20260928_fts_locations
RUS,2025-08-01,2026-07-31,4000000,1186;1156;1273;1510,2026-09-28T06:57:17Z,src_20260928_fts_plan-1186-p1;src_20260928_fts_plan-1156-p1;src_20260928_fts_plan-1156-p2;src_20260928_fts_plan-1273-p1;src_20260928_fts_plan-1273-p2;src_20260928_fts_plan-1510-p1;src_20260928_fts_plan-1510-p2;src_20260928_fts_locations
RUS,2025-09-01,2026-08-31,4000000,1186;1156;1273;1510,2026-09-28T06:57:17Z,src_20260928_fts_plan-1186-p1;src_20260928_fts_plan-1156-p1;src_20260928_fts_plan-1156-p2;src_20260928_fts_plan-1273-p1;src_20260928_fts_plan-1273-p2;src_20260928_fts_plan-1510-p1;src_20260928_fts_plan-1510-p2;src_20260928_fts_locations
SAU,2022-10-01,2023-09-30,2000000,1186;1156;1273;1510,2026-09-28T06:57:17Z,src_20260928_fts_plan-1186-p1;src_20260928_fts_plan-1156-p1;src_20260928_fts_plan-1156-p2;src_20260928_fts_plan-1273-p1;src_20260928_fts_plan-1273-p2;src_20260928_fts_plan-1510-p1;src_20260928_fts_plan-1510-p2;src_20260928_fts_locations
SAU,2022-11-01,2023-10-31,2000000,1186;1156;1273;1510,2026-09-28T06:57:17Z,src_20260928_fts_plan-1186-p1;src_20260928_fts_plan-1156-p1;src_20260928_fts_plan-1156-p2;src_20260928_fts_plan-1273-p1;src_20260928_fts_plan-1273-p2;src_20260928_fts_plan-1510-p1;src_20260928_fts_plan-1510-p2;src_20260928_fts_locations
SAU,2022-12-01,2023-11-30,17000000,1186;1156;1273;1510,2026-09-28T06:57:17Z,src_20260928_fts_plan-1186-p1;src_20260928_fts_plan-1156-p1;src_20260928_fts_plan-1156-p2;src_20260928_fts_plan-1273-p1;src_20260928_fts_plan-1273-p2;src_20260928_fts_plan-1510-p1;src_20260928_fts_plan-1510-p2;src_20260928_fts_locations
SAU,2023-01-01,2023-12-31,17000000,1186;1156;1273;1510,2026-09-28T06:57:17Z,src_20260928_fts_plan-1186-p1;src_20260928_fts_plan-1156-p1;src_20260928_fts_plan-1156-p2;src_20260928_fts_plan-1273-p1;src_20260928_fts_plan-1273-p2;src_20260928_fts_plan-1510-p1;src_20260928_fts_plan-1510-p2;src_20260928_fts_locations
SAU,2023-02-01,2024-01-31,15000000,1186;1156;1273;1510,2026-09-28T06:57:17Z,src_20260928_fts_plan-1186-p1;src_20260928_fts_plan-1156-p1;src_20260928_fts_plan-1156-p2;src_20260928_fts_plan-1273-p1;src_20260928_fts_plan-1273-p2;src_20260928_fts_plan-1510-p1;src_20260928_fts_plan-1510-p2;src_20260928_fts_locations
SAU,2023-03-01,2024-02-29,15000000,1186;1156;1273;1510,2026-09-28T06:57:17Z,src_20260928_fts_plan-1186-p1;src_20260928_fts_plan-1156-p1;src_20260928_fts_plan-1156-p2;src_20260928_fts_plan-1273-p1;src_20260928_fts_plan-1273-p2;src_20260928_fts_plan-1510-p1;src_20260928_fts_plan-1510-p2;src_20260928_fts_locations
SAU,2023-04-01,2024-03-31,24900000,1186;1156;1273;1510,2026-09-28T06:57:17Z,src_20260928_fts_plan-1186-p1;src_20260928_fts_plan-1156-p1;src_20260928_fts_plan-1156-p2;src_20260928_fts_plan-1273-p1;src_20260928_fts_plan-1273-p2;src_20260928_fts_plan-1510-p1;src_20260928_fts_plan-1510-p2;src_20260928_fts_locations
SAU,2023-05-01,2024-04-30,24900000,1186;1156;1273;1510,2026-09-28T06:57:17Z,src_20260928_fts_plan-1186-p1;src_20260928_fts_plan-1156-p1;src_20260928_fts_plan-1156-p2;src_20260928_fts_plan-1273-p1;src_20260928_fts_plan-1273-p2;src_20260928_fts_plan-1510-p1;src_20260928_fts_plan-1510-p2;src_20260928_fts_locations
SAU,2023-06-01,2024-05-31,69849999,1186;1156;1273;1510,2026-09-28T06:57:17Z,src_20260928_fts_plan-1186-p1;src_20260928_fts_plan-1156-p1;src_20260928_fts_plan-1156-p2;src_20260928_fts_plan-1273-p1;src_20260928_fts_plan-1273-p2;src_20260928_fts_plan-1510-p1;src_20260928_fts_plan-1510-p2;src_20260928_fts_locations
SAU,2023-07-01,2024-06-30,69849999,1186;1156;1273;1510,2026-09-28T06:57:17Z,src_20260928_fts_plan-1186-p1;src_20260928_fts_plan-1156-p1;src_20260928_fts_plan-1156-p2;src_20260928_fts_plan-1273-p1;src_20260928_fts_plan-1273-p2;src_20260928_fts_plan-1510-p1;src_20260928_fts_plan-1510-p2;src_20260928_fts_locations
SAU,2023-08-01,2024-07-31,73565799,1186;1156;1273;1510,2026-09-28T06:57:17Z,src_20260928_fts_plan-1186-p1;src_20260928_fts_plan-1156-p1;src_20260928_fts_plan-1156-p2;src_20260928_fts_plan-1273-p1;src_20260928_fts_plan-1273-p2;src_20260928_fts_plan-1510-p1;src_20260928_fts_plan-1510-p2;src_20260928_fts_locations
SAU,2023-09-01,2024-08-31,73565799,1186;1156;1273;1510,2026-09-28T06:57:17Z,src_20260928_fts_plan-1186-p1;src_20260928_fts_plan-1156-p1;src_20260928_fts_plan-1156-p2;src_20260928_fts_plan-1273-p1;src_20260928_fts_plan-1273-p2;src_20260928_fts_plan-1510-p1;src_20260928_fts_plan-1510-p2;src_20260928_fts_locations
SAU,2023-10-01,2024-09-30,73565799,1186;1156;1273;1510,2026-09-28T06:57:17Z,src_20260928_fts_plan-1186-p1;src_20260928_fts_plan-1156-p1;src_20260928_fts_plan-1156-p2;src_20260928_fts_plan-1273-p1;src_20260928_fts_plan-1273-p2;src_20260928_fts_plan-1510-p1;src_20260928_fts_plan-1510-p2;src_20260928_fts_locations
SAU,2023-11-01,2024-10-31,73565799,1186;1156;1273;1510,2026-09-28T06:57:17Z,src_20260928_fts_plan-1186-p1;src_20260928_fts_plan-1156-p1;src_20260928_fts_plan-1156-p2;src_20260928_fts_plan-1273-p1;src_20260928_fts_plan-1273-p2;src_20260928_fts_plan-1510-p1;src_20260928_fts_plan-1510-p2;src_20260928_fts_locations
SAU,2023-12-01,2024-11-30,58565799,1186;1156;1273;1510,2026-09-28T06:57:17Z,src_20260928_fts_plan-1186-p1;src_20260928_fts_plan-1156-p1;src_20260928_fts_plan-1156-p2;src_20260928_fts_plan-1273-p1;src_20260928_fts_plan-1273-p2;src_20260928_fts_plan-1510-p1;src_20260928_fts_plan-1510-p2;src_20260928_fts_locations
SAU,2024-01-01,2024-12-31,58565799,1186;1156;1273;1510,2026-09-28T06:57:17Z,src_20260928_fts_plan-1186-p1;src_20260928_fts_plan-1156-p1;src_20260928_fts_plan-1156-p2;src_20260928_fts_plan-1273-p1;src_20260928_fts_plan-1273-p2;src_20260928_fts_plan-1510-p1;src_20260928_fts_plan-1510-p2;src_20260928_fts_locations
SAU,2024-02-01,2025-01-31,65833999,1186;1156;1273;1510,2026-09-28T06:57:17Z,src_20260928_fts_plan-1186-p1;src_20260928_fts_plan-1156-p1;src_20260928_fts_plan-1156-p2;src_20260928_fts_plan-1273-p1;src_20260928_fts_plan-1273-p2;src_20260928_fts_plan-1510-p1;src_20260928_fts_plan-1510-p2;src_20260928_fts_locations
SAU,2024-03-01,2025-02-28,75965064,1186;1156;1273;1510,2026-09-28T06:57:17Z,src_20260928_fts_plan-1186-p1;src_20260928_fts_plan-1156-p1;src_20260928_fts_plan-1156-p2;src_20260928_fts_plan-1273-p1;src_20260928_fts_plan-1273-p2;src_20260928_fts_plan-1510-p1;src_20260928_fts_plan-1510-p2;src_20260928_fts_locations
SAU,2024-04-01,2025-03-31,66065064,1186;1156;1273;1510,2026-09-28T06:57:17Z,src_20260928_fts_plan-1186-p1;src_20260928_fts_plan-1156-p1;src_20260928_fts_plan-1156-p2;src_20260928_fts_plan-1273-p1;src_20260928_fts_plan-1273-p2;src_20260928_fts_plan-1510-p1;src_20260928_fts_plan-1510-p2;src_20260928_fts_locations
SAU,2024-05-01,2025-04-30,66265064,1186;1156;1273;1510,2026-09-28T06:57:17Z,src_20260928_fts_plan-1186-p1;src_20260928_fts_plan-1156-p1;src_20260928_fts_plan-1156-p2;src_20260928_fts_plan-1273-p1;src_20260928_fts_plan-1273-p2;src_20260928_fts_plan-1510-p1;src_20260928_fts_plan-1510-p2;src_20260928_fts_locations
SAU,2024-06-01,2025-05-31,21315065,1186;1156;1273;1510,2026-09-28T06:57:17Z,src_20260928_fts_plan-1186-p1;src_20260928_fts_plan-1156-p1;src_20260928_fts_plan-1156-p2;src_20260928_fts_plan-1273-p1;src_20260928_fts_plan-1273-p2;src_20260928_fts_plan-1510-p1;src_20260928_fts_plan-1510-p2;src_20260928_fts_locations
SAU,2024-07-01,2025-06-30,21315065,1186;1156;1273;1510,2026-09-28T06:57:17Z,src_20260928_fts_plan-1186-p1;src_20260928_fts_plan-1156-p1;src_20260928_fts_plan-1156-p2;src_20260928_fts_plan-1273-p1;src_20260928_fts_plan-1273-p2;src_20260928_fts_plan-1510-p1;src_20260928_fts_plan-1510-p2;src_20260928_fts_locations
SAU,2024-08-01,2025-07-31,17599265,1186;1156;1273;1510,2026-09-28T06:57:17Z,src_20260928_fts_plan-1186-p1;src_20260928_fts_plan-1156-p1;src_20260928_fts_plan-1156-p2;src_20260928_fts_plan-1273-p1;src_20260928_fts_plan-1273-p2;src_20260928_fts_plan-1510-p1;src_20260928_fts_plan-1510-p2;src_20260928_fts_locations
SAU,2024-09-01,2025-08-31,17971124,1186;1156;1273;1510,2026-09-28T06:57:17Z,src_20260928_fts_plan-1186-p1;src_20260928_fts_plan-1156-p1;src_20260928_fts_plan-1156-p2;src_20260928_fts_plan-1273-p1;src_20260928_fts_plan-1273-p2;src_20260928_fts_plan-1510-p1;src_20260928_fts_plan-1510-p2;src_20260928_fts_locations
SAU,2024-10-01,2025-09-30,28635540,1186;1156;1273;1510,2026-09-28T06:57:17Z,src_20260928_fts_plan-1186-p1;src_20260928_fts_plan-1156-p1;src_20260928_fts_plan-1156-p2;src_20260928_fts_plan-1273-p1;src_20260928_fts_plan-1273-p2;src_20260928_fts_plan-1510-p1;src_20260928_fts_plan-1510-p2;src_20260928_fts_locations
SAU,2024-11-01,2025-10-31,28635540,1186;1156;1273;1510,2026-09-28T06:57:17Z,src_20260928_fts_plan-1186-p1;src_20260928_fts_plan-1156-p1;src_20260928_fts_plan-1156-p2;src_20260928_fts_plan-1273-p1;src_20260928_fts_plan-1273-p2;src_20260928_fts_plan-1510-p1;src_20260928_fts_plan-1510-p2;src_20260928_fts_locations
SAU,2024-12-01,2025-11-30,28635540,1186;1156;1273;1510,2026-09-28T06:57:17Z,src_20260928_fts_plan-1186-p1;src_20260928_fts_plan-1156-p1;src_20260928_fts_plan-1156-p2;src_20260928_fts_plan-1273-p1;src_20260928_fts_plan-1273-p2;src_20260928_fts_plan-1510-p1;src_20260928_fts_plan-1510-p2;src_20260928_fts_locations
SAU,2025-01-01,2025-12-31,28635540,1186;1156;1273;1510,2026-09-28T06:57:17Z,src_20260928_fts_plan-1186-p1;src_20260928_fts_plan-1156-p1;src_20260928_fts_plan-1156-p2;src_20260928_fts_plan-1273-p1;src_20260928_fts_plan-1273-p2;src_20260928_fts_plan-1510-p1;src_20260928_fts_plan-1510-p2;src_20260928_fts_locations
SAU,2025-02-01,2026-01-31,21367340,1186;1156;1273;1510,2026-09-28T06:57:17Z,src_20260928_fts_plan-1186-p1;src_20260928_fts_plan-1156-p1;src_20260928_fts_plan-1156-p2;src_20260928_fts_plan-1273-p1;src_20260928_fts_plan-1273-p2;src_20260928_fts_plan-1510-p1;src_20260928_fts_plan-1510-p2;src_20260928_fts_locations
SAU,2025-03-01,2026-02-28,11262942,1186;1156;1273;1510,2026-09-28T06:57:17Z,src_20260928_fts_plan-1186-p1;src_20260928_fts_plan-1156-p1;src_20260928_fts_plan-1156-p2;src_20260928_fts_plan-1273-p1;src_20260928_fts_plan-1273-p2;src_20260928_fts_plan-1510-p1;src_20260928_fts_plan-1510-p2;src_20260928_fts_locations
SAU,2025-04-01,2026-03-31,11520692,1186;1156;1273;1510,2026-09-28T06:57:17Z,src_20260928_fts_plan-1186-p1;src_20260928_fts_plan-1156-p1;src_20260928_fts_plan-1156-p2;src_20260928_fts_plan-1273-p1;src_20260928_fts_plan-1273-p2;src_20260928_fts_plan-1510-p1;src_20260928_fts_plan-1510-p2;src_20260928_fts_locations
SAU,2025-05-01,2026-04-30,13540189,1186;1156;1273;1510,2026-09-28T06:57:17Z,src_20260928_fts_plan-1186-p1;src_20260928_fts_plan-1156-p1;src_20260928_fts_plan-1156-p2;src_20260928_fts_plan-1273-p1;src_20260928_fts_plan-1273-p2;src_20260928_fts_plan-1510-p1;src_20260928_fts_plan-1510-p2;src_20260928_fts_locations
SAU,2025-06-01,2026-05-31,15277230,1186;1156;1273;1510,2026-09-28T06:57:17Z,src_20260928_fts_plan-1186-p1;src_20260928_fts_plan-1156-p1;src_20260928_fts_plan-1156-p2;src_20260928_fts_plan-1273-p1;src_20260928_fts_plan-1273-p2;src_20260928_fts_plan-1510-p1;src_20260928_fts_plan-1510-p2;src_20260928_fts_locations
SAU,2025-07-01,2026-06-30,16247230,1186;1156;1273;1510,2026-09-28T06:57:17Z,src_20260928_fts_plan-1186-p1;src_20260928_fts_plan-1156-p1;src_20260928_fts_plan-1156-p2;src_20260928_fts_plan-1273-p1;src_20260928_fts_plan-1273-p2;src_20260928_fts_plan-1510-p1;src_20260928_fts_plan-1510-p2;src_20260928_fts_locations
SAU,2025-08-01,2026-07-31,19842230,1186;1156;1273;1510,2026-09-28T06:57:17Z,src_20260928_fts_plan-1186-p1;src_20260928_fts_plan-1156-p1;src_20260928_fts_plan-1156-p2;src_20260928_fts_plan-1273-p1;src_20260928_fts_plan-1273-p2;src_20260928_fts_plan-1510-p1;src_20260928_fts_plan-1510-p2;src_20260928_fts_locations
SAU,2025-09-01,2026-08-31,19470371,1186;1156;1273;1510,2026-09-28T06:57:17Z,src_20260928_fts_plan-1186-p1;src_20260928_fts_plan-1156-p1;src_20260928_fts_plan-1156-p2;src_20260928_fts_plan-1273-p1;src_20260928_fts_plan-1273-p2;src_20260928_fts_plan-1510-p1;src_20260928_fts_plan-1510-p2;src_20260928_fts_locations
SGP,2022-10-01,2023-09-30,0,1186;1156;1273;1510,2026-09-28T06:57:17Z,src_20260928_fts_plan-1186-p1;src_20260928_fts_plan-1156-p1;src_20260928_fts_plan-1156-p2;src_20260928_fts_plan-1273-p1;src_20260928_fts_plan-1273-p2;src_20260928_fts_plan-1510-p1;src_20260928_fts_plan-1510-p2;src_20260928_fts_locations
SGP,2022-11-01,2023-10-31,0,1186;1156;1273;1510,2026-09-28T06:57:17Z,src_20260928_fts_plan-1186-p1;src_20260928_fts_plan-1156-p1;src_20260928_fts_plan-1156-p2;src_20260928_fts_plan-1273-p1;src_20260928_fts_plan-1273-p2;src_20260928_fts_plan-1510-p1;src_20260928_fts_plan-1510-p2;src_20260928_fts_locations
SGP,2022-12-01,2023-11-30,0,1186;1156;1273;1510,2026-09-28T06:57:17Z,src_20260928_fts_plan-1186-p1;src_20260928_fts_plan-1156-p1;src_20260928_fts_plan-1156-p2;src_20260928_fts_plan-1273-p1;src_20260928_fts_plan-1273-p2;src_20260928_fts_plan-1510-p1;src_20260928_fts_plan-1510-p2;src_20260928_fts_locations
SGP,2023-01-01,2023-12-31,0,1186;1156;1273;1510,2026-09-28T06:57:17Z,src_20260928_fts_plan-1186-p1;src_20260928_fts_plan-1156-p1;src_20260928_fts_plan-1156-p2;src_20260928_fts_plan-1273-p1;src_20260928_fts_plan-1273-p2;src_20260928_fts_plan-1510-p1;src_20260928_fts_plan-1510-p2;src_20260928_fts_locations
SGP,2023-02-01,2024-01-31,0,1186;1156;1273;1510,2026-09-28T06:57:17Z,src_20260928_fts_plan-1186-p1;src_20260928_fts_plan-1156-p1;src_20260928_fts_plan-1156-p2;src_20260928_fts_plan-1273-p1;src_20260928_fts_plan-1273-p2;src_20260928_fts_plan-1510-p1;src_20260928_fts_plan-1510-p2;src_20260928_fts_locations
SGP,2023-03-01,2024-02-29,0,1186;1156;1273;1510,2026-09-28T06:57:17Z,src_20260928_fts_plan-1186-p1;src_20260928_fts_plan-1156-p1;src_20260928_fts_plan-1156-p2;src_20260928_fts_plan-1273-p1;src_20260928_fts_plan-1273-p2;src_20260928_fts_plan-1510-p1;src_20260928_fts_plan-1510-p2;src_20260928_fts_locations
SGP,2023-04-01,2024-03-31,0,1186;1156;1273;1510,2026-09-28T06:57:17Z,src_20260928_fts_plan-1186-p1;src_20260928_fts_plan-1156-p1;src_20260928_fts_plan-1156-p2;src_20260928_fts_plan-1273-p1;src_20260928_fts_plan-1273-p2;src_20260928_fts_plan-1510-p1;src_20260928_fts_plan-1510-p2;src_20260928_fts_locations
SGP,2023-05-01,2024-04-30,0,1186;1156;1273;1510,2026-09-28T06:57:17Z,src_20260928_fts_plan-1186-p1;src_20260928_fts_plan-1156-p1;src_20260928_fts_plan-1156-p2;src_20260928_fts_plan-1273-p1;src_20260928_fts_plan-1273-p2;src_20260928_fts_plan-1510-p1;src_20260928_fts_plan-1510-p2;src_20260928_fts_locations
SGP,2023-06-01,2024-05-31,0,1186;1156;1273;1510,2026-09-28T06:57:17Z,src_20260928_fts_plan-1186-p1;src_20260928_fts_plan-1156-p1;src_20260928_fts_plan-1156-p2;src_20260928_fts_plan-1273-p1;src_20260928_fts_plan-1273-p2;src_20260928_fts_plan-1510-p1;src_20260928_fts_plan-1510-p2;src_20260928_fts_locations
SGP,2023-07-01,2024-06-30,0,1186;1156;1273;1510,2026-09-28T06:57:17Z,src_20260928_fts_plan-1186-p1;src_20260928_fts_plan-1156-p1;src_20260928_fts_plan-1156-p2;src_20260928_fts_plan-1273-p1;src_20260928_fts_plan-1273-p2;src_20260928_fts_plan-1510-p1;src_20260928_fts_plan-1510-p2;src_20260928_fts_locations
SGP,2023-08-01,2024-07-31,0,1186;1156;1273;1510,2026-09-28T06:57:17Z,src_20260928_fts_plan-1186-p1;src_20260928_fts_plan-1156-p1;src_20260928_fts_plan-1156-p2;src_20260928_fts_plan-1273-p1;src_20260928_fts_plan-1273-p2;src_20260928_fts_plan-1510-p1;src_20260928_fts_plan-1510-p2;src_20260928_fts_locations
SGP,2023-09-01,2024-08-31,0,1186;1156;1273;1510,2026-09-28T06:57:17Z,src_20260928_fts_plan-1186-p1;src_20260928_fts_plan-1156-p1;src_20260928_fts_plan-1156-p2;src_20260928_fts_plan-1273-p1;src_20260928_fts_plan-1273-p2;src_20260928_fts_plan-1510-p1;src_20260928_fts_plan-1510-p2;src_20260928_fts_locations
SGP,2023-10-01,2024-09-30,0,1186;1156;1273;1510,2026-09-28T06:57:17Z,src_20260928_fts_plan-1186-p1;src_20260928_fts_plan-1156-p1;src_20260928_fts_plan-1156-p2;src_20260928_fts_plan-1273-p1;src_20260928_fts_plan-1273-p2;src_20260928_fts_plan-1510-p1;src_20260928_fts_plan-1510-p2;src_20260928_fts_locations
SGP,2023-11-01,2024-10-31,0,1186;1156;1273;1510,2026-09-28T06:57:17Z,src_20260928_fts_plan-1186-p1;src_20260928_fts_plan-1156-p1;src_20260928_fts_plan-1156-p2;src_20260928_fts_plan-1273-p1;src_20260928_fts_plan-1273-p2;src_20260928_fts_plan-1510-p1;src_20260928_fts_plan-1510-p2;src_20260928_fts_locations
SGP,2023-12-01,2024-11-30,0,1186;1156;1273;1510,2026-09-28T06:57:17Z,src_20260928_fts_plan-1186-p1;src_20260928_fts_plan-1156-p1;src_20260928_fts_plan-1156-p2;src_20260928_fts_plan-1273-p1;src_20260928_fts_plan-1273-p2;src_20260928_fts_plan-1510-p1;src_20260928_fts_plan-1510-p2;src_20260928_fts_locations
SGP,2024-01-01,2024-12-31,0,1186;1156;1273;1510,2026-09-28T06:57:17Z,src_20260928_fts_plan-1186-p1;src_20260928_fts_plan-1156-p1;src_20260928_fts_plan-1156-p2;src_20260928_fts_plan-1273-p1;src_20260928_fts_plan-1273-p2;src_20260928_fts_plan-1510-p1;src_20260928_fts_plan-1510-p2;src_20260928_fts_locations
SGP,2024-02-01,2025-01-31,0,1186;1156;1273;1510,2026-09-28T06:57:17Z,src_20260928_fts_plan-1186-p1;src_20260928_fts_plan-1156-p1;src_20260928_fts_plan-1156-p2;src_20260928_fts_plan-1273-p1;src_20260928_fts_plan-1273-p2;src_20260928_fts_plan-1510-p1;src_20260928_fts_plan-1510-p2;src_20260928_fts_locations
SGP,2024-03-01,2025-02-28,0,1186;1156;1273;1510,2026-09-28T06:57:17Z,src_20260928_fts_plan-1186-p1;src_20260928_fts_plan-1156-p1;src_20260928_fts_plan-1156-p2;src_20260928_fts_plan-1273-p1;src_20260928_fts_plan-1273-p2;src_20260928_fts_plan-1510-p1;src_20260928_fts_plan-1510-p2;src_20260928_fts_locations
SGP,2024-04-01,2025-03-31,0,1186;1156;1273;1510,2026-09-28T06:57:17Z,src_20260928_fts_plan-1186-p1;src_20260928_fts_plan-1156-p1;src_20260928_fts_plan-1156-p2;src_20260928_fts_plan-1273-p1;src_20260928_fts_plan-1273-p2;src_20260928_fts_plan-1510-p1;src_20260928_fts_plan-1510-p2;src_20260928_fts_locations
SGP,2024-05-01,2025-04-30,0,1186;1156;1273;1510,2026-09-28T06:57:17Z,src_20260928_fts_plan-1186-p1;src_20260928_fts_plan-1156-p1;src_20260928_fts_plan-1156-p2;src_20260928_fts_plan-1273-p1;src_20260928_fts_plan-1273-p2;src_20260928_fts_plan-1510-p1;src_20260928_fts_plan-1510-p2;src_20260928_fts_locations
SGP,2024-06-01,2025-05-31,0,1186;1156;1273;1510,2026-09-28T06:57:17Z,src_20260928_fts_plan-1186-p1;src_20260928_fts_plan-1156-p1;src_20260928_fts_plan-1156-p2;src_20260928_fts_plan-1273-p1;src_20260928_fts_plan-1273-p2;src_20260928_fts_plan-1510-p1;src_20260928_fts_plan-1510-p2;src_20260928_fts_locations
SGP,2024-07-01,2025-06-30,0,1186;1156;1273;1510,2026-09-28T06:57:17Z,src_20260928_fts_plan-1186-p1;src_20260928_fts_plan-1156-p1;src_20260928_fts_plan-1156-p2;src_20260928_fts_plan-1273-p1;src_20260928_fts_plan-1273-p2;src_20260928_fts_plan-1510-p1;src_20260928_fts_plan-1510-p2;src_20260928_fts_locations
SGP,2024-08-01,2025-07-31,0,1186;1156;1273;1510,2026-09-28T06:57:17Z,src_20260928_fts_plan-1186-p1;src_20260928_fts_plan-1156-p1;src_20260928_fts_plan-1156-p2;src_20260928_fts_plan-1273-p1;src_20260928_fts_plan-1273-p2;src_20260928_fts_plan-1510-p1;src_20260928_fts_plan-1510-p2;src_20260928_fts_locations
SGP,2024-09-01,2025-08-31,0,1186;1156;1273;1510,2026-09-28T06:57:17Z,src_20260928_fts_plan-1186-p1;src_20260928_fts_plan-1156-p1;src_20260928_fts_plan-1156-p2;src_20260928_fts_plan-1273-p1;src_20260928_fts_plan-1273-p2;src_20260928_fts_plan-1510-p1;src_20260928_fts_plan-1510-p2;src_20260928_fts_locations
SGP,2024-10-01,2025-09-30,0,1186;1156;1273;1510,2026-09-28T06:57:17Z,src_20260928_fts_plan-1186-p1;src_20260928_fts_plan-1156-p1;src_20260928_fts_plan-1156-p2;src_20260928_fts_plan-1273-p1;src_20260928_fts_plan-1273-p2;src_20260928_fts_plan-1510-p1;src_20260928_fts_plan-1510-p2;src_20260928_fts_locations
SGP,2024-11-01,2025-10-31,0,1186;1156;1273;1510,2026-09-28T06:57:17Z,src_20260928_fts_plan-1186-p1;src_20260928_fts_plan-1156-p1;src_20260928_fts_plan-1156-p2;src_20260928_fts_plan-1273-p1;src_20260928_fts_plan-1273-p2;src_20260928_fts_plan-1510-p1;src_20260928_fts_plan-1510-p2;src_20260928_fts_locations
SGP,2024-12-01,2025-11-30,0,1186;1156;1273;1510,2026-09-28T06:57:17Z,src_20260928_fts_plan-1186-p1;src_20260928_fts_plan-1156-p1;src_20260928_fts_plan-1156-p2;src_20260928_fts_plan-1273-p1;src_20260928_fts_plan-1273-p2;src_20260928_fts_plan-1510-p1;src_20260928_fts_plan-1510-p2;src_20260928_fts_locations
SGP,2025-01-01,2025-12-31,0,1186;1156;1273;1510,2026-09-28T06:57:17Z,src_20260928_fts_plan-1186-p1;src_20260928_fts_plan-1156-p1;src_20260928_fts_plan-1156-p2;src_20260928_fts_plan-1273-p1;src_20260928_fts_plan-1273-p2;src_20260928_fts_plan-1510-p1;src_20260928_fts_plan-1510-p2;src_20260928_fts_locations
SGP,2025-02-01,2026-01-31,500000,1186;1156;1273;1510,2026-09-28T06:57:17Z,src_20260928_fts_plan-1186-p1;src_20260928_fts_plan-1156-p1;src_20260928_fts_plan-1156-p2;src_20260928_fts_plan-1273-p1;src_20260928_fts_plan-1273-p2;src_20260928_fts_plan-1510-p1;src_20260928_fts_plan-1510-p2;src_20260928_fts_locations
SGP,2025-03-01,2026-02-28,500000,1186;1156;1273;1510,2026-09-28T06:57:17Z,src_20260928_fts_plan-1186-p1;src_20260928_fts_plan-1156-p1;src_20260928_fts_plan-1156-p2;src_20260928_fts_plan-1273-p1;src_20260928_fts_plan-1273-p2;src_20260928_fts_plan-1510-p1;src_20260928_fts_plan-1510-p2;src_20260928_fts_locations
SGP,2025-04-01,2026-03-31,500000,1186;1156;1273;1510,2026-09-28T06:57:17Z,src_20260928_fts_plan-1186-p1;src_20260928_fts_plan-1156-p1;src_20260928_fts_plan-1156-p2;src_20260928_fts_plan-1273-p1;src_20260928_fts_plan-1273-p2;src_20260928_fts_plan-1510-p1;src_20260928_fts_plan-1510-p2;src_20260928_fts_locations
SGP,2025-05-01,2026-04-30,500000,1186;1156;1273;1510,2026-09-28T06:57:17Z,src_20260928_fts_plan-1186-p1;src_20260928_fts_plan-1156-p1;src_20260928_fts_plan-1156-p2;src_20260928_fts_plan-1273-p1;src_20260928_fts_plan-1273-p2;src_20260928_fts_plan-1510-p1;src_20260928_fts_plan-1510-p2;src_20260928_fts_locations
SGP,2025-06-01,2026-05-31,500000,1186;1156;1273;1510,2026-09-28T06:57:17Z,src_20260928_fts_plan-1186-p1;src_20260928_fts_plan-1156-p1;src_20260928_fts_plan-1156-p2;src_20260928_fts_plan-1273-p1;src_20260928_fts_plan-1273-p2;src_20260928_fts_plan-1510-p1;src_20260928_fts_plan-1510-p2;src_20260928_fts_locations
SGP,2025-07-01,2026-06-30,500000,1186;1156;1273;1510,2026-09-28T06:57:17Z,src_20260928_fts_plan-1186-p1;src_20260928_fts_plan-1156-p1;src_20260928_fts_plan-1156-p2;src_20260928_fts_plan-1273-p1;src_20260928_fts_plan-1273-p2;src_20260928_fts_plan-1510-p1;src_20260928_fts_plan-1510-p2;src_20260928_fts_locations
SGP,2025-08-01,2026-07-31,500000,1186;1156;1273;1510,2026-09-28T06:57:17Z,src_20260928_fts_plan-1186-p1;src_20260928_fts_plan-1156-p1;src_20260928_fts_plan-1156-p2;src_20260928_fts_plan-1273-p1;src_20260928_fts_plan-1273-p2;src_20260928_fts_plan-1510-p1;src_20260928_fts_plan-1510-p2;src_20260928_fts_locations
SGP,2025-09-01,2026-08-31,500000,1186;1156;1273;1510,2026-09-28T06:57:17Z,src_20260928_fts_plan-1186-p1;src_20260928_fts_plan-1156-p1;src_20260928_fts_plan-1156-p2;src_20260928_fts_plan-1273-p1;src_20260928_fts_plan-1273-p2;src_20260928_fts_plan-1510-p1;src_20260928_fts_plan-1510-p2;src_20260928_fts_locations
SMR,2022-10-01,2023-09-30,0,1186;1156;1273;1510,2026-09-28T06:57:17Z,src_20260928_fts_plan-1186-p1;src_20260928_fts_plan-1156-p1;src_20260928_fts_plan-1156-p2;src_20260928_fts_plan-1273-p1;src_20260928_fts_plan-1273-p2;src_20260928_fts_plan-1510-p1;src_20260928_fts_plan-1510-p2;src_20260928_fts_locations
SMR,2022-11-01,2023-10-31,0,1186;1156;1273;1510,2026-09-28T06:57:17Z,src_20260928_fts_plan-1186-p1;src_20260928_fts_plan-1156-p1;src_20260928_fts_plan-1156-p2;src_20260928_fts_plan-1273-p1;src_20260928_fts_plan-1273-p2;src_20260928_fts_plan-1510-p1;src_20260928_fts_plan-1510-p2;src_20260928_fts_locations
SMR,2022-12-01,2023-11-30,0,1186;1156;1273;1510,2026-09-28T06:57:17Z,src_20260928_fts_plan-1186-p1;src_20260928_fts_plan-1156-p1;src_20260928_fts_plan-1156-p2;src_20260928_fts_plan-1273-p1;src_20260928_fts_plan-1273-p2;src_20260928_fts_plan-1510-p1;src_20260928_fts_plan-1510-p2;src_20260928_fts_locations
SMR,2023-01-01,2023-12-31,0,1186;1156;1273;1510,2026-09-28T06:57:17Z,src_20260928_fts_plan-1186-p1;src_20260928_fts_plan-1156-p1;src_20260928_fts_plan-1156-p2;src_20260928_fts_plan-1273-p1;src_20260928_fts_plan-1273-p2;src_20260928_fts_plan-1510-p1;src_20260928_fts_plan-1510-p2;src_20260928_fts_locations
SMR,2023-02-01,2024-01-31,0,1186;1156;1273;1510,2026-09-28T06:57:17Z,src_20260928_fts_plan-1186-p1;src_20260928_fts_plan-1156-p1;src_20260928_fts_plan-1156-p2;src_20260928_fts_plan-1273-p1;src_20260928_fts_plan-1273-p2;src_20260928_fts_plan-1510-p1;src_20260928_fts_plan-1510-p2;src_20260928_fts_locations
SMR,2023-03-01,2024-02-29,0,1186;1156;1273;1510,2026-09-28T06:57:17Z,src_20260928_fts_plan-1186-p1;src_20260928_fts_plan-1156-p1;src_20260928_fts_plan-1156-p2;src_20260928_fts_plan-1273-p1;src_20260928_fts_plan-1273-p2;src_20260928_fts_plan-1510-p1;src_20260928_fts_plan-1510-p2;src_20260928_fts_locations
SMR,2023-04-01,2024-03-31,0,1186;1156;1273;1510,2026-09-28T06:57:17Z,src_20260928_fts_plan-1186-p1;src_20260928_fts_plan-1156-p1;src_20260928_fts_plan-1156-p2;src_20260928_fts_plan-1273-p1;src_20260928_fts_plan-1273-p2;src_20260928_fts_plan-1510-p1;src_20260928_fts_plan-1510-p2;src_20260928_fts_locations
SMR,2023-05-01,2024-04-30,10730,1186;1156;1273;1510,2026-09-28T06:57:17Z,src_20260928_fts_plan-1186-p1;src_20260928_fts_plan-1156-p1;src_20260928_fts_plan-1156-p2;src_20260928_fts_plan-1273-p1;src_20260928_fts_plan-1273-p2;src_20260928_fts_plan-1510-p1;src_20260928_fts_plan-1510-p2;src_20260928_fts_locations
SMR,2023-06-01,2024-05-31,21460,1186;1156;1273;1510,2026-09-28T06:57:17Z,src_20260928_fts_plan-1186-p1;src_20260928_fts_plan-1156-p1;src_20260928_fts_plan-1156-p2;src_20260928_fts_plan-1273-p1;src_20260928_fts_plan-1273-p2;src_20260928_fts_plan-1510-p1;src_20260928_fts_plan-1510-p2;src_20260928_fts_locations
SMR,2023-07-01,2024-06-30,21460,1186;1156;1273;1510,2026-09-28T06:57:17Z,src_20260928_fts_plan-1186-p1;src_20260928_fts_plan-1156-p1;src_20260928_fts_plan-1156-p2;src_20260928_fts_plan-1273-p1;src_20260928_fts_plan-1273-p2;src_20260928_fts_plan-1510-p1;src_20260928_fts_plan-1510-p2;src_20260928_fts_locations
SMR,2023-08-01,2024-07-31,21460,1186;1156;1273;1510,2026-09-28T06:57:17Z,src_20260928_fts_plan-1186-p1;src_20260928_fts_plan-1156-p1;src_20260928_fts_plan-1156-p2;src_20260928_fts_plan-1273-p1;src_20260928_fts_plan-1273-p2;src_20260928_fts_plan-1510-p1;src_20260928_fts_plan-1510-p2;src_20260928_fts_locations
SMR,2023-09-01,2024-08-31,21460,1186;1156;1273;1510,2026-09-28T06:57:17Z,src_20260928_fts_plan-1186-p1;src_20260928_fts_plan-1156-p1;src_20260928_fts_plan-1156-p2;src_20260928_fts_plan-1273-p1;src_20260928_fts_plan-1273-p2;src_20260928_fts_plan-1510-p1;src_20260928_fts_plan-1510-p2;src_20260928_fts_locations
SMR,2023-10-01,2024-09-30,21460,1186;1156;1273;1510,2026-09-28T06:57:17Z,src_20260928_fts_plan-1186-p1;src_20260928_fts_plan-1156-p1;src_20260928_fts_plan-1156-p2;src_20260928_fts_plan-1273-p1;src_20260928_fts_plan-1273-p2;src_20260928_fts_plan-1510-p1;src_20260928_fts_plan-1510-p2;src_20260928_fts_locations
SMR,2023-11-01,2024-10-31,21460,1186;1156;1273;1510,2026-09-28T06:57:17Z,src_20260928_fts_plan-1186-p1;src_20260928_fts_plan-1156-p1;src_20260928_fts_plan-1156-p2;src_20260928_fts_plan-1273-p1;src_20260928_fts_plan-1273-p2;src_20260928_fts_plan-1510-p1;src_20260928_fts_plan-1510-p2;src_20260928_fts_locations
SMR,2023-12-01,2024-11-30,21460,1186;1156;1273;1510,2026-09-28T06:57:17Z,src_20260928_fts_plan-1186-p1;src_20260928_fts_plan-1156-p1;src_20260928_fts_plan-1156-p2;src_20260928_fts_plan-1273-p1;src_20260928_fts_plan-1273-p2;src_20260928_fts_plan-1510-p1;src_20260928_fts_plan-1510-p2;src_20260928_fts_locations
SMR,2024-01-01,2024-12-31,21460,1186;1156;1273;1510,2026-09-28T06:57:17Z,src_20260928_fts_plan-1186-p1;src_20260928_fts_plan-1156-p1;src_20260928_fts_plan-1156-p2;src_20260928_fts_plan-1273-p1;src_20260928_fts_plan-1273-p2;src_20260928_fts_plan-1510-p1;src_20260928_fts_plan-1510-p2;src_20260928_fts_locations
SMR,2024-02-01,2025-01-31,21460,1186;1156;1273;1510,2026-09-28T06:57:17Z,src_20260928_fts_plan-1186-p1;src_20260928_fts_plan-1156-p1;src_20260928_fts_plan-1156-p2;src_20260928_fts_plan-1273-p1;src_20260928_fts_plan-1273-p2;src_20260928_fts_plan-1510-p1;src_20260928_fts_plan-1510-p2;src_20260928_fts_locations
SMR,2024-03-01,2025-02-28,21460,1186;1156;1273;1510,2026-09-28T06:57:17Z,src_20260928_fts_plan-1186-p1;src_20260928_fts_plan-1156-p1;src_20260928_fts_plan-1156-p2;src_20260928_fts_plan-1273-p1;src_20260928_fts_plan-1273-p2;src_20260928_fts_plan-1510-p1;src_20260928_fts_plan-1510-p2;src_20260928_fts_locations
SMR,2024-04-01,2025-03-31,21460,1186;1156;1273;1510,2026-09-28T06:57:17Z,src_20260928_fts_plan-1186-p1;src_20260928_fts_plan-1156-p1;src_20260928_fts_plan-1156-p2;src_20260928_fts_plan-1273-p1;src_20260928_fts_plan-1273-p2;src_20260928_fts_plan-1510-p1;src_20260928_fts_plan-1510-p2;src_20260928_fts_locations
SMR,2024-05-01,2025-04-30,10730,1186;1156;1273;1510,2026-09-28T06:57:17Z,src_20260928_fts_plan-1186-p1;src_20260928_fts_plan-1156-p1;src_20260928_fts_plan-1156-p2;src_20260928_fts_plan-1273-p1;src_20260928_fts_plan-1273-p2;src_20260928_fts_plan-1510-p1;src_20260928_fts_plan-1510-p2;src_20260928_fts_locations
SMR,2024-06-01,2025-05-31,21390,1186;1156;1273;1510,2026-09-28T06:57:17Z,src_20260928_fts_plan-1186-p1;src_20260928_fts_plan-1156-p1;src_20260928_fts_plan-1156-p2;src_20260928_fts_plan-1273-p1;src_20260928_fts_plan-1273-p2;src_20260928_fts_plan-1510-p1;src_20260928_fts_plan-1510-p2;src_20260928_fts_locations
SMR,2024-07-01,2025-06-30,21390,1186;1156;1273;1510,2026-09-28T06:57:17Z,src_20260928_fts_plan-1186-p1;src_20260928_fts_plan-1156-p1;src_20260928_fts_plan-1156-p2;src_20260928_fts_plan-1273-p1;src_20260928_fts_plan-1273-p2;src_20260928_fts_plan-1510-p1;src_20260928_fts_plan-1510-p2;src_20260928_fts_locations
SMR,2024-08-01,2025-07-31,44117,1186;1156;1273;1510,2026-09-28T06:57:17Z,src_20260928_fts_plan-1186-p1;src_20260928_fts_plan-1156-p1;src_20260928_fts_plan-1156-p2;src_20260928_fts_plan-1273-p1;src_20260928_fts_plan-1273-p2;src_20260928_fts_plan-1510-p1;src_20260928_fts_plan-1510-p2;src_20260928_fts_locations
SMR,2024-09-01,2025-08-31,44117,1186;1156;1273;1510,2026-09-28T06:57:17Z,src_20260928_fts_plan-1186-p1;src_20260928_fts_plan-1156-p1;src_20260928_fts_plan-1156-p2;src_20260928_fts_plan-1273-p1;src_20260928_fts_plan-1273-p2;src_20260928_fts_plan-1510-p1;src_20260928_fts_plan-1510-p2;src_20260928_fts_locations
SMR,2024-10-01,2025-09-30,44117,1186;1156;1273;1510,2026-09-28T06:57:17Z,src_20260928_fts_plan-1186-p1;src_20260928_fts_plan-1156-p1;src_20260928_fts_plan-1156-p2;src_20260928_fts_plan-1273-p1;src_20260928_fts_plan-1273-p2;src_20260928_fts_plan-1510-p1;src_20260928_fts_plan-1510-p2;src_20260928_fts_locations
SMR,2024-11-01,2025-10-31,44117,1186;1156;1273;1510,2026-09-28T06:57:17Z,src_20260928_fts_plan-1186-p1;src_20260928_fts_plan-1156-p1;src_20260928_fts_plan-1156-p2;src_20260928_fts_plan-1273-p1;src_20260928_fts_plan-1273-p2;src_20260928_fts_plan-1510-p1;src_20260928_fts_plan-1510-p2;src_20260928_fts_locations
SMR,2024-12-01,2025-11-30,44117,1186;1156;1273;1510,2026-09-28T06:57:17Z,src_20260928_fts_plan-1186-p1;src_20260928_fts_plan-1156-p1;src_20260928_fts_plan-1156-p2;src_20260928_fts_plan-1273-p1;src_20260928_fts_plan-1273-p2;src_20260928_fts_plan-1510-p1;src_20260928_fts_plan-1510-p2;src_20260928_fts_locations
SMR,2025-01-01,2025-12-31,44117,1186;1156;1273;1510,2026-09-28T06:57:17Z,src_20260928_fts_plan-1186-p1;src_20260928_fts_plan-1156-p1;src_20260928_fts_plan-1156-p2;src_20260928_fts_plan-1273-p1;src_20260928_fts_plan-1273-p2;src_20260928_fts_plan-1510-p1;src_20260928_fts_plan-1510-p2;src_20260928_fts_locations
SMR,2025-02-01,2026-01-31,44117,1186;1156;1273;1510,2026-09-28T06:57:17Z,src_20260928_fts_plan-1186-p1;src_20260928_fts_plan-1156-p1;src_20260928_fts_plan-1156-p2;src_20260928_fts_plan-1273-p1;src_20260928_fts_plan-1273-p2;src_20260928_fts_plan-1510-p1;src_20260928_fts_plan-1510-p2;src_20260928_fts_locations
SMR,2025-03-01,2026-02-28,44117,1186;1156;1273;1510,2026-09-28T06:57:17Z,src_20260928_fts_plan-1186-p1;src_20260928_fts_plan-1156-p1;src_20260928_fts_plan-1156-p2;src_20260928_fts_plan-1273-p1;src_20260928_fts_plan-1273-p2;src_20260928_fts_plan-1510-p1;src_20260928_fts_plan-1510-p2;src_20260928_fts_locations
SMR,2025-04-01,2026-03-31,44117,1186;1156;1273;1510,2026-09-28T06:57:17Z,src_20260928_fts_plan-1186-p1;src_20260928_fts_plan-1156-p1;src_20260928_fts_plan-1156-p2;src_20260928_fts_plan-1273-p1;src_20260928_fts_plan-1273-p2;src_20260928_fts_plan-1510-p1;src_20260928_fts_plan-1510-p2;src_20260928_fts_locations
SMR,2025-05-01,2026-04-30,44117,1186;1156;1273;1510,2026-09-28T06:57:17Z,src_20260928_fts_plan-1186-p1;src_20260928_fts_plan-1156-p1;src_20260928_fts_plan-1156-p2;src_20260928_fts_plan-1273-p1;src_20260928_fts_plan-1273-p2;src_20260928_fts_plan-1510-p1;src_20260928_fts_plan-1510-p2;src_20260928_fts_locations
SMR,2025-06-01,2026-05-31,22727,1186;1156;1273;1510,2026-09-28T06:57:17Z,src_20260928_fts_plan-1186-p1;src_20260928_fts_plan-1156-p1;src_20260928_fts_plan-1156-p2;src_20260928_fts_plan-1273-p1;src_20260928_fts_plan-1273-p2;src_20260928_fts_plan-1510-p1;src_20260928_fts_plan-1510-p2;src_20260928_fts_locations
SMR,2025-07-01,2026-06-30,22727,1186;1156;1273;1510,2026-09-28T06:57:17Z,src_20260928_fts_plan-1186-p1;src_20260928_fts_plan-1156-p1;src_20260928_fts_plan-1156-p2;src_20260928_fts_plan-1273-p1;src_20260928_fts_plan-1273-p2;src_20260928_fts_plan-1510-p1;src_20260928_fts_plan-1510-p2;src_20260928_fts_locations
SMR,2025-08-01,2026-07-31,0,1186;1156;1273;1510,2026-09-28T06:57:17Z,src_20260928_fts_plan-1186-p1;src_20260928_fts_plan-1156-p1;src_20260928_fts_plan-1156-p2;src_20260928_fts_plan-1273-p1;src_20260928_fts_plan-1273-p2;src_20260928_fts_plan-1510-p1;src_20260928_fts_plan-1510-p2;src_20260928_fts_locations
SMR,2025-09-01,2026-08-31,22857,1186;1156;1273;1510,2026-09-28T06:57:17Z,src_20260928_fts_plan-1186-p1;src_20260928_fts_plan-1156-p1;src_20260928_fts_plan-1156-p2;src_20260928_fts_plan-1273-p1;src_20260928_fts_plan-1273-p2;src_20260928_fts_plan-1510-p1;src_20260928_fts_plan-1510-p2;src_20260928_fts_locations
SVK,2022-10-01,2023-09-30,0,1186;1156;1273;1510,2026-09-28T06:57:17Z,src_20260928_fts_plan-1186-p1;src_20260928_fts_plan-1156-p1;src_20260928_fts_plan-1156-p2;src_20260928_fts_plan-1273-p1;src_20260928_fts_plan-1273-p2;src_20260928_fts_plan-1510-p1;src_20260928_fts_plan-1510-p2;src_20260928_fts_locations
SVK,2022-11-01,2023-10-31,0,1186;1156;1273;1510,2026-09-28T06:57:17Z,src_20260928_fts_plan-1186-p1;src_20260928_fts_plan-1156-p1;src_20260928_fts_plan-1156-p2;src_20260928_fts_plan-1273-p1;src_20260928_fts_plan-1273-p2;src_20260928_fts_plan-1510-p1;src_20260928_fts_plan-1510-p2;src_20260928_fts_locations
SVK,2022-12-01,2023-11-30,106724,1186;1156;1273;1510,2026-09-28T06:57:17Z,src_20260928_fts_plan-1186-p1;src_20260928_fts_plan-1156-p1;src_20260928_fts_plan-1156-p2;src_20260928_fts_plan-1273-p1;src_20260928_fts_plan-1273-p2;src_20260928_fts_plan-1510-p1;src_20260928_fts_plan-1510-p2;src_20260928_fts_locations
SVK,2023-01-01,2023-12-31,106724,1186;1156;1273;1510,2026-09-28T06:57:17Z,src_20260928_fts_plan-1186-p1;src_20260928_fts_plan-1156-p1;src_20260928_fts_plan-1156-p2;src_20260928_fts_plan-1273-p1;src_20260928_fts_plan-1273-p2;src_20260928_fts_plan-1510-p1;src_20260928_fts_plan-1510-p2;src_20260928_fts_locations
SVK,2023-02-01,2024-01-31,106724,1186;1156;1273;1510,2026-09-28T06:57:17Z,src_20260928_fts_plan-1186-p1;src_20260928_fts_plan-1156-p1;src_20260928_fts_plan-1156-p2;src_20260928_fts_plan-1273-p1;src_20260928_fts_plan-1273-p2;src_20260928_fts_plan-1510-p1;src_20260928_fts_plan-1510-p2;src_20260928_fts_locations
SVK,2023-03-01,2024-02-29,106724,1186;1156;1273;1510,2026-09-28T06:57:17Z,src_20260928_fts_plan-1186-p1;src_20260928_fts_plan-1156-p1;src_20260928_fts_plan-1156-p2;src_20260928_fts_plan-1273-p1;src_20260928_fts_plan-1273-p2;src_20260928_fts_plan-1510-p1;src_20260928_fts_plan-1510-p2;src_20260928_fts_locations
SVK,2023-04-01,2024-03-31,106724,1186;1156;1273;1510,2026-09-28T06:57:17Z,src_20260928_fts_plan-1186-p1;src_20260928_fts_plan-1156-p1;src_20260928_fts_plan-1156-p2;src_20260928_fts_plan-1273-p1;src_20260928_fts_plan-1273-p2;src_20260928_fts_plan-1510-p1;src_20260928_fts_plan-1510-p2;src_20260928_fts_locations
SVK,2023-05-01,2024-04-30,106724,1186;1156;1273;1510,2026-09-28T06:57:17Z,src_20260928_fts_plan-1186-p1;src_20260928_fts_plan-1156-p1;src_20260928_fts_plan-1156-p2;src_20260928_fts_plan-1273-p1;src_20260928_fts_plan-1273-p2;src_20260928_fts_plan-1510-p1;src_20260928_fts_plan-1510-p2;src_20260928_fts_locations
SVK,2023-06-01,2024-05-31,106724,1186;1156;1273;1510,2026-09-28T06:57:17Z,src_20260928_fts_plan-1186-p1;src_20260928_fts_plan-1156-p1;src_20260928_fts_plan-1156-p2;src_20260928_fts_plan-1273-p1;src_20260928_fts_plan-1273-p2;src_20260928_fts_plan-1510-p1;src_20260928_fts_plan-1510-p2;src_20260928_fts_locations
SVK,2023-07-01,2024-06-30,106724,1186;1156;1273;1510,2026-09-28T06:57:17Z,src_20260928_fts_plan-1186-p1;src_20260928_fts_plan-1156-p1;src_20260928_fts_plan-1156-p2;src_20260928_fts_plan-1273-p1;src_20260928_fts_plan-1273-p2;src_20260928_fts_plan-1510-p1;src_20260928_fts_plan-1510-p2;src_20260928_fts_locations
SVK,2023-08-01,2024-07-31,106724,1186;1156;1273;1510,2026-09-28T06:57:17Z,src_20260928_fts_plan-1186-p1;src_20260928_fts_plan-1156-p1;src_20260928_fts_plan-1156-p2;src_20260928_fts_plan-1273-p1;src_20260928_fts_plan-1273-p2;src_20260928_fts_plan-1510-p1;src_20260928_fts_plan-1510-p2;src_20260928_fts_locations
SVK,2023-09-01,2024-08-31,106724,1186;1156;1273;1510,2026-09-28T06:57:17Z,src_20260928_fts_plan-1186-p1;src_20260928_fts_plan-1156-p1;src_20260928_fts_plan-1156-p2;src_20260928_fts_plan-1273-p1;src_20260928_fts_plan-1273-p2;src_20260928_fts_plan-1510-p1;src_20260928_fts_plan-1510-p2;src_20260928_fts_locations
SVK,2023-10-01,2024-09-30,106724,1186;1156;1273;1510,2026-09-28T06:57:17Z,src_20260928_fts_plan-1186-p1;src_20260928_fts_plan-1156-p1;src_20260928_fts_plan-1156-p2;src_20260928_fts_plan-1273-p1;src_20260928_fts_plan-1273-p2;src_20260928_fts_plan-1510-p1;src_20260928_fts_plan-1510-p2;src_20260928_fts_locations
SVK,2023-11-01,2024-10-31,106724,1186;1156;1273;1510,2026-09-28T06:57:17Z,src_20260928_fts_plan-1186-p1;src_20260928_fts_plan-1156-p1;src_20260928_fts_plan-1156-p2;src_20260928_fts_plan-1273-p1;src_20260928_fts_plan-1273-p2;src_20260928_fts_plan-1510-p1;src_20260928_fts_plan-1510-p2;src_20260928_fts_locations
SVK,2023-12-01,2024-11-30,0,1186;1156;1273;1510,2026-09-28T06:57:17Z,src_20260928_fts_plan-1186-p1;src_20260928_fts_plan-1156-p1;src_20260928_fts_plan-1156-p2;src_20260928_fts_plan-1273-p1;src_20260928_fts_plan-1273-p2;src_20260928_fts_plan-1510-p1;src_20260928_fts_plan-1510-p2;src_20260928_fts_locations
SVK,2024-01-01,2024-12-31,0,1186;1156;1273;1510,2026-09-28T06:57:17Z,src_20260928_fts_plan-1186-p1;src_20260928_fts_plan-1156-p1;src_20260928_fts_plan-1156-p2;src_20260928_fts_plan-1273-p1;src_20260928_fts_plan-1273-p2;src_20260928_fts_plan-1510-p1;src_20260928_fts_plan-1510-p2;src_20260928_fts_locations
SVK,2024-02-01,2025-01-31,0,1186;1156;1273;1510,2026-09-28T06:57:17Z,src_20260928_fts_plan-1186-p1;src_20260928_fts_plan-1156-p1;src_20260928_fts_plan-1156-p2;src_20260928_fts_plan-1273-p1;src_20260928_fts_plan-1273-p2;src_20260928_fts_plan-1510-p1;src_20260928_fts_plan-1510-p2;src_20260928_fts_locations
SVK,2024-03-01,2025-02-28,0,1186;1156;1273;1510,2026-09-28T06:57:17Z,src_20260928_fts_plan-1186-p1;src_20260928_fts_plan-1156-p1;src_20260928_fts_plan-1156-p2;src_20260928_fts_plan-1273-p1;src_20260928_fts_plan-1273-p2;src_20260928_fts_plan-1510-p1;src_20260928_fts_plan-1510-p2;src_20260928_fts_locations
SVK,2024-04-01,2025-03-31,0,1186;1156;1273;1510,2026-09-28T06:57:17Z,src_20260928_fts_plan-1186-p1;src_20260928_fts_plan-1156-p1;src_20260928_fts_plan-1156-p2;src_20260928_fts_plan-1273-p1;src_20260928_fts_plan-1273-p2;src_20260928_fts_plan-1510-p1;src_20260928_fts_plan-1510-p2;src_20260928_fts_locations
SVK,2024-05-01,2025-04-30,0,1186;1156;1273;1510,2026-09-28T06:57:17Z,src_20260928_fts_plan-1186-p1;src_20260928_fts_plan-1156-p1;src_20260928_fts_plan-1156-p2;src_20260928_fts_plan-1273-p1;src_20260928_fts_plan-1273-p2;src_20260928_fts_plan-1510-p1;src_20260928_fts_plan-1510-p2;src_20260928_fts_locations
SVK,2024-06-01,2025-05-31,0,1186;1156;1273;1510,2026-09-28T06:57:17Z,src_20260928_fts_plan-1186-p1;src_20260928_fts_plan-1156-p1;src_20260928_fts_plan-1156-p2;src_20260928_fts_plan-1273-p1;src_20260928_fts_plan-1273-p2;src_20260928_fts_plan-1510-p1;src_20260928_fts_plan-1510-p2;src_20260928_fts_locations
SVK,2024-07-01,2025-06-30,0,1186;1156;1273;1510,2026-09-28T06:57:17Z,src_20260928_fts_plan-1186-p1;src_20260928_fts_plan-1156-p1;src_20260928_fts_plan-1156-p2;src_20260928_fts_plan-1273-p1;src_20260928_fts_plan-1273-p2;src_20260928_fts_plan-1510-p1;src_20260928_fts_plan-1510-p2;src_20260928_fts_locations
SVK,2024-08-01,2025-07-31,0,1186;1156;1273;1510,2026-09-28T06:57:17Z,src_20260928_fts_plan-1186-p1;src_20260928_fts_plan-1156-p1;src_20260928_fts_plan-1156-p2;src_20260928_fts_plan-1273-p1;src_20260928_fts_plan-1273-p2;src_20260928_fts_plan-1510-p1;src_20260928_fts_plan-1510-p2;src_20260928_fts_locations
SVK,2024-09-01,2025-08-31,0,1186;1156;1273;1510,2026-09-28T06:57:17Z,src_20260928_fts_plan-1186-p1;src_20260928_fts_plan-1156-p1;src_20260928_fts_plan-1156-p2;src_20260928_fts_plan-1273-p1;src_20260928_fts_plan-1273-p2;src_20260928_fts_plan-1510-p1;src_20260928_fts_plan-1510-p2;src_20260928_fts_locations
SVK,2024-10-01,2025-09-30,0,1186;1156;1273;1510,2026-09-28T06:57:17Z,src_20260928_fts_plan-1186-p1;src_20260928_fts_plan-1156-p1;src_20260928_fts_plan-1156-p2;src_20260928_fts_plan-1273-p1;src_20260928_fts_plan-1273-p2;src_20260928_fts_plan-1510-p1;src_20260928_fts_plan-1510-p2;src_20260928_fts_locations
SVK,2024-11-01,2025-10-31,0,1186;1156;1273;1510,2026-09-28T06:57:17Z,src_20260928_fts_plan-1186-p1;src_20260928_fts_plan-1156-p1;src_20260928_fts_plan-1156-p2;src_20260928_fts_plan-1273-p1;src_20260928_fts_plan-1273-p2;src_20260928_fts_plan-1510-p1;src_20260928_fts_plan-1510-p2;src_20260928_fts_locations
SVK,2024-12-01,2025-11-30,0,1186;1156;1273;1510,2026-09-28T06:57:17Z,src_20260928_fts_plan-1186-p1;src_20260928_fts_plan-1156-p1;src_20260928_fts_plan-1156-p2;src_20260928_fts_plan-1273-p1;src_20260928_fts_plan-1273-p2;src_20260928_fts_plan-1510-p1;src_20260928_fts_plan-1510-p2;src_20260928_fts_locations
SVK,2025-01-01,2025-12-31,0,1186;1156;1273;1510,2026-09-28T06:57:17Z,src_20260928_fts_plan-1186-p1;src_20260928_fts_plan-1156-p1;src_20260928_fts_plan-1156-p2;src_20260928_fts_plan-1273-p1;src_20260928_fts_plan-1273-p2;src_20260928_fts_plan-1510-p1;src_20260928_fts_plan-1510-p2;src_20260928_fts_locations
SVK,2025-02-01,2026-01-31,0,1186;1156;1273;1510,2026-09-28T06:57:17Z,src_20260928_fts_plan-1186-p1;src_20260928_fts_plan-1156-p1;src_20260928_fts_plan-1156-p2;src_20260928_fts_plan-1273-p1;src_20260928_fts_plan-1273-p2;src_20260928_fts_plan-1510-p1;src_20260928_fts_plan-1510-p2;src_20260928_fts_locations
SVK,2025-03-01,2026-02-28,0,1186;1156;1273;1510,2026-09-28T06:57:17Z,src_20260928_fts_plan-1186-p1;src_20260928_fts_plan-1156-p1;src_20260928_fts_plan-1156-p2;src_20260928_fts_plan-1273-p1;src_20260928_fts_plan-1273-p2;src_20260928_fts_plan-1510-p1;src_20260928_fts_plan-1510-p2;src_20260928_fts_locations
SVK,2025-04-01,2026-03-31,59879,1186;1156;1273;1510,2026-09-28T06:57:17Z,src_20260928_fts_plan-1186-p1;src_20260928_fts_plan-1156-p1;src_20260928_fts_plan-1156-p2;src_20260928_fts_plan-1273-p1;src_20260928_fts_plan-1273-p2;src_20260928_fts_plan-1510-p1;src_20260928_fts_plan-1510-p2;src_20260928_fts_locations
SVK,2025-05-01,2026-04-30,59879,1186;1156;1273;1510,2026-09-28T06:57:17Z,src_20260928_fts_plan-1186-p1;src_20260928_fts_plan-1156-p1;src_20260928_fts_plan-1156-p2;src_20260928_fts_plan-1273-p1;src_20260928_fts_plan-1273-p2;src_20260928_fts_plan-1510-p1;src_20260928_fts_plan-1510-p2;src_20260928_fts_locations
SVK,2025-06-01,2026-05-31,59879,1186;1156;1273;1510,2026-09-28T06:57:17Z,src_20260928_fts_plan-1186-p1;src_20260928_fts_plan-1156-p1;src_20260928_fts_plan-1156-p2;src_20260928_fts_plan-1273-p1;src_20260928_fts_plan-1273-p2;src_20260928_fts_plan-1510-p1;src_20260928_fts_plan-1510-p2;src_20260928_fts_locations
SVK,2025-07-01,2026-06-30,59879,1186;1156;1273;1510,2026-09-28T06:57:17Z,src_20260928_fts_plan-1186-p1;src_20260928_fts_plan-1156-p1;src_20260928_fts_plan-1156-p2;src_20260928_fts_plan-1273-p1;src_20260928_fts_plan-1273-p2;src_20260928_fts_plan-1510-p1;src_20260928_fts_plan-1510-p2;src_20260928_fts_locations
SVK,2025-08-01,2026-07-31,59879,1186;1156;1273;1510,2026-09-28T06:57:17Z,src_20260928_fts_plan-1186-p1;src_20260928_fts_plan-1156-p1;src_20260928_fts_plan-1156-p2;src_20260928_fts_plan-1273-p1;src_20260928_fts_plan-1273-p2;src_20260928_fts_plan-1510-p1;src_20260928_fts_plan-1510-p2;src_20260928_fts_locations
SVK,2025-09-01,2026-08-31,59879,1186;1156;1273;1510,2026-09-28T06:57:17Z,src_20260928_fts_plan-1186-p1;src_20260928_fts_plan-1156-p1;src_20260928_fts_plan-1156-p2;src_20260928_fts_plan-1273-p1;src_20260928_fts_plan-1273-p2;src_20260928_fts_plan-1510-p1;src_20260928_fts_plan-1510-p2;src_20260928_fts_locations
SVN,2022-10-01,2023-09-30,0,1186;1156;1273;1510,2026-09-28T06:57:17Z,src_20260928_fts_plan-1186-p1;src_20260928_fts_plan-1156-p1;src_20260928_fts_plan-1156-p2;src_20260928_fts_plan-1273-p1;src_20260928_fts_plan-1273-p2;src_20260928_fts_plan-1510-p1;src_20260928_fts_plan-1510-p2;src_20260928_fts_locations
SVN,2022-11-01,2023-10-31,0,1186;1156;1273;1510,2026-09-28T06:57:17Z,src_20260928_fts_plan-1186-p1;src_20260928_fts_plan-1156-p1;src_20260928_fts_plan-1156-p2;src_20260928_fts_plan-1273-p1;src_20260928_fts_plan-1273-p2;src_20260928_fts_plan-1510-p1;src_20260928_fts_plan-1510-p2;src_20260928_fts_locations
SVN,2022-12-01,2023-11-30,479238,1186;1156;1273;1510,2026-09-28T06:57:17Z,src_20260928_fts_plan-1186-p1;src_20260928_fts_plan-1156-p1;src_20260928_fts_plan-1156-p2;src_20260928_fts_plan-1273-p1;src_20260928_fts_plan-1273-p2;src_20260928_fts_plan-1510-p1;src_20260928_fts_plan-1510-p2;src_20260928_fts_locations
SVN,2023-01-01,2023-12-31,479238,1186;1156;1273;1510,2026-09-28T06:57:17Z,src_20260928_fts_plan-1186-p1;src_20260928_fts_plan-1156-p1;src_20260928_fts_plan-1156-p2;src_20260928_fts_plan-1273-p1;src_20260928_fts_plan-1273-p2;src_20260928_fts_plan-1510-p1;src_20260928_fts_plan-1510-p2;src_20260928_fts_locations
SVN,2023-02-01,2024-01-31,1629293,1186;1156;1273;1510,2026-09-28T06:57:17Z,src_20260928_fts_plan-1186-p1;src_20260928_fts_plan-1156-p1;src_20260928_fts_plan-1156-p2;src_20260928_fts_plan-1273-p1;src_20260928_fts_plan-1273-p2;src_20260928_fts_plan-1510-p1;src_20260928_fts_plan-1510-p2;src_20260928_fts_locations
SVN,2023-03-01,2024-02-29,2094571,1186;1156;1273;1510,2026-09-28T06:57:17Z,src_20260928_fts_plan-1186-p1;src_20260928_fts_plan-1156-p1;src_20260928_fts_plan-1156-p2;src_20260928_fts_plan-1273-p1;src_20260928_fts_plan-1273-p2;src_20260928_fts_plan-1510-p1;src_20260928_fts_plan-1510-p2;src_20260928_fts_locations
SVN,2023-04-01,2024-03-31,2094571,1186;1156;1273;1510,2026-09-28T06:57:17Z,src_20260928_fts_plan-1186-p1;src_20260928_fts_plan-1156-p1;src_20260928_fts_plan-1156-p2;src_20260928_fts_plan-1273-p1;src_20260928_fts_plan-1273-p2;src_20260928_fts_plan-1510-p1;src_20260928_fts_plan-1510-p2;src_20260928_fts_locations
SVN,2023-05-01,2024-04-30,2094571,1186;1156;1273;1510,2026-09-28T06:57:17Z,src_20260928_fts_plan-1186-p1;src_20260928_fts_plan-1156-p1;src_20260928_fts_plan-1156-p2;src_20260928_fts_plan-1273-p1;src_20260928_fts_plan-1273-p2;src_20260928_fts_plan-1510-p1;src_20260928_fts_plan-1510-p2;src_20260928_fts_locations
SVN,2023-06-01,2024-05-31,2094571,1186;1156;1273;1510,2026-09-28T06:57:17Z,src_20260928_fts_plan-1186-p1;src_20260928_fts_plan-1156-p1;src_20260928_fts_plan-1156-p2;src_20260928_fts_plan-1273-p1;src_20260928_fts_plan-1273-p2;src_20260928_fts_plan-1510-p1;src_20260928_fts_plan-1510-p2;src_20260928_fts_locations
SVN,2023-07-01,2024-06-30,2094571,1186;1156;1273;1510,2026-09-28T06:57:17Z,src_20260928_fts_plan-1186-p1;src_20260928_fts_plan-1156-p1;src_20260928_fts_plan-1156-p2;src_20260928_fts_plan-1273-p1;src_20260928_fts_plan-1273-p2;src_20260928_fts_plan-1510-p1;src_20260928_fts_plan-1510-p2;src_20260928_fts_locations
SVN,2023-08-01,2024-07-31,4076130,1186;1156;1273;1510,2026-09-28T06:57:17Z,src_20260928_fts_plan-1186-p1;src_20260928_fts_plan-1156-p1;src_20260928_fts_plan-1156-p2;src_20260928_fts_plan-1273-p1;src_20260928_fts_plan-1273-p2;src_20260928_fts_plan-1510-p1;src_20260928_fts_plan-1510-p2;src_20260928_fts_locations
SVN,2023-09-01,2024-08-31,4076130,1186;1156;1273;1510,2026-09-28T06:57:17Z,src_20260928_fts_plan-1186-p1;src_20260928_fts_plan-1156-p1;src_20260928_fts_plan-1156-p2;src_20260928_fts_plan-1273-p1;src_20260928_fts_plan-1273-p2;src_20260928_fts_plan-1510-p1;src_20260928_fts_plan-1510-p2;src_20260928_fts_locations
SVN,2023-10-01,2024-09-30,4076130,1186;1156;1273;1510,2026-09-28T06:57:17Z,src_20260928_fts_plan-1186-p1;src_20260928_fts_plan-1156-p1;src_20260928_fts_plan-1156-p2;src_20260928_fts_plan-1273-p1;src_20260928_fts_plan-1273-p2;src_20260928_fts_plan-1510-p1;src_20260928_fts_plan-1510-p2;src_20260928_fts_locations
SVN,2023-11-01,2024-10-31,5194698,1186;1156;1273;1510,2026-09-28T06:57:17Z,src_20260928_fts_plan-1186-p1;src_20260928_fts_plan-1156-p1;src_20260928_fts_plan-1156-p2;src_20260928_fts_plan-1273-p1;src_20260928_fts_plan-1273-p2;src_20260928_fts_plan-1510-p1;src_20260928_fts_plan-1510-p2;src_20260928_fts_locations
SVN,2023-12-01,2024-11-30,5293050,1186;1156;1273;1510,2026-09-28T06:57:17Z,src_20260928_fts_plan-1186-p1;src_20260928_fts_plan-1156-p1;src_20260928_fts_plan-1156-p2;src_20260928_fts_plan-1273-p1;src_20260928_fts_plan-1273-p2;src_20260928_fts_plan-1510-p1;src_20260928_fts_plan-1510-p2;src_20260928_fts_locations
SVN,2024-01-01,2024-12-31,5293050,1186;1156;1273;1510,2026-09-28T06:57:17Z,src_20260928_fts_plan-1186-p1;src_20260928_fts_plan-1156-p1;src_20260928_fts_plan-1156-p2;src_20260928_fts_plan-1273-p1;src_20260928_fts_plan-1273-p2;src_20260928_fts_plan-1510-p1;src_20260928_fts_plan-1510-p2;src_20260928_fts_locations
SVN,2024-02-01,2025-01-31,4142995,1186;1156;1273;1510,2026-09-28T06:57:17Z,src_20260928_fts_plan-1186-p1;src_20260928_fts_plan-1156-p1;src_20260928_fts_plan-1156-p2;src_20260928_fts_plan-1273-p1;src_20260928_fts_plan-1273-p2;src_20260928_fts_plan-1510-p1;src_20260928_fts_plan-1510-p2;src_20260928_fts_locations
SVN,2024-03-01,2025-02-28,3677717,1186;1156;1273;1510,2026-09-28T06:57:17Z,src_20260928_fts_plan-1186-p1;src_20260928_fts_plan-1156-p1;src_20260928_fts_plan-1156-p2;src_20260928_fts_plan-1273-p1;src_20260928_fts_plan-1273-p2;src_20260928_fts_plan-1510-p1;src_20260928_fts_plan-1510-p2;src_20260928_fts_locations
SVN,2024-04-01,2025-03-31,3677717,1186;1156;1273;1510,2026-09-28T06:57:17Z,src_20260928_fts_plan-1186-p1;src_20260928_fts_plan-1156-p1;src_20260928_fts_plan-1156-p2;src_20260928_fts_plan-1273-p1;src_20260928_fts_plan-1273-p2;src_20260928_fts_plan-1510-p1;src_20260928_fts_plan-1510-p2;src_20260928_fts_locations
SVN,2024-05-01,2025-04-30,3677717,1186;1156;1273;1510,2026-09-28T06:57:17Z,src_20260928_fts_plan-1186-p1;src_20260928_fts_plan-1156-p1;src_20260928_fts_plan-1156-p2;src_20260928_fts_plan-1273-p1;src_20260928_fts_plan-1273-p2;src_20260928_fts_plan-1510-p1;src_20260928_fts_plan-1510-p2;src_20260928_fts_locations
SVN,2024-06-01,2025-05-31,3677717,1186;1156;1273;1510,2026-09-28T06:57:17Z,src_20260928_fts_plan-1186-p1;src_20260928_fts_plan-1156-p1;src_20260928_fts_plan-1156-p2;src_20260928_fts_plan-1273-p1;src_20260928_fts_plan-1273-p2;src_20260928_fts_plan-1510-p1;src_20260928_fts_plan-1510-p2;src_20260928_fts_locations
SVN,2024-07-01,2025-06-30,3677717,1186;1156;1273;1510,2026-09-28T06:57:17Z,src_20260928_fts_plan-1186-p1;src_20260928_fts_plan-1156-p1;src_20260928_fts_plan-1156-p2;src_20260928_fts_plan-1273-p1;src_20260928_fts_plan-1273-p2;src_20260928_fts_plan-1510-p1;src_20260928_fts_plan-1510-p2;src_20260928_fts_locations
SVN,2024-08-01,2025-07-31,3427742,1186;1156;1273;1510,2026-09-28T06:57:17Z,src_20260928_fts_plan-1186-p1;src_20260928_fts_plan-1156-p1;src_20260928_fts_plan-1156-p2;src_20260928_fts_plan-1273-p1;src_20260928_fts_plan-1273-p2;src_20260928_fts_plan-1510-p1;src_20260928_fts_plan-1510-p2;src_20260928_fts_locations
SVN,2024-09-01,2025-08-31,3427742,1186;1156;1273;1510,2026-09-28T06:57:17Z,src_20260928_fts_plan-1186-p1;src_20260928_fts_plan-1156-p1;src_20260928_fts_plan-1156-p2;src_20260928_fts_plan-1273-p1;src_20260928_fts_plan-1273-p2;src_20260928_fts_plan-1510-p1;src_20260928_fts_plan-1510-p2;src_20260928_fts_locations
SVN,2024-10-01,2025-09-30,3427742,1186;1156;1273;1510,2026-09-28T06:57:17Z,src_20260928_fts_plan-1186-p1;src_20260928_fts_plan-1156-p1;src_20260928_fts_plan-1156-p2;src_20260928_fts_plan-1273-p1;src_20260928_fts_plan-1273-p2;src_20260928_fts_plan-1510-p1;src_20260928_fts_plan-1510-p2;src_20260928_fts_locations
SVN,2024-11-01,2025-10-31,2309174,1186;1156;1273;1510,2026-09-28T06:57:17Z,src_20260928_fts_plan-1186-p1;src_20260928_fts_plan-1156-p1;src_20260928_fts_plan-1156-p2;src_20260928_fts_plan-1273-p1;src_20260928_fts_plan-1273-p2;src_20260928_fts_plan-1510-p1;src_20260928_fts_plan-1510-p2;src_20260928_fts_locations
SVN,2024-12-01,2025-11-30,1731584,1186;1156;1273;1510,2026-09-28T06:57:17Z,src_20260928_fts_plan-1186-p1;src_20260928_fts_plan-1156-p1;src_20260928_fts_plan-1156-p2;src_20260928_fts_plan-1273-p1;src_20260928_fts_plan-1273-p2;src_20260928_fts_plan-1510-p1;src_20260928_fts_plan-1510-p2;src_20260928_fts_locations
SVN,2025-01-01,2025-12-31,1731584,1186;1156;1273;1510,2026-09-28T06:57:17Z,src_20260928_fts_plan-1186-p1;src_20260928_fts_plan-1156-p1;src_20260928_fts_plan-1156-p2;src_20260928_fts_plan-1273-p1;src_20260928_fts_plan-1273-p2;src_20260928_fts_plan-1510-p1;src_20260928_fts_plan-1510-p2;src_20260928_fts_locations
SVN,2025-02-01,2026-01-31,1731584,1186;1156;1273;1510,2026-09-28T06:57:17Z,src_20260928_fts_plan-1186-p1;src_20260928_fts_plan-1156-p1;src_20260928_fts_plan-1156-p2;src_20260928_fts_plan-1273-p1;src_20260928_fts_plan-1273-p2;src_20260928_fts_plan-1510-p1;src_20260928_fts_plan-1510-p2;src_20260928_fts_locations
SVN,2025-03-01,2026-02-28,1849231,1186;1156;1273;1510,2026-09-28T06:57:17Z,src_20260928_fts_plan-1186-p1;src_20260928_fts_plan-1156-p1;src_20260928_fts_plan-1156-p2;src_20260928_fts_plan-1273-p1;src_20260928_fts_plan-1273-p2;src_20260928_fts_plan-1510-p1;src_20260928_fts_plan-1510-p2;src_20260928_fts_locations
SVN,2025-04-01,2026-03-31,2996020,1186;1156;1273;1510,2026-09-28T06:57:17Z,src_20260928_fts_plan-1186-p1;src_20260928_fts_plan-1156-p1;src_20260928_fts_plan-1156-p2;src_20260928_fts_plan-1273-p1;src_20260928_fts_plan-1273-p2;src_20260928_fts_plan-1510-p1;src_20260928_fts_plan-1510-p2;src_20260928_fts_locations
SVN,2025-05-01,2026-04-30,4165611,1186;1156;1273;1510,2026-09-28T06:57:17Z,src_20260928_fts_plan-1186-p1;src_20260928_fts_plan-1156-p1;src_20260928_fts_plan-1156-p2;src_20260928_fts_plan-1273-p1;src_20260928_fts_plan-1273-p2;src_20260928_fts_plan-1510-p1;src_20260928_fts_plan-1510-p2;src_20260928_fts_locations
SVN,2025-06-01,2026-05-31,4165611,1186;1156;1273;1510,2026-09-28T06:57:17Z,src_20260928_fts_plan-1186-p1;src_20260928_fts_plan-1156-p1;src_20260928_fts_plan-1156-p2;src_20260928_fts_plan-1273-p1;src_20260928_fts_plan-1273-p2;src_20260928_fts_plan-1510-p1;src_20260928_fts_plan-1510-p2;src_20260928_fts_locations
SVN,2025-07-01,2026-06-30,4165611,1186;1156;1273;1510,2026-09-28T06:57:17Z,src_20260928_fts_plan-1186-p1;src_20260928_fts_plan-1156-p1;src_20260928_fts_plan-1156-p2;src_20260928_fts_plan-1273-p1;src_20260928_fts_plan-1273-p2;src_20260928_fts_plan-1510-p1;src_20260928_fts_plan-1510-p2;src_20260928_fts_locations
SVN,2025-08-01,2026-07-31,2434027,1186;1156;1273;1510,2026-09-28T06:57:17Z,src_20260928_fts_plan-1186-p1;src_20260928_fts_plan-1156-p1;src_20260928_fts_plan-1156-p2;src_20260928_fts_plan-1273-p1;src_20260928_fts_plan-1273-p2;src_20260928_fts_plan-1510-p1;src_20260928_fts_plan-1510-p2;src_20260928_fts_locations
SVN,2025-09-01,2026-08-31,2434027,1186;1156;1273;1510,2026-09-28T06:57:17Z,src_20260928_fts_plan-1186-p1;src_20260928_fts_plan-1156-p1;src_20260928_fts_plan-1156-p2;src_20260928_fts_plan-1273-p1;src_20260928_fts_plan-1273-p2;src_20260928_fts_plan-1510-p1;src_20260928_fts_plan-1510-p2;src_20260928_fts_locations
SWE,2022-10-01,2023-09-30,480296,1186;1156;1273;1510,2026-09-28T06:57:17Z,src_20260928_fts_plan-1186-p1;src_20260928_fts_plan-1156-p1;src_20260928_fts_plan-1156-p2;src_20260928_fts_plan-1273-p1;src_20260928_fts_plan-1273-p2;src_20260928_fts_plan-1510-p1;src_20260928_fts_plan-1510-p2;src_20260928_fts_locations
SWE,2022-11-01,2023-10-31,710075,1186;1156;1273;1510,2026-09-28T06:57:17Z,src_20260928_fts_plan-1186-p1;src_20260928_fts_plan-1156-p1;src_20260928_fts_plan-1156-p2;src_20260928_fts_plan-1273-p1;src_20260928_fts_plan-1273-p2;src_20260928_fts_plan-1510-p1;src_20260928_fts_plan-1510-p2;src_20260928_fts_locations
SWE,2022-12-01,2023-11-30,15246797,1186;1156;1273;1510,2026-09-28T06:57:17Z,src_20260928_fts_plan-1186-p1;src_20260928_fts_plan-1156-p1;src_20260928_fts_plan-1156-p2;src_20260928_fts_plan-1273-p1;src_20260928_fts_plan-1273-p2;src_20260928_fts_plan-1510-p1;src_20260928_fts_plan-1510-p2;src_20260928_fts_locations
SWE,2023-01-01,2023-12-31,19101476,1186;1156;1273;1510,2026-09-28T06:57:17Z,src_20260928_fts_plan-1186-p1;src_20260928_fts_plan-1156-p1;src_20260928_fts_plan-1156-p2;src_20260928_fts_plan-1273-p1;src_20260928_fts_plan-1273-p2;src_20260928_fts_plan-1510-p1;src_20260928_fts_plan-1510-p2;src_20260928_fts_locations
SWE,2023-02-01,2024-01-31,20097072,1186;1156;1273;1510,2026-09-28T06:57:17Z,src_20260928_fts_plan-1186-p1;src_20260928_fts_plan-1156-p1;src_20260928_fts_plan-1156-p2;src_20260928_fts_plan-1273-p1;src_20260928_fts_plan-1273-p2;src_20260928_fts_plan-1510-p1;src_20260928_fts_plan-1510-p2;src_20260928_fts_locations
SWE,2023-03-01,2024-02-29,21330352,1186;1156;1273;1510,2026-09-28T06:57:17Z,src_20260928_fts_plan-1186-p1;src_20260928_fts_plan-1156-p1;src_20260928_fts_plan-1156-p2;src_20260928_fts_plan-1273-p1;src_20260928_fts_plan-1273-p2;src_20260928_fts_plan-1510-p1;src_20260928_fts_plan-1510-p2;src_20260928_fts_locations
SWE,2023-04-01,2024-03-31,25017686,1186;1156;1273;1510,2026-09-28T06:57:17Z,src_20260928_fts_plan-1186-p1;src_20260928_fts_plan-1156-p1;src_20260928_fts_plan-1156-p2;src_20260928_fts_plan-1273-p1;src_20260928_fts_plan-1273-p2;src_20260928_fts_plan-1510-p1;src_20260928_fts_plan-1510-p2;src_20260928_fts_locations
SWE,2023-05-01,2024-04-30,27283598,1186;1156;1273;1510,2026-09-28T06:57:17Z,src_20260928_fts_plan-1186-p1;src_20260928_fts_plan-1156-p1;src_20260928_fts_plan-1156-p2;src_20260928_fts_plan-1273-p1;src_20260928_fts_plan-1273-p2;src_20260928_fts_plan-1510-p1;src_20260928_fts_plan-1510-p2;src_20260928_fts_locations
SWE,2023-06-01,2024-05-31,28289230,1186;1156;1273;1510,2026-09-28T06:57:17Z,src_20260928_fts_plan-1186-p1;src_20260928_fts_plan-1156-p1;src_20260928_fts_plan-1156-p2;src_20260928_fts_plan-1273-p1;src_20260928_fts_plan-1273-p2;src_20260928_fts_plan-1510-p1;src_20260928_fts_plan-1510-p2;src_20260928_fts_locations
SWE,2023-07-01,2024-06-30,30174066,1186;1156;1273;1510,2026-09-28T06:57:17Z,src_20260928_fts_plan-1186-p1;src_20260928_fts_plan-1156-p1;src_20260928_fts_plan-1156-p2;src_20260928_fts_plan-1273-p1;src_20260928_fts_plan-1273-p2;src_20260928_fts_plan-1510-p1;src_20260928_fts_plan-1510-p2;src_20260928_fts_locations
SWE,2023-08-01,2024-07-31,36929117,1186;1156;1273;1510,2026-09-28T06:57:17Z,src_20260928_fts_plan-1186-p1;src_20260928_fts_plan-1156-p1;src_20260928_fts_plan-1156-p2;src_20260928_fts_plan-1273-p1;src_20260928_fts_plan-1273-p2;src_20260928_fts_plan-1510-p1;src_20260928_fts_plan-1510-p2;src_20260928_fts_locations
SWE,2023-09-01,2024-08-31,42661541,1186;1156;1273;1510,2026-09-28T06:57:17Z,src_20260928_fts_plan-1186-p1;src_20260928_fts_plan-1156-p1;src_20260928_fts_plan-1156-p2;src_20260928_fts_plan-1273-p1;src_20260928_fts_plan-1273-p2;src_20260928_fts_plan-1510-p1;src_20260928_fts_plan-1510-p2;src_20260928_fts_locations
SWE,2023-10-01,2024-09-30,42661541,1186;1156;1273;1510,2026-09-28T06:57:17Z,src_20260928_fts_plan-1186-p1;src_20260928_fts_plan-1156-p1;src_20260928_fts_plan-1156-p2;src_20260928_fts_plan-1273-p1;src_20260928_fts_plan-1273-p2;src_20260928_fts_plan-1510-p1;src_20260928_fts_plan-1510-p2;src_20260928_fts_locations
SWE,2023-11-01,2024-10-31,43536870,1186;1156;1273;1510,2026-09-28T06:57:17Z,src_20260928_fts_plan-1186-p1;src_20260928_fts_plan-1156-p1;src_20260928_fts_plan-1156-p2;src_20260928_fts_plan-1273-p1;src_20260928_fts_plan-1273-p2;src_20260928_fts_plan-1510-p1;src_20260928_fts_plan-1510-p2;src_20260928_fts_locations
SWE,2023-12-01,2024-11-30,29000148,1186;1156;1273;1510,2026-09-28T06:57:17Z,src_20260928_fts_plan-1186-p1;src_20260928_fts_plan-1156-p1;src_20260928_fts_plan-1156-p2;src_20260928_fts_plan-1273-p1;src_20260928_fts_plan-1273-p2;src_20260928_fts_plan-1510-p1;src_20260928_fts_plan-1510-p2;src_20260928_fts_locations
SWE,2024-01-01,2024-12-31,27206626,1186;1156;1273;1510,2026-09-28T06:57:17Z,src_20260928_fts_plan-1186-p1;src_20260928_fts_plan-1156-p1;src_20260928_fts_plan-1156-p2;src_20260928_fts_plan-1273-p1;src_20260928_fts_plan-1273-p2;src_20260928_fts_plan-1510-p1;src_20260928_fts_plan-1510-p2;src_20260928_fts_locations
SWE,2024-02-01,2025-01-31,26211030,1186;1156;1273;1510,2026-09-28T06:57:17Z,src_20260928_fts_plan-1186-p1;src_20260928_fts_plan-1156-p1;src_20260928_fts_plan-1156-p2;src_20260928_fts_plan-1273-p1;src_20260928_fts_plan-1273-p2;src_20260928_fts_plan-1510-p1;src_20260928_fts_plan-1510-p2;src_20260928_fts_locations
SWE,2024-03-01,2025-02-28,24977750,1186;1156;1273;1510,2026-09-28T06:57:17Z,src_20260928_fts_plan-1186-p1;src_20260928_fts_plan-1156-p1;src_20260928_fts_plan-1156-p2;src_20260928_fts_plan-1273-p1;src_20260928_fts_plan-1273-p2;src_20260928_fts_plan-1510-p1;src_20260928_fts_plan-1510-p2;src_20260928_fts_locations
SWE,2024-04-01,2025-03-31,24149445,1186;1156;1273;1510,2026-09-28T06:57:17Z,src_20260928_fts_plan-1186-p1;src_20260928_fts_plan-1156-p1;src_20260928_fts_plan-1156-p2;src_20260928_fts_plan-1273-p1;src_20260928_fts_plan-1273-p2;src_20260928_fts_plan-1510-p1;src_20260928_fts_plan-1510-p2;src_20260928_fts_locations
SWE,2024-05-01,2025-04-30,44083019,1186;1156;1273;1510,2026-09-28T06:57:17Z,src_20260928_fts_plan-1186-p1;src_20260928_fts_plan-1156-p1;src_20260928_fts_plan-1156-p2;src_20260928_fts_plan-1273-p1;src_20260928_fts_plan-1273-p2;src_20260928_fts_plan-1510-p1;src_20260928_fts_plan-1510-p2;src_20260928_fts_locations
SWE,2024-06-01,2025-05-31,43077387,1186;1156;1273;1510,2026-09-28T06:57:17Z,src_20260928_fts_plan-1186-p1;src_20260928_fts_plan-1156-p1;src_20260928_fts_plan-1156-p2;src_20260928_fts_plan-1273-p1;src_20260928_fts_plan-1273-p2;src_20260928_fts_plan-1510-p1;src_20260928_fts_plan-1510-p2;src_20260928_fts_locations
SWE,2024-07-01,2025-06-30,41192551,1186;1156;1273;1510,2026-09-28T06:57:17Z,src_20260928_fts_plan-1186-p1;src_20260928_fts_plan-1156-p1;src_20260928_fts_plan-1156-p2;src_20260928_fts_plan-1273-p1;src_20260928_fts_plan-1273-p2;src_20260928_fts_plan-1510-p1;src_20260928_fts_plan-1510-p2;src_20260928_fts_locations
SWE,2024-08-01,2025-07-31,34437500,1186;1156;1273;1510,2026-09-28T06:57:17Z,src_20260928_fts_plan-1186-p1;src_20260928_fts_plan-1156-p1;src_20260928_fts_plan-1156-p2;src_20260928_fts_plan-1273-p1;src_20260928_fts_plan-1273-p2;src_20260928_fts_plan-1510-p1;src_20260928_fts_plan-1510-p2;src_20260928_fts_locations
SWE,2024-09-01,2025-08-31,28705076,1186;1156;1273;1510,2026-09-28T06:57:17Z,src_20260928_fts_plan-1186-p1;src_20260928_fts_plan-1156-p1;src_20260928_fts_plan-1156-p2;src_20260928_fts_plan-1273-p1;src_20260928_fts_plan-1273-p2;src_20260928_fts_plan-1510-p1;src_20260928_fts_plan-1510-p2;src_20260928_fts_locations
SWE,2024-10-01,2025-09-30,34108253,1186;1156;1273;1510,2026-09-28T06:57:17Z,src_20260928_fts_plan-1186-p1;src_20260928_fts_plan-1156-p1;src_20260928_fts_plan-1156-p2;src_20260928_fts_plan-1273-p1;src_20260928_fts_plan-1273-p2;src_20260928_fts_plan-1510-p1;src_20260928_fts_plan-1510-p2;src_20260928_fts_locations
SWE,2024-11-01,2025-10-31,58546692,1186;1156;1273;1510,2026-09-28T06:57:17Z,src_20260928_fts_plan-1186-p1;src_20260928_fts_plan-1156-p1;src_20260928_fts_plan-1156-p2;src_20260928_fts_plan-1273-p1;src_20260928_fts_plan-1273-p2;src_20260928_fts_plan-1510-p1;src_20260928_fts_plan-1510-p2;src_20260928_fts_locations
SWE,2024-12-01,2025-11-30,59076802,1186;1156;1273;1510,2026-09-28T06:57:17Z,src_20260928_fts_plan-1186-p1;src_20260928_fts_plan-1156-p1;src_20260928_fts_plan-1156-p2;src_20260928_fts_plan-1273-p1;src_20260928_fts_plan-1273-p2;src_20260928_fts_plan-1510-p1;src_20260928_fts_plan-1510-p2;src_20260928_fts_locations
SWE,2025-01-01,2025-12-31,65519951,1186;1156;1273;1510,2026-09-28T06:57:17Z,src_20260928_fts_plan-1186-p1;src_20260928_fts_plan-1156-p1;src_20260928_fts_plan-1156-p2;src_20260928_fts_plan-1273-p1;src_20260928_fts_plan-1273-p2;src_20260928_fts_plan-1510-p1;src_20260928_fts_plan-1510-p2;src_20260928_fts_locations
SWE,2025-02-01,2026-01-31,66780717,1186;1156;1273;1510,2026-09-28T06:57:17Z,src_20260928_fts_plan-1186-p1;src_20260928_fts_plan-1156-p1;src_20260928_fts_plan-1156-p2;src_20260928_fts_plan-1273-p1;src_20260928_fts_plan-1273-p2;src_20260928_fts_plan-1510-p1;src_20260928_fts_plan-1510-p2;src_20260928_fts_locations
SWE,2025-03-01,2026-02-28,68959069,1186;1156;1273;1510,2026-09-28T06:57:17Z,src_20260928_fts_plan-1186-p1;src_20260928_fts_plan-1156-p1;src_20260928_fts_plan-1156-p2;src_20260928_fts_plan-1273-p1;src_20260928_fts_plan-1273-p2;src_20260928_fts_plan-1510-p1;src_20260928_fts_plan-1510-p2;src_20260928_fts_locations
SWE,2025-04-01,2026-03-31,94004256,1186;1156;1273;1510,2026-09-28T06:57:17Z,src_20260928_fts_plan-1186-p1;src_20260928_fts_plan-1156-p1;src_20260928_fts_plan-1156-p2;src_20260928_fts_plan-1273-p1;src_20260928_fts_plan-1273-p2;src_20260928_fts_plan-1510-p1;src_20260928_fts_plan-1510-p2;src_20260928_fts_locations
SWE,2025-05-01,2026-04-30,83756271,1186;1156;1273;1510,2026-09-28T06:57:17Z,src_20260928_fts_plan-1186-p1;src_20260928_fts_plan-1156-p1;src_20260928_fts_plan-1156-p2;src_20260928_fts_plan-1273-p1;src_20260928_fts_plan-1273-p2;src_20260928_fts_plan-1510-p1;src_20260928_fts_plan-1510-p2;src_20260928_fts_locations
SWE,2025-06-01,2026-05-31,137962437,1186;1156;1273;1510,2026-09-28T06:57:17Z,src_20260928_fts_plan-1186-p1;src_20260928_fts_plan-1156-p1;src_20260928_fts_plan-1156-p2;src_20260928_fts_plan-1273-p1;src_20260928_fts_plan-1273-p2;src_20260928_fts_plan-1510-p1;src_20260928_fts_plan-1510-p2;src_20260928_fts_locations
SWE,2025-07-01,2026-06-30,140110895,1186;1156;1273;1510,2026-09-28T06:57:17Z,src_20260928_fts_plan-1186-p1;src_20260928_fts_plan-1156-p1;src_20260928_fts_plan-1156-p2;src_20260928_fts_plan-1273-p1;src_20260928_fts_plan-1273-p2;src_20260928_fts_plan-1510-p1;src_20260928_fts_plan-1510-p2;src_20260928_fts_locations
SWE,2025-08-01,2026-07-31,149287187,1186;1156;1273;1510,2026-09-28T06:57:17Z,src_20260928_fts_plan-1186-p1;src_20260928_fts_plan-1156-p1;src_20260928_fts_plan-1156-p2;src_20260928_fts_plan-1273-p1;src_20260928_fts_plan-1273-p2;src_20260928_fts_plan-1510-p1;src_20260928_fts_plan-1510-p2;src_20260928_fts_locations
SWE,2025-09-01,2026-08-31,156272679,1186;1156;1273;1510,2026-09-28T06:57:17Z,src_20260928_fts_plan-1186-p1;src_20260928_fts_plan-1156-p1;src_20260928_fts_plan-1156-p2;src_20260928_fts_plan-1273-p1;src_20260928_fts_plan-1273-p2;src_20260928_fts_plan-1510-p1;src_20260928_fts_plan-1510-p2;src_20260928_fts_locations
THA,2022-10-01,2023-09-30,0,1186;1156;1273;1510,2026-09-28T06:57:17Z,src_20260928_fts_plan-1186-p1;src_20260928_fts_plan-1156-p1;src_20260928_fts_plan-1156-p2;src_20260928_fts_plan-1273-p1;src_20260928_fts_plan-1273-p2;src_20260928_fts_plan-1510-p1;src_20260928_fts_plan-1510-p2;src_20260928_fts_locations
THA,2022-11-01,2023-10-31,0,1186;1156;1273;1510,2026-09-28T06:57:17Z,src_20260928_fts_plan-1186-p1;src_20260928_fts_plan-1156-p1;src_20260928_fts_plan-1156-p2;src_20260928_fts_plan-1273-p1;src_20260928_fts_plan-1273-p2;src_20260928_fts_plan-1510-p1;src_20260928_fts_plan-1510-p2;src_20260928_fts_locations
THA,2022-12-01,2023-11-30,80000,1186;1156;1273;1510,2026-09-28T06:57:17Z,src_20260928_fts_plan-1186-p1;src_20260928_fts_plan-1156-p1;src_20260928_fts_plan-1156-p2;src_20260928_fts_plan-1273-p1;src_20260928_fts_plan-1273-p2;src_20260928_fts_plan-1510-p1;src_20260928_fts_plan-1510-p2;src_20260928_fts_locations
THA,2023-01-01,2023-12-31,80000,1186;1156;1273;1510,2026-09-28T06:57:17Z,src_20260928_fts_plan-1186-p1;src_20260928_fts_plan-1156-p1;src_20260928_fts_plan-1156-p2;src_20260928_fts_plan-1273-p1;src_20260928_fts_plan-1273-p2;src_20260928_fts_plan-1510-p1;src_20260928_fts_plan-1510-p2;src_20260928_fts_locations
THA,2023-02-01,2024-01-31,80000,1186;1156;1273;1510,2026-09-28T06:57:17Z,src_20260928_fts_plan-1186-p1;src_20260928_fts_plan-1156-p1;src_20260928_fts_plan-1156-p2;src_20260928_fts_plan-1273-p1;src_20260928_fts_plan-1273-p2;src_20260928_fts_plan-1510-p1;src_20260928_fts_plan-1510-p2;src_20260928_fts_locations
THA,2023-03-01,2024-02-29,80000,1186;1156;1273;1510,2026-09-28T06:57:17Z,src_20260928_fts_plan-1186-p1;src_20260928_fts_plan-1156-p1;src_20260928_fts_plan-1156-p2;src_20260928_fts_plan-1273-p1;src_20260928_fts_plan-1273-p2;src_20260928_fts_plan-1510-p1;src_20260928_fts_plan-1510-p2;src_20260928_fts_locations
THA,2023-04-01,2024-03-31,80000,1186;1156;1273;1510,2026-09-28T06:57:17Z,src_20260928_fts_plan-1186-p1;src_20260928_fts_plan-1156-p1;src_20260928_fts_plan-1156-p2;src_20260928_fts_plan-1273-p1;src_20260928_fts_plan-1273-p2;src_20260928_fts_plan-1510-p1;src_20260928_fts_plan-1510-p2;src_20260928_fts_locations
THA,2023-05-01,2024-04-30,80000,1186;1156;1273;1510,2026-09-28T06:57:17Z,src_20260928_fts_plan-1186-p1;src_20260928_fts_plan-1156-p1;src_20260928_fts_plan-1156-p2;src_20260928_fts_plan-1273-p1;src_20260928_fts_plan-1273-p2;src_20260928_fts_plan-1510-p1;src_20260928_fts_plan-1510-p2;src_20260928_fts_locations
THA,2023-06-01,2024-05-31,80000,1186;1156;1273;1510,2026-09-28T06:57:17Z,src_20260928_fts_plan-1186-p1;src_20260928_fts_plan-1156-p1;src_20260928_fts_plan-1156-p2;src_20260928_fts_plan-1273-p1;src_20260928_fts_plan-1273-p2;src_20260928_fts_plan-1510-p1;src_20260928_fts_plan-1510-p2;src_20260928_fts_locations
THA,2023-07-01,2024-06-30,80000,1186;1156;1273;1510,2026-09-28T06:57:17Z,src_20260928_fts_plan-1186-p1;src_20260928_fts_plan-1156-p1;src_20260928_fts_plan-1156-p2;src_20260928_fts_plan-1273-p1;src_20260928_fts_plan-1273-p2;src_20260928_fts_plan-1510-p1;src_20260928_fts_plan-1510-p2;src_20260928_fts_locations
THA,2023-08-01,2024-07-31,80000,1186;1156;1273;1510,2026-09-28T06:57:17Z,src_20260928_fts_plan-1186-p1;src_20260928_fts_plan-1156-p1;src_20260928_fts_plan-1156-p2;src_20260928_fts_plan-1273-p1;src_20260928_fts_plan-1273-p2;src_20260928_fts_plan-1510-p1;src_20260928_fts_plan-1510-p2;src_20260928_fts_locations
THA,2023-09-01,2024-08-31,80000,1186;1156;1273;1510,2026-09-28T06:57:17Z,src_20260928_fts_plan-1186-p1;src_20260928_fts_plan-1156-p1;src_20260928_fts_plan-1156-p2;src_20260928_fts_plan-1273-p1;src_20260928_fts_plan-1273-p2;src_20260928_fts_plan-1510-p1;src_20260928_fts_plan-1510-p2;src_20260928_fts_locations
THA,2023-10-01,2024-09-30,80000,1186;1156;1273;1510,2026-09-28T06:57:17Z,src_20260928_fts_plan-1186-p1;src_20260928_fts_plan-1156-p1;src_20260928_fts_plan-1156-p2;src_20260928_fts_plan-1273-p1;src_20260928_fts_plan-1273-p2;src_20260928_fts_plan-1510-p1;src_20260928_fts_plan-1510-p2;src_20260928_fts_locations
THA,2023-11-01,2024-10-31,80000,1186;1156;1273;1510,2026-09-28T06:57:17Z,src_20260928_fts_plan-1186-p1;src_20260928_fts_plan-1156-p1;src_20260928_fts_plan-1156-p2;src_20260928_fts_plan-1273-p1;src_20260928_fts_plan-1273-p2;src_20260928_fts_plan-1510-p1;src_20260928_fts_plan-1510-p2;src_20260928_fts_locations
THA,2023-12-01,2024-11-30,0,1186;1156;1273;1510,2026-09-28T06:57:17Z,src_20260928_fts_plan-1186-p1;src_20260928_fts_plan-1156-p1;src_20260928_fts_plan-1156-p2;src_20260928_fts_plan-1273-p1;src_20260928_fts_plan-1273-p2;src_20260928_fts_plan-1510-p1;src_20260928_fts_plan-1510-p2;src_20260928_fts_locations
THA,2024-01-01,2024-12-31,0,1186;1156;1273;1510,2026-09-28T06:57:17Z,src_20260928_fts_plan-1186-p1;src_20260928_fts_plan-1156-p1;src_20260928_fts_plan-1156-p2;src_20260928_fts_plan-1273-p1;src_20260928_fts_plan-1273-p2;src_20260928_fts_plan-1510-p1;src_20260928_fts_plan-1510-p2;src_20260928_fts_locations
THA,2024-02-01,2025-01-31,0,1186;1156;1273;1510,2026-09-28T06:57:17Z,src_20260928_fts_plan-1186-p1;src_20260928_fts_plan-1156-p1;src_20260928_fts_plan-1156-p2;src_20260928_fts_plan-1273-p1;src_20260928_fts_plan-1273-p2;src_20260928_fts_plan-1510-p1;src_20260928_fts_plan-1510-p2;src_20260928_fts_locations
THA,2024-03-01,2025-02-28,0,1186;1156;1273;1510,2026-09-28T06:57:17Z,src_20260928_fts_plan-1186-p1;src_20260928_fts_plan-1156-p1;src_20260928_fts_plan-1156-p2;src_20260928_fts_plan-1273-p1;src_20260928_fts_plan-1273-p2;src_20260928_fts_plan-1510-p1;src_20260928_fts_plan-1510-p2;src_20260928_fts_locations
THA,2024-04-01,2025-03-31,0,1186;1156;1273;1510,2026-09-28T06:57:17Z,src_20260928_fts_plan-1186-p1;src_20260928_fts_plan-1156-p1;src_20260928_fts_plan-1156-p2;src_20260928_fts_plan-1273-p1;src_20260928_fts_plan-1273-p2;src_20260928_fts_plan-1510-p1;src_20260928_fts_plan-1510-p2;src_20260928_fts_locations
THA,2024-05-01,2025-04-30,0,1186;1156;1273;1510,2026-09-28T06:57:17Z,src_20260928_fts_plan-1186-p1;src_20260928_fts_plan-1156-p1;src_20260928_fts_plan-1156-p2;src_20260928_fts_plan-1273-p1;src_20260928_fts_plan-1273-p2;src_20260928_fts_plan-1510-p1;src_20260928_fts_plan-1510-p2;src_20260928_fts_locations
THA,2024-06-01,2025-05-31,50000,1186;1156;1273;1510,2026-09-28T06:57:17Z,src_20260928_fts_plan-1186-p1;src_20260928_fts_plan-1156-p1;src_20260928_fts_plan-1156-p2;src_20260928_fts_plan-1273-p1;src_20260928_fts_plan-1273-p2;src_20260928_fts_plan-1510-p1;src_20260928_fts_plan-1510-p2;src_20260928_fts_locations
THA,2024-07-01,2025-06-30,50000,1186;1156;1273;1510,2026-09-28T06:57:17Z,src_20260928_fts_plan-1186-p1;src_20260928_fts_plan-1156-p1;src_20260928_fts_plan-1156-p2;src_20260928_fts_plan-1273-p1;src_20260928_fts_plan-1273-p2;src_20260928_fts_plan-1510-p1;src_20260928_fts_plan-1510-p2;src_20260928_fts_locations
THA,2024-08-01,2025-07-31,100000,1186;1156;1273;1510,2026-09-28T06:57:17Z,src_20260928_fts_plan-1186-p1;src_20260928_fts_plan-1156-p1;src_20260928_fts_plan-1156-p2;src_20260928_fts_plan-1273-p1;src_20260928_fts_plan-1273-p2;src_20260928_fts_plan-1510-p1;src_20260928_fts_plan-1510-p2;src_20260928_fts_locations
THA,2024-09-01,2025-08-31,100000,1186;1156;1273;1510,2026-09-28T06:57:17Z,src_20260928_fts_plan-1186-p1;src_20260928_fts_plan-1156-p1;src_20260928_fts_plan-1156-p2;src_20260928_fts_plan-1273-p1;src_20260928_fts_plan-1273-p2;src_20260928_fts_plan-1510-p1;src_20260928_fts_plan-1510-p2;src_20260928_fts_locations
THA,2024-10-01,2025-09-30,100000,1186;1156;1273;1510,2026-09-28T06:57:17Z,src_20260928_fts_plan-1186-p1;src_20260928_fts_plan-1156-p1;src_20260928_fts_plan-1156-p2;src_20260928_fts_plan-1273-p1;src_20260928_fts_plan-1273-p2;src_20260928_fts_plan-1510-p1;src_20260928_fts_plan-1510-p2;src_20260928_fts_locations
THA,2024-11-01,2025-10-31,100000,1186;1156;1273;1510,2026-09-28T06:57:17Z,src_20260928_fts_plan-1186-p1;src_20260928_fts_plan-1156-p1;src_20260928_fts_plan-1156-p2;src_20260928_fts_plan-1273-p1;src_20260928_fts_plan-1273-p2;src_20260928_fts_plan-1510-p1;src_20260928_fts_plan-1510-p2;src_20260928_fts_locations
THA,2024-12-01,2025-11-30,100000,1186;1156;1273;1510,2026-09-28T06:57:17Z,src_20260928_fts_plan-1186-p1;src_20260928_fts_plan-1156-p1;src_20260928_fts_plan-1156-p2;src_20260928_fts_plan-1273-p1;src_20260928_fts_plan-1273-p2;src_20260928_fts_plan-1510-p1;src_20260928_fts_plan-1510-p2;src_20260928_fts_locations
THA,2025-01-01,2025-12-31,100000,1186;1156;1273;1510,2026-09-28T06:57:17Z,src_20260928_fts_plan-1186-p1;src_20260928_fts_plan-1156-p1;src_20260928_fts_plan-1156-p2;src_20260928_fts_plan-1273-p1;src_20260928_fts_plan-1273-p2;src_20260928_fts_plan-1510-p1;src_20260928_fts_plan-1510-p2;src_20260928_fts_locations
THA,2025-02-01,2026-01-31,100000,1186;1156;1273;1510,2026-09-28T06:57:17Z,src_20260928_fts_plan-1186-p1;src_20260928_fts_plan-1156-p1;src_20260928_fts_plan-1156-p2;src_20260928_fts_plan-1273-p1;src_20260928_fts_plan-1273-p2;src_20260928_fts_plan-1510-p1;src_20260928_fts_plan-1510-p2;src_20260928_fts_locations
THA,2025-03-01,2026-02-28,100000,1186;1156;1273;1510,2026-09-28T06:57:17Z,src_20260928_fts_plan-1186-p1;src_20260928_fts_plan-1156-p1;src_20260928_fts_plan-1156-p2;src_20260928_fts_plan-1273-p1;src_20260928_fts_plan-1273-p2;src_20260928_fts_plan-1510-p1;src_20260928_fts_plan-1510-p2;src_20260928_fts_locations
THA,2025-04-01,2026-03-31,100000,1186;1156;1273;1510,2026-09-28T06:57:17Z,src_20260928_fts_plan-1186-p1;src_20260928_fts_plan-1156-p1;src_20260928_fts_plan-1156-p2;src_20260928_fts_plan-1273-p1;src_20260928_fts_plan-1273-p2;src_20260928_fts_plan-1510-p1;src_20260928_fts_plan-1510-p2;src_20260928_fts_locations
THA,2025-05-01,2026-04-30,100000,1186;1156;1273;1510,2026-09-28T06:57:17Z,src_20260928_fts_plan-1186-p1;src_20260928_fts_plan-1156-p1;src_20260928_fts_plan-1156-p2;src_20260928_fts_plan-1273-p1;src_20260928_fts_plan-1273-p2;src_20260928_fts_plan-1510-p1;src_20260928_fts_plan-1510-p2;src_20260928_fts_locations
THA,2025-06-01,2026-05-31,50000,1186;1156;1273;1510,2026-09-28T06:57:17Z,src_20260928_fts_plan-1186-p1;src_20260928_fts_plan-1156-p1;src_20260928_fts_plan-1156-p2;src_20260928_fts_plan-1273-p1;src_20260928_fts_plan-1273-p2;src_20260928_fts_plan-1510-p1;src_20260928_fts_plan-1510-p2;src_20260928_fts_locations
THA,2025-07-01,2026-06-30,50000,1186;1156;1273;1510,2026-09-28T06:57:17Z,src_20260928_fts_plan-1186-p1;src_20260928_fts_plan-1156-p1;src_20260928_fts_plan-1156-p2;src_20260928_fts_plan-1273-p1;src_20260928_fts_plan-1273-p2;src_20260928_fts_plan-1510-p1;src_20260928_fts_plan-1510-p2;src_20260928_fts_locations
THA,2025-08-01,2026-07-31,0,1186;1156;1273;1510,2026-09-28T06:57:17Z,src_20260928_fts_plan-1186-p1;src_20260928_fts_plan-1156-p1;src_20260928_fts_plan-1156-p2;src_20260928_fts_plan-1273-p1;src_20260928_fts_plan-1273-p2;src_20260928_fts_plan-1510-p1;src_20260928_fts_plan-1510-p2;src_20260928_fts_locations
THA,2025-09-01,2026-08-31,50165,1186;1156;1273;1510,2026-09-28T06:57:17Z,src_20260928_fts_plan-1186-p1;src_20260928_fts_plan-1156-p1;src_20260928_fts_plan-1156-p2;src_20260928_fts_plan-1273-p1;src_20260928_fts_plan-1273-p2;src_20260928_fts_plan-1510-p1;src_20260928_fts_plan-1510-p2;src_20260928_fts_locations
TUR,2022-10-01,2023-09-30,0,1186;1156;1273;1510,2026-09-28T06:57:17Z,src_20260928_fts_plan-1186-p1;src_20260928_fts_plan-1156-p1;src_20260928_fts_plan-1156-p2;src_20260928_fts_plan-1273-p1;src_20260928_fts_plan-1273-p2;src_20260928_fts_plan-1510-p1;src_20260928_fts_plan-1510-p2;src_20260928_fts_locations
TUR,2022-11-01,2023-10-31,0,1186;1156;1273;1510,2026-09-28T06:57:17Z,src_20260928_fts_plan-1186-p1;src_20260928_fts_plan-1156-p1;src_20260928_fts_plan-1156-p2;src_20260928_fts_plan-1273-p1;src_20260928_fts_plan-1273-p2;src_20260928_fts_plan-1510-p1;src_20260928_fts_plan-1510-p2;src_20260928_fts_locations
TUR,2022-12-01,2023-11-30,3254501,1186;1156;1273;1510,2026-09-28T06:57:17Z,src_20260928_fts_plan-1186-p1;src_20260928_fts_plan-1156-p1;src_20260928_fts_plan-1156-p2;src_20260928_fts_plan-1273-p1;src_20260928_fts_plan-1273-p2;src_20260928_fts_plan-1510-p1;src_20260928_fts_plan-1510-p2;src_20260928_fts_locations
TUR,2023-01-01,2023-12-31,3254501,1186;1156;1273;1510,2026-09-28T06:57:17Z,src_20260928_fts_plan-1186-p1;src_20260928_fts_plan-1156-p1;src_20260928_fts_plan-1156-p2;src_20260928_fts_plan-1273-p1;src_20260928_fts_plan-1273-p2;src_20260928_fts_plan-1510-p1;src_20260928_fts_plan-1510-p2;src_20260928_fts_locations
TUR,2023-02-01,2024-01-31,3254501,1186;1156;1273;1510,2026-09-28T06:57:17Z,src_20260928_fts_plan-1186-p1;src_20260928_fts_plan-1156-p1;src_20260928_fts_plan-1156-p2;src_20260928_fts_plan-1273-p1;src_20260928_fts_plan-1273-p2;src_20260928_fts_plan-1510-p1;src_20260928_fts_plan-1510-p2;src_20260928_fts_locations
TUR,2023-03-01,2024-02-29,3254501,1186;1156;1273;1510,2026-09-28T06:57:17Z,src_20260928_fts_plan-1186-p1;src_20260928_fts_plan-1156-p1;src_20260928_fts_plan-1156-p2;src_20260928_fts_plan-1273-p1;src_20260928_fts_plan-1273-p2;src_20260928_fts_plan-1510-p1;src_20260928_fts_plan-1510-p2;src_20260928_fts_locations
TUR,2023-04-01,2024-03-31,3254501,1186;1156;1273;1510,2026-09-28T06:57:17Z,src_20260928_fts_plan-1186-p1;src_20260928_fts_plan-1156-p1;src_20260928_fts_plan-1156-p2;src_20260928_fts_plan-1273-p1;src_20260928_fts_plan-1273-p2;src_20260928_fts_plan-1510-p1;src_20260928_fts_plan-1510-p2;src_20260928_fts_locations
TUR,2023-05-01,2024-04-30,3254501,1186;1156;1273;1510,2026-09-28T06:57:17Z,src_20260928_fts_plan-1186-p1;src_20260928_fts_plan-1156-p1;src_20260928_fts_plan-1156-p2;src_20260928_fts_plan-1273-p1;src_20260928_fts_plan-1273-p2;src_20260928_fts_plan-1510-p1;src_20260928_fts_plan-1510-p2;src_20260928_fts_locations
TUR,2023-06-01,2024-05-31,3254501,1186;1156;1273;1510,2026-09-28T06:57:17Z,src_20260928_fts_plan-1186-p1;src_20260928_fts_plan-1156-p1;src_20260928_fts_plan-1156-p2;src_20260928_fts_plan-1273-p1;src_20260928_fts_plan-1273-p2;src_20260928_fts_plan-1510-p1;src_20260928_fts_plan-1510-p2;src_20260928_fts_locations
TUR,2023-07-01,2024-06-30,3254501,1186;1156;1273;1510,2026-09-28T06:57:17Z,src_20260928_fts_plan-1186-p1;src_20260928_fts_plan-1156-p1;src_20260928_fts_plan-1156-p2;src_20260928_fts_plan-1273-p1;src_20260928_fts_plan-1273-p2;src_20260928_fts_plan-1510-p1;src_20260928_fts_plan-1510-p2;src_20260928_fts_locations
TUR,2023-08-01,2024-07-31,3254501,1186;1156;1273;1510,2026-09-28T06:57:17Z,src_20260928_fts_plan-1186-p1;src_20260928_fts_plan-1156-p1;src_20260928_fts_plan-1156-p2;src_20260928_fts_plan-1273-p1;src_20260928_fts_plan-1273-p2;src_20260928_fts_plan-1510-p1;src_20260928_fts_plan-1510-p2;src_20260928_fts_locations
TUR,2023-09-01,2024-08-31,3254501,1186;1156;1273;1510,2026-09-28T06:57:17Z,src_20260928_fts_plan-1186-p1;src_20260928_fts_plan-1156-p1;src_20260928_fts_plan-1156-p2;src_20260928_fts_plan-1273-p1;src_20260928_fts_plan-1273-p2;src_20260928_fts_plan-1510-p1;src_20260928_fts_plan-1510-p2;src_20260928_fts_locations
TUR,2023-10-01,2024-09-30,3254501,1186;1156;1273;1510,2026-09-28T06:57:17Z,src_20260928_fts_plan-1186-p1;src_20260928_fts_plan-1156-p1;src_20260928_fts_plan-1156-p2;src_20260928_fts_plan-1273-p1;src_20260928_fts_plan-1273-p2;src_20260928_fts_plan-1510-p1;src_20260928_fts_plan-1510-p2;src_20260928_fts_locations
TUR,2023-11-01,2024-10-31,3254501,1186;1156;1273;1510,2026-09-28T06:57:17Z,src_20260928_fts_plan-1186-p1;src_20260928_fts_plan-1156-p1;src_20260928_fts_plan-1156-p2;src_20260928_fts_plan-1273-p1;src_20260928_fts_plan-1273-p2;src_20260928_fts_plan-1510-p1;src_20260928_fts_plan-1510-p2;src_20260928_fts_locations
TUR,2023-12-01,2024-11-30,0,1186;1156;1273;1510,2026-09-28T06:57:17Z,src_20260928_fts_plan-1186-p1;src_20260928_fts_plan-1156-p1;src_20260928_fts_plan-1156-p2;src_20260928_fts_plan-1273-p1;src_20260928_fts_plan-1273-p2;src_20260928_fts_plan-1510-p1;src_20260928_fts_plan-1510-p2;src_20260928_fts_locations
TUR,2024-01-01,2024-12-31,0,1186;1156;1273;1510,2026-09-28T06:57:17Z,src_20260928_fts_plan-1186-p1;src_20260928_fts_plan-1156-p1;src_20260928_fts_plan-1156-p2;src_20260928_fts_plan-1273-p1;src_20260928_fts_plan-1273-p2;src_20260928_fts_plan-1510-p1;src_20260928_fts_plan-1510-p2;src_20260928_fts_locations
TUR,2024-02-01,2025-01-31,0,1186;1156;1273;1510,2026-09-28T06:57:17Z,src_20260928_fts_plan-1186-p1;src_20260928_fts_plan-1156-p1;src_20260928_fts_plan-1156-p2;src_20260928_fts_plan-1273-p1;src_20260928_fts_plan-1273-p2;src_20260928_fts_plan-1510-p1;src_20260928_fts_plan-1510-p2;src_20260928_fts_locations
TUR,2024-03-01,2025-02-28,0,1186;1156;1273;1510,2026-09-28T06:57:17Z,src_20260928_fts_plan-1186-p1;src_20260928_fts_plan-1156-p1;src_20260928_fts_plan-1156-p2;src_20260928_fts_plan-1273-p1;src_20260928_fts_plan-1273-p2;src_20260928_fts_plan-1510-p1;src_20260928_fts_plan-1510-p2;src_20260928_fts_locations
TUR,2024-04-01,2025-03-31,0,1186;1156;1273;1510,2026-09-28T06:57:17Z,src_20260928_fts_plan-1186-p1;src_20260928_fts_plan-1156-p1;src_20260928_fts_plan-1156-p2;src_20260928_fts_plan-1273-p1;src_20260928_fts_plan-1273-p2;src_20260928_fts_plan-1510-p1;src_20260928_fts_plan-1510-p2;src_20260928_fts_locations
TUR,2024-05-01,2025-04-30,0,1186;1156;1273;1510,2026-09-28T06:57:17Z,src_20260928_fts_plan-1186-p1;src_20260928_fts_plan-1156-p1;src_20260928_fts_plan-1156-p2;src_20260928_fts_plan-1273-p1;src_20260928_fts_plan-1273-p2;src_20260928_fts_plan-1510-p1;src_20260928_fts_plan-1510-p2;src_20260928_fts_locations
TUR,2024-06-01,2025-05-31,29187326,1186;1156;1273;1510,2026-09-28T06:57:17Z,src_20260928_fts_plan-1186-p1;src_20260928_fts_plan-1156-p1;src_20260928_fts_plan-1156-p2;src_20260928_fts_plan-1273-p1;src_20260928_fts_plan-1273-p2;src_20260928_fts_plan-1510-p1;src_20260928_fts_plan-1510-p2;src_20260928_fts_locations
TUR,2024-07-01,2025-06-30,36670265,1186;1156;1273;1510,2026-09-28T06:57:17Z,src_20260928_fts_plan-1186-p1;src_20260928_fts_plan-1156-p1;src_20260928_fts_plan-1156-p2;src_20260928_fts_plan-1273-p1;src_20260928_fts_plan-1273-p2;src_20260928_fts_plan-1510-p1;src_20260928_fts_plan-1510-p2;src_20260928_fts_locations
TUR,2024-08-01,2025-07-31,36670265,1186;1156;1273;1510,2026-09-28T06:57:17Z,src_20260928_fts_plan-1186-p1;src_20260928_fts_plan-1156-p1;src_20260928_fts_plan-1156-p2;src_20260928_fts_plan-1273-p1;src_20260928_fts_plan-1273-p2;src_20260928_fts_plan-1510-p1;src_20260928_fts_plan-1510-p2;src_20260928_fts_locations
TUR,2024-09-01,2025-08-31,36670265,1186;1156;1273;1510,2026-09-28T06:57:17Z,src_20260928_fts_plan-1186-p1;src_20260928_fts_plan-1156-p1;src_20260928_fts_plan-1156-p2;src_20260928_fts_plan-1273-p1;src_20260928_fts_plan-1273-p2;src_20260928_fts_plan-1510-p1;src_20260928_fts_plan-1510-p2;src_20260928_fts_locations
TUR,2024-10-01,2025-09-30,36670265,1186;1156;1273;1510,2026-09-28T06:57:17Z,src_20260928_fts_plan-1186-p1;src_20260928_fts_plan-1156-p1;src_20260928_fts_plan-1156-p2;src_20260928_fts_plan-1273-p1;src_20260928_fts_plan-1273-p2;src_20260928_fts_plan-1510-p1;src_20260928_fts_plan-1510-p2;src_20260928_fts_locations
TUR,2024-11-01,2025-10-31,36670265,1186;1156;1273;1510,2026-09-28T06:57:17Z,src_20260928_fts_plan-1186-p1;src_20260928_fts_plan-1156-p1;src_20260928_fts_plan-1156-p2;src_20260928_fts_plan-1273-p1;src_20260928_fts_plan-1273-p2;src_20260928_fts_plan-1510-p1;src_20260928_fts_plan-1510-p2;src_20260928_fts_locations
TUR,2024-12-01,2025-11-30,36670265,1186;1156;1273;1510,2026-09-28T06:57:17Z,src_20260928_fts_plan-1186-p1;src_20260928_fts_plan-1156-p1;src_20260928_fts_plan-1156-p2;src_20260928_fts_plan-1273-p1;src_20260928_fts_plan-1273-p2;src_20260928_fts_plan-1510-p1;src_20260928_fts_plan-1510-p2;src_20260928_fts_locations
TUR,2025-01-01,2025-12-31,36670265,1186;1156;1273;1510,2026-09-28T06:57:17Z,src_20260928_fts_plan-1186-p1;src_20260928_fts_plan-1156-p1;src_20260928_fts_plan-1156-p2;src_20260928_fts_plan-1273-p1;src_20260928_fts_plan-1273-p2;src_20260928_fts_plan-1510-p1;src_20260928_fts_plan-1510-p2;src_20260928_fts_locations
TUR,2025-02-01,2026-01-31,36670265,1186;1156;1273;1510,2026-09-28T06:57:17Z,src_20260928_fts_plan-1186-p1;src_20260928_fts_plan-1156-p1;src_20260928_fts_plan-1156-p2;src_20260928_fts_plan-1273-p1;src_20260928_fts_plan-1273-p2;src_20260928_fts_plan-1510-p1;src_20260928_fts_plan-1510-p2;src_20260928_fts_locations
TUR,2025-03-01,2026-02-28,36670265,1186;1156;1273;1510,2026-09-28T06:57:17Z,src_20260928_fts_plan-1186-p1;src_20260928_fts_plan-1156-p1;src_20260928_fts_plan-1156-p2;src_20260928_fts_plan-1273-p1;src_20260928_fts_plan-1273-p2;src_20260928_fts_plan-1510-p1;src_20260928_fts_plan-1510-p2;src_20260928_fts_locations
TUR,2025-04-01,2026-03-31,36670265,1186;1156;1273;1510,2026-09-28T06:57:17Z,src_20260928_fts_plan-1186-p1;src_20260928_fts_plan-1156-p1;src_20260928_fts_plan-1156-p2;src_20260928_fts_plan-1273-p1;src_20260928_fts_plan-1273-p2;src_20260928_fts_plan-1510-p1;src_20260928_fts_plan-1510-p2;src_20260928_fts_locations
TUR,2025-05-01,2026-04-30,37670265,1186;1156;1273;1510,2026-09-28T06:57:17Z,src_20260928_fts_plan-1186-p1;src_20260928_fts_plan-1156-p1;src_20260928_fts_plan-1156-p2;src_20260928_fts_plan-1273-p1;src_20260928_fts_plan-1273-p2;src_20260928_fts_plan-1510-p1;src_20260928_fts_plan-1510-p2;src_20260928_fts_locations
TUR,2025-06-01,2026-05-31,8482939,1186;1156;1273;1510,2026-09-28T06:57:17Z,src_20260928_fts_plan-1186-p1;src_20260928_fts_plan-1156-p1;src_20260928_fts_plan-1156-p2;src_20260928_fts_plan-1273-p1;src_20260928_fts_plan-1273-p2;src_20260928_fts_plan-1510-p1;src_20260928_fts_plan-1510-p2;src_20260928_fts_locations
TUR,2025-07-01,2026-06-30,1000000,1186;1156;1273;1510,2026-09-28T06:57:17Z,src_20260928_fts_plan-1186-p1;src_20260928_fts_plan-1156-p1;src_20260928_fts_plan-1156-p2;src_20260928_fts_plan-1273-p1;src_20260928_fts_plan-1273-p2;src_20260928_fts_plan-1510-p1;src_20260928_fts_plan-1510-p2;src_20260928_fts_locations
TUR,2025-08-01,2026-07-31,1000000,1186;1156;1273;1510,2026-09-28T06:57:17Z,src_20260928_fts_plan-1186-p1;src_20260928_fts_plan-1156-p1;src_20260928_fts_plan-1156-p2;src_20260928_fts_plan-1273-p1;src_20260928_fts_plan-1273-p2;src_20260928_fts_plan-1510-p1;src_20260928_fts_plan-1510-p2;src_20260928_fts_locations
TUR,2025-09-01,2026-08-31,1000000,1186;1156;1273;1510,2026-09-28T06:57:17Z,src_20260928_fts_plan-1186-p1;src_20260928_fts_plan-1156-p1;src_20260928_fts_plan-1156-p2;src_20260928_fts_plan-1273-p1;src_20260928_fts_plan-1273-p2;src_20260928_fts_plan-1510-p1;src_20260928_fts_plan-1510-p2;src_20260928_fts_locations
USA,2022-10-01,2023-09-30,62928624,1186;1156;1273;1510,2026-09-28T06:57:17Z,src_20260928_fts_plan-1186-p1;src_20260928_fts_plan-1156-p1;src_20260928_fts_plan-1156-p2;src_20260928_fts_plan-1273-p1;src_20260928_fts_plan-1273-p2;src_20260928_fts_plan-1510-p1;src_20260928_fts_plan-1510-p2;src_20260928_fts_locations
USA,2022-11-01,2023-10-31,73928624,1186;1156;1273;1510,2026-09-28T06:57:17Z,src_20260928_fts_plan-1186-p1;src_20260928_fts_plan-1156-p1;src_20260928_fts_plan-1156-p2;src_20260928_fts_plan-1273-p1;src_20260928_fts_plan-1273-p2;src_20260928_fts_plan-1510-p1;src_20260928_fts_plan-1510-p2;src_20260928_fts_locations
USA,2022-12-01,2023-11-30,133228624,1186;1156;1273;1510,2026-09-28T06:57:17Z,src_20260928_fts_plan-1186-p1;src_20260928_fts_plan-1156-p1;src_20260928_fts_plan-1156-p2;src_20260928_fts_plan-1273-p1;src_20260928_fts_plan-1273-p2;src_20260928_fts_plan-1510-p1;src_20260928_fts_plan-1510-p2;src_20260928_fts_locations
USA,2023-01-01,2023-12-31,140228624,1186;1156;1273;1510,2026-09-28T06:57:17Z,src_20260928_fts_plan-1186-p1;src_20260928_fts_plan-1156-p1;src_20260928_fts_plan-1156-p2;src_20260928_fts_plan-1273-p1;src_20260928_fts_plan-1273-p2;src_20260928_fts_plan-1510-p1;src_20260928_fts_plan-1510-p2;src_20260928_fts_locations
USA,2023-02-01,2024-01-31,144228624,1186;1156;1273;1510,2026-09-28T06:57:17Z,src_20260928_fts_plan-1186-p1;src_20260928_fts_plan-1156-p1;src_20260928_fts_plan-1156-p2;src_20260928_fts_plan-1273-p1;src_20260928_fts_plan-1273-p2;src_20260928_fts_plan-1510-p1;src_20260928_fts_plan-1510-p2;src_20260928_fts_locations
USA,2023-03-01,2024-02-29,170728624,1186;1156;1273;1510,2026-09-28T06:57:17Z,src_20260928_fts_plan-1186-p1;src_20260928_fts_plan-1156-p1;src_20260928_fts_plan-1156-p2;src_20260928_fts_plan-1273-p1;src_20260928_fts_plan-1273-p2;src_20260928_fts_plan-1510-p1;src_20260928_fts_plan-1510-p2;src_20260928_fts_locations
USA,2023-04-01,2024-03-31,174057714,1186;1156;1273;1510,2026-09-28T06:57:17Z,src_20260928_fts_plan-1186-p1;src_20260928_fts_plan-1156-p1;src_20260928_fts_plan-1156-p2;src_20260928_fts_plan-1273-p1;src_20260928_fts_plan-1273-p2;src_20260928_fts_plan-1510-p1;src_20260928_fts_plan-1510-p2;src_20260928_fts_locations
USA,2023-05-01,2024-04-30,194684917,1186;1156;1273;1510,2026-09-28T06:57:17Z,src_20260928_fts_plan-1186-p1;src_20260928_fts_plan-1156-p1;src_20260928_fts_plan-1156-p2;src_20260928_fts_plan-1273-p1;src_20260928_fts_plan-1273-p2;src_20260928_fts_plan-1510-p1;src_20260928_fts_plan-1510-p2;src_20260928_fts_locations
USA,2023-06-01,2024-05-31,194684917,1186;1156;1273;1510,2026-09-28T06:57:17Z,src_20260928_fts_plan-1186-p1;src_20260928_fts_plan-1156-p1;src_20260928_fts_plan-1156-p2;src_20260928_fts_plan-1273-p1;src_20260928_fts_plan-1273-p2;src_20260928_fts_plan-1510-p1;src_20260928_fts_plan-1510-p2;src_20260928_fts_locations
USA,2023-07-01,2024-06-30,194684917,1186;1156;1273;1510,2026-09-28T06:57:17Z,src_20260928_fts_plan-1186-p1;src_20260928_fts_plan-1156-p1;src_20260928_fts_plan-1156-p2;src_20260928_fts_plan-1273-p1;src_20260928_fts_plan-1273-p2;src_20260928_fts_plan-1510-p1;src_20260928_fts_plan-1510-p2;src_20260928_fts_locations
USA,2023-08-01,2024-07-31,391934917,1186;1156;1273;1510,2026-09-28T06:57:17Z,src_20260928_fts_plan-1186-p1;src_20260928_fts_plan-1156-p1;src_20260928_fts_plan-1156-p2;src_20260928_fts_plan-1273-p1;src_20260928_fts_plan-1273-p2;src_20260928_fts_plan-1510-p1;src_20260928_fts_plan-1510-p2;src_20260928_fts_locations
USA,2023-09-01,2024-08-31,398934917,1186;1156;1273;1510,2026-09-28T06:57:17Z,src_20260928_fts_plan-1186-p1;src_20260928_fts_plan-1156-p1;src_20260928_fts_plan-1156-p2;src_20260928_fts_plan-1273-p1;src_20260928_fts_plan-1273-p2;src_20260928_fts_plan-1510-p1;src_20260928_fts_plan-1510-p2;src_20260928_fts_locations
USA,2023-10-01,2024-09-30,458180514,1186;1156;1273;1510,2026-09-28T06:57:17Z,src_20260928_fts_plan-1186-p1;src_20260928_fts_plan-1156-p1;src_20260928_fts_plan-1156-p2;src_20260928_fts_plan-1273-p1;src_20260928_fts_plan-1273-p2;src_20260928_fts_plan-1510-p1;src_20260928_fts_plan-1510-p2;src_20260928_fts_locations
USA,2023-11-01,2024-10-31,768621372,1186;1156;1273;1510,2026-09-28T06:57:17Z,src_20260928_fts_plan-1186-p1;src_20260928_fts_plan-1156-p1;src_20260928_fts_plan-1156-p2;src_20260928_fts_plan-1273-p1;src_20260928_fts_plan-1273-p2;src_20260928_fts_plan-1510-p1;src_20260928_fts_plan-1510-p2;src_20260928_fts_locations
USA,2023-12-01,2024-11-30,709321372,1186;1156;1273;1510,2026-09-28T06:57:17Z,src_20260928_fts_plan-1186-p1;src_20260928_fts_plan-1156-p1;src_20260928_fts_plan-1156-p2;src_20260928_fts_plan-1273-p1;src_20260928_fts_plan-1273-p2;src_20260928_fts_plan-1510-p1;src_20260928_fts_plan-1510-p2;src_20260928_fts_locations
USA,2024-01-01,2024-12-31,702321372,1186;1156;1273;1510,2026-09-28T06:57:17Z,src_20260928_fts_plan-1186-p1;src_20260928_fts_plan-1156-p1;src_20260928_fts_plan-1156-p2;src_20260928_fts_plan-1273-p1;src_20260928_fts_plan-1273-p2;src_20260928_fts_plan-1510-p1;src_20260928_fts_plan-1510-p2;src_20260928_fts_locations
USA,2024-02-01,2025-01-31,711344012,1186;1156;1273;1510,2026-09-28T06:57:17Z,src_20260928_fts_plan-1186-p1;src_20260928_fts_plan-1156-p1;src_20260928_fts_plan-1156-p2;src_20260928_fts_plan-1273-p1;src_20260928_fts_plan-1273-p2;src_20260928_fts_plan-1510-p1;src_20260928_fts_plan-1510-p2;src_20260928_fts_locations
USA,2024-03-01,2025-02-28,684844012,1186;1156;1273;1510,2026-09-28T06:57:17Z,src_20260928_fts_plan-1186-p1;src_20260928_fts_plan-1156-p1;src_20260928_fts_plan-1156-p2;src_20260928_fts_plan-1273-p1;src_20260928_fts_plan-1273-p2;src_20260928_fts_plan-1510-p1;src_20260928_fts_plan-1510-p2;src_20260928_fts_locations
USA,2024-04-01,2025-03-31,681514922,1186;1156;1273;1510,2026-09-28T06:57:17Z,src_20260928_fts_plan-1186-p1;src_20260928_fts_plan-1156-p1;src_20260928_fts_plan-1156-p2;src_20260928_fts_plan-1273-p1;src_20260928_fts_plan-1273-p2;src_20260928_fts_plan-1510-p1;src_20260928_fts_plan-1510-p2;src_20260928_fts_locations
USA,2024-05-01,2025-04-30,966114719,1186;1156;1273;1510,2026-09-28T06:57:17Z,src_20260928_fts_plan-1186-p1;src_20260928_fts_plan-1156-p1;src_20260928_fts_plan-1156-p2;src_20260928_fts_plan-1273-p1;src_20260928_fts_plan-1273-p2;src_20260928_fts_plan-1510-p1;src_20260928_fts_plan-1510-p2;src_20260928_fts_locations
USA,2024-06-01,2025-05-31,966114719,1186;1156;1273;1510,2026-09-28T06:57:17Z,src_20260928_fts_plan-1186-p1;src_20260928_fts_plan-1156-p1;src_20260928_fts_plan-1156-p2;src_20260928_fts_plan-1273-p1;src_20260928_fts_plan-1273-p2;src_20260928_fts_plan-1510-p1;src_20260928_fts_plan-1510-p2;src_20260928_fts_locations
USA,2024-07-01,2025-06-30,966114719,1186;1156;1273;1510,2026-09-28T06:57:17Z,src_20260928_fts_plan-1186-p1;src_20260928_fts_plan-1156-p1;src_20260928_fts_plan-1156-p2;src_20260928_fts_plan-1273-p1;src_20260928_fts_plan-1273-p2;src_20260928_fts_plan-1510-p1;src_20260928_fts_plan-1510-p2;src_20260928_fts_locations
USA,2024-08-01,2025-07-31,766932719,1186;1156;1273;1510,2026-09-28T06:57:17Z,src_20260928_fts_plan-1186-p1;src_20260928_fts_plan-1156-p1;src_20260928_fts_plan-1156-p2;src_20260928_fts_plan-1273-p1;src_20260928_fts_plan-1273-p2;src_20260928_fts_plan-1510-p1;src_20260928_fts_plan-1510-p2;src_20260928_fts_locations
USA,2024-09-01,2025-08-31,759932719,1186;1156;1273;1510,2026-09-28T06:57:17Z,src_20260928_fts_plan-1186-p1;src_20260928_fts_plan-1156-p1;src_20260928_fts_plan-1156-p2;src_20260928_fts_plan-1273-p1;src_20260928_fts_plan-1273-p2;src_20260928_fts_plan-1510-p1;src_20260928_fts_plan-1510-p2;src_20260928_fts_locations
USA,2024-10-01,2025-09-30,640508498,1186;1156;1273;1510,2026-09-28T06:57:17Z,src_20260928_fts_plan-1186-p1;src_20260928_fts_plan-1156-p1;src_20260928_fts_plan-1156-p2;src_20260928_fts_plan-1273-p1;src_20260928_fts_plan-1273-p2;src_20260928_fts_plan-1510-p1;src_20260928_fts_plan-1510-p2;src_20260928_fts_locations
USA,2024-11-01,2025-10-31,319067640,1186;1156;1273;1510,2026-09-28T06:57:17Z,src_20260928_fts_plan-1186-p1;src_20260928_fts_plan-1156-p1;src_20260928_fts_plan-1156-p2;src_20260928_fts_plan-1273-p1;src_20260928_fts_plan-1273-p2;src_20260928_fts_plan-1510-p1;src_20260928_fts_plan-1510-p2;src_20260928_fts_locations
USA,2024-12-01,2025-11-30,319067640,1186;1156;1273;1510,2026-09-28T06:57:17Z,src_20260928_fts_plan-1186-p1;src_20260928_fts_plan-1156-p1;src_20260928_fts_plan-1156-p2;src_20260928_fts_plan-1273-p1;src_20260928_fts_plan-1273-p2;src_20260928_fts_plan-1510-p1;src_20260928_fts_plan-1510-p2;src_20260928_fts_locations
USA,2025-01-01,2025-12-31,319067640,1186;1156;1273;1510,2026-09-28T06:57:17Z,src_20260928_fts_plan-1186-p1;src_20260928_fts_plan-1156-p1;src_20260928_fts_plan-1156-p2;src_20260928_fts_plan-1273-p1;src_20260928_fts_plan-1273-p2;src_20260928_fts_plan-1510-p1;src_20260928_fts_plan-1510-p2;src_20260928_fts_locations
USA,2025-02-01,2026-01-31,556045000,1186;1156;1273;1510,2026-09-28T06:57:17Z,src_20260928_fts_plan-1186-p1;src_20260928_fts_plan-1156-p1;src_20260928_fts_plan-1156-p2;src_20260928_fts_plan-1273-p1;src_20260928_fts_plan-1273-p2;src_20260928_fts_plan-1510-p1;src_20260928_fts_plan-1510-p2;src_20260928_fts_locations
USA,2025-03-01,2026-02-28,556045000,1186;1156;1273;1510,2026-09-28T06:57:17Z,src_20260928_fts_plan-1186-p1;src_20260928_fts_plan-1156-p1;src_20260928_fts_plan-1156-p2;src_20260928_fts_plan-1273-p1;src_20260928_fts_plan-1273-p2;src_20260928_fts_plan-1510-p1;src_20260928_fts_plan-1510-p2;src_20260928_fts_locations
USA,2025-04-01,2026-03-31,576045000,1186;1156;1273;1510,2026-09-28T06:57:17Z,src_20260928_fts_plan-1186-p1;src_20260928_fts_plan-1156-p1;src_20260928_fts_plan-1156-p2;src_20260928_fts_plan-1273-p1;src_20260928_fts_plan-1273-p2;src_20260928_fts_plan-1510-p1;src_20260928_fts_plan-1510-p2;src_20260928_fts_locations
USA,2025-05-01,2026-04-30,270818000,1186;1156;1273;1510,2026-09-28T06:57:17Z,src_20260928_fts_plan-1186-p1;src_20260928_fts_plan-1156-p1;src_20260928_fts_plan-1156-p2;src_20260928_fts_plan-1273-p1;src_20260928_fts_plan-1273-p2;src_20260928_fts_plan-1510-p1;src_20260928_fts_plan-1510-p2;src_20260928_fts_locations
USA,2025-06-01,2026-05-31,270818000,1186;1156;1273;1510,2026-09-28T06:57:17Z,src_20260928_fts_plan-1186-p1;src_20260928_fts_plan-1156-p1;src_20260928_fts_plan-1156-p2;src_20260928_fts_plan-1273-p1;src_20260928_fts_plan-1273-p2;src_20260928_fts_plan-1510-p1;src_20260928_fts_plan-1510-p2;src_20260928_fts_locations
USA,2025-07-01,2026-06-30,600818000,1186;1156;1273;1510,2026-09-28T06:57:17Z,src_20260928_fts_plan-1186-p1;src_20260928_fts_plan-1156-p1;src_20260928_fts_plan-1156-p2;src_20260928_fts_plan-1273-p1;src_20260928_fts_plan-1273-p2;src_20260928_fts_plan-1510-p1;src_20260928_fts_plan-1510-p2;src_20260928_fts_locations
USA,2025-08-01,2026-07-31,600000000,1186;1156;1273;1510,2026-09-28T06:57:17Z,src_20260928_fts_plan-1186-p1;src_20260928_fts_plan-1156-p1;src_20260928_fts_plan-1156-p2;src_20260928_fts_plan-1273-p1;src_20260928_fts_plan-1273-p2;src_20260928_fts_plan-1510-p1;src_20260928_fts_plan-1510-p2;src_20260928_fts_locations
USA,2025-09-01,2026-08-31,600000000,1186;1156;1273;1510,2026-09-28T06:57:17Z,src_20260928_fts_plan-1186-p1;src_20260928_fts_plan-1156-p1;src_20260928_fts_plan-1156-p2;src_20260928_fts_plan-1273-p1;src_20260928_fts_plan-1273-p2;src_20260928_fts_plan-1510-p1;src_20260928_fts_plan-1510-p2;src_20260928_fts_locations
UZB,2022-10-01,2023-09-30,0,1186;1156;1273;1510,2026-09-28T06:57:17Z,src_20260928_fts_plan-1186-p1;src_20260928_fts_plan-1156-p1;src_20260928_fts_plan-1156-p2;src_20260928_fts_plan-1273-p1;src_20260928_fts_plan-1273-p2;src_20260928_fts_plan-1510-p1;src_20260928_fts_plan-1510-p2;src_20260928_fts_locations
UZB,2022-11-01,2023-10-31,0,1186;1156;1273;1510,2026-09-28T06:57:17Z,src_20260928_fts_plan-1186-p1;src_20260928_fts_plan-1156-p1;src_20260928_fts_plan-1156-p2;src_20260928_fts_plan-1273-p1;src_20260928_fts_plan-1273-p2;src_20260928_fts_plan-1510-p1;src_20260928_fts_plan-1510-p2;src_20260928_fts_locations
UZB,2022-12-01,2023-11-30,1500000,1186;1156;1273;1510,2026-09-28T06:57:17Z,src_20260928_fts_plan-1186-p1;src_20260928_fts_plan-1156-p1;src_20260928_fts_plan-1156-p2;src_20260928_fts_plan-1273-p1;src_20260928_fts_plan-1273-p2;src_20260928_fts_plan-1510-p1;src_20260928_fts_plan-1510-p2;src_20260928_fts_locations
UZB,2023-01-01,2023-12-31,1500000,1186;1156;1273;1510,2026-09-28T06:57:17Z,src_20260928_fts_plan-1186-p1;src_20260928_fts_plan-1156-p1;src_20260928_fts_plan-1156-p2;src_20260928_fts_plan-1273-p1;src_20260928_fts_plan-1273-p2;src_20260928_fts_plan-1510-p1;src_20260928_fts_plan-1510-p2;src_20260928_fts_locations
UZB,2023-02-01,2024-01-31,1500000,1186;1156;1273;1510,2026-09-28T06:57:17Z,src_20260928_fts_plan-1186-p1;src_20260928_fts_plan-1156-p1;src_20260928_fts_plan-1156-p2;src_20260928_fts_plan-1273-p1;src_20260928_fts_plan-1273-p2;src_20260928_fts_plan-1510-p1;src_20260928_fts_plan-1510-p2;src_20260928_fts_locations
UZB,2023-03-01,2024-02-29,1500000,1186;1156;1273;1510,2026-09-28T06:57:17Z,src_20260928_fts_plan-1186-p1;src_20260928_fts_plan-1156-p1;src_20260928_fts_plan-1156-p2;src_20260928_fts_plan-1273-p1;src_20260928_fts_plan-1273-p2;src_20260928_fts_plan-1510-p1;src_20260928_fts_plan-1510-p2;src_20260928_fts_locations
UZB,2023-04-01,2024-03-31,1500000,1186;1156;1273;1510,2026-09-28T06:57:17Z,src_20260928_fts_plan-1186-p1;src_20260928_fts_plan-1156-p1;src_20260928_fts_plan-1156-p2;src_20260928_fts_plan-1273-p1;src_20260928_fts_plan-1273-p2;src_20260928_fts_plan-1510-p1;src_20260928_fts_plan-1510-p2;src_20260928_fts_locations
UZB,2023-05-01,2024-04-30,1500000,1186;1156;1273;1510,2026-09-28T06:57:17Z,src_20260928_fts_plan-1186-p1;src_20260928_fts_plan-1156-p1;src_20260928_fts_plan-1156-p2;src_20260928_fts_plan-1273-p1;src_20260928_fts_plan-1273-p2;src_20260928_fts_plan-1510-p1;src_20260928_fts_plan-1510-p2;src_20260928_fts_locations
UZB,2023-06-01,2024-05-31,1500000,1186;1156;1273;1510,2026-09-28T06:57:17Z,src_20260928_fts_plan-1186-p1;src_20260928_fts_plan-1156-p1;src_20260928_fts_plan-1156-p2;src_20260928_fts_plan-1273-p1;src_20260928_fts_plan-1273-p2;src_20260928_fts_plan-1510-p1;src_20260928_fts_plan-1510-p2;src_20260928_fts_locations
UZB,2023-07-01,2024-06-30,1500000,1186;1156;1273;1510,2026-09-28T06:57:17Z,src_20260928_fts_plan-1186-p1;src_20260928_fts_plan-1156-p1;src_20260928_fts_plan-1156-p2;src_20260928_fts_plan-1273-p1;src_20260928_fts_plan-1273-p2;src_20260928_fts_plan-1510-p1;src_20260928_fts_plan-1510-p2;src_20260928_fts_locations
UZB,2023-08-01,2024-07-31,1500000,1186;1156;1273;1510,2026-09-28T06:57:17Z,src_20260928_fts_plan-1186-p1;src_20260928_fts_plan-1156-p1;src_20260928_fts_plan-1156-p2;src_20260928_fts_plan-1273-p1;src_20260928_fts_plan-1273-p2;src_20260928_fts_plan-1510-p1;src_20260928_fts_plan-1510-p2;src_20260928_fts_locations
UZB,2023-09-01,2024-08-31,1500000,1186;1156;1273;1510,2026-09-28T06:57:17Z,src_20260928_fts_plan-1186-p1;src_20260928_fts_plan-1156-p1;src_20260928_fts_plan-1156-p2;src_20260928_fts_plan-1273-p1;src_20260928_fts_plan-1273-p2;src_20260928_fts_plan-1510-p1;src_20260928_fts_plan-1510-p2;src_20260928_fts_locations
UZB,2023-10-01,2024-09-30,1500000,1186;1156;1273;1510,2026-09-28T06:57:17Z,src_20260928_fts_plan-1186-p1;src_20260928_fts_plan-1156-p1;src_20260928_fts_plan-1156-p2;src_20260928_fts_plan-1273-p1;src_20260928_fts_plan-1273-p2;src_20260928_fts_plan-1510-p1;src_20260928_fts_plan-1510-p2;src_20260928_fts_locations
UZB,2023-11-01,2024-10-31,1500000,1186;1156;1273;1510,2026-09-28T06:57:17Z,src_20260928_fts_plan-1186-p1;src_20260928_fts_plan-1156-p1;src_20260928_fts_plan-1156-p2;src_20260928_fts_plan-1273-p1;src_20260928_fts_plan-1273-p2;src_20260928_fts_plan-1510-p1;src_20260928_fts_plan-1510-p2;src_20260928_fts_locations
UZB,2023-12-01,2024-11-30,0,1186;1156;1273;1510,2026-09-28T06:57:17Z,src_20260928_fts_plan-1186-p1;src_20260928_fts_plan-1156-p1;src_20260928_fts_plan-1156-p2;src_20260928_fts_plan-1273-p1;src_20260928_fts_plan-1273-p2;src_20260928_fts_plan-1510-p1;src_20260928_fts_plan-1510-p2;src_20260928_fts_locations
UZB,2024-01-01,2024-12-31,0,1186;1156;1273;1510,2026-09-28T06:57:17Z,src_20260928_fts_plan-1186-p1;src_20260928_fts_plan-1156-p1;src_20260928_fts_plan-1156-p2;src_20260928_fts_plan-1273-p1;src_20260928_fts_plan-1273-p2;src_20260928_fts_plan-1510-p1;src_20260928_fts_plan-1510-p2;src_20260928_fts_locations
UZB,2024-02-01,2025-01-31,0,1186;1156;1273;1510,2026-09-28T06:57:17Z,src_20260928_fts_plan-1186-p1;src_20260928_fts_plan-1156-p1;src_20260928_fts_plan-1156-p2;src_20260928_fts_plan-1273-p1;src_20260928_fts_plan-1273-p2;src_20260928_fts_plan-1510-p1;src_20260928_fts_plan-1510-p2;src_20260928_fts_locations
UZB,2024-03-01,2025-02-28,0,1186;1156;1273;1510,2026-09-28T06:57:17Z,src_20260928_fts_plan-1186-p1;src_20260928_fts_plan-1156-p1;src_20260928_fts_plan-1156-p2;src_20260928_fts_plan-1273-p1;src_20260928_fts_plan-1273-p2;src_20260928_fts_plan-1510-p1;src_20260928_fts_plan-1510-p2;src_20260928_fts_locations
UZB,2024-04-01,2025-03-31,0,1186;1156;1273;1510,2026-09-28T06:57:17Z,src_20260928_fts_plan-1186-p1;src_20260928_fts_plan-1156-p1;src_20260928_fts_plan-1156-p2;src_20260928_fts_plan-1273-p1;src_20260928_fts_plan-1273-p2;src_20260928_fts_plan-1510-p1;src_20260928_fts_plan-1510-p2;src_20260928_fts_locations
UZB,2024-05-01,2025-04-30,0,1186;1156;1273;1510,2026-09-28T06:57:17Z,src_20260928_fts_plan-1186-p1;src_20260928_fts_plan-1156-p1;src_20260928_fts_plan-1156-p2;src_20260928_fts_plan-1273-p1;src_20260928_fts_plan-1273-p2;src_20260928_fts_plan-1510-p1;src_20260928_fts_plan-1510-p2;src_20260928_fts_locations
UZB,2024-06-01,2025-05-31,0,1186;1156;1273;1510,2026-09-28T06:57:17Z,src_20260928_fts_plan-1186-p1;src_20260928_fts_plan-1156-p1;src_20260928_fts_plan-1156-p2;src_20260928_fts_plan-1273-p1;src_20260928_fts_plan-1273-p2;src_20260928_fts_plan-1510-p1;src_20260928_fts_plan-1510-p2;src_20260928_fts_locations
UZB,2024-07-01,2025-06-30,0,1186;1156;1273;1510,2026-09-28T06:57:17Z,src_20260928_fts_plan-1186-p1;src_20260928_fts_plan-1156-p1;src_20260928_fts_plan-1156-p2;src_20260928_fts_plan-1273-p1;src_20260928_fts_plan-1273-p2;src_20260928_fts_plan-1510-p1;src_20260928_fts_plan-1510-p2;src_20260928_fts_locations
UZB,2024-08-01,2025-07-31,0,1186;1156;1273;1510,2026-09-28T06:57:17Z,src_20260928_fts_plan-1186-p1;src_20260928_fts_plan-1156-p1;src_20260928_fts_plan-1156-p2;src_20260928_fts_plan-1273-p1;src_20260928_fts_plan-1273-p2;src_20260928_fts_plan-1510-p1;src_20260928_fts_plan-1510-p2;src_20260928_fts_locations
UZB,2024-09-01,2025-08-31,0,1186;1156;1273;1510,2026-09-28T06:57:17Z,src_20260928_fts_plan-1186-p1;src_20260928_fts_plan-1156-p1;src_20260928_fts_plan-1156-p2;src_20260928_fts_plan-1273-p1;src_20260928_fts_plan-1273-p2;src_20260928_fts_plan-1510-p1;src_20260928_fts_plan-1510-p2;src_20260928_fts_locations
UZB,2024-10-01,2025-09-30,0,1186;1156;1273;1510,2026-09-28T06:57:17Z,src_20260928_fts_plan-1186-p1;src_20260928_fts_plan-1156-p1;src_20260928_fts_plan-1156-p2;src_20260928_fts_plan-1273-p1;src_20260928_fts_plan-1273-p2;src_20260928_fts_plan-1510-p1;src_20260928_fts_plan-1510-p2;src_20260928_fts_locations
UZB,2024-11-01,2025-10-31,0,1186;1156;1273;1510,2026-09-28T06:57:17Z,src_20260928_fts_plan-1186-p1;src_20260928_fts_plan-1156-p1;src_20260928_fts_plan-1156-p2;src_20260928_fts_plan-1273-p1;src_20260928_fts_plan-1273-p2;src_20260928_fts_plan-1510-p1;src_20260928_fts_plan-1510-p2;src_20260928_fts_locations
UZB,2024-12-01,2025-11-30,0,1186;1156;1273;1510,2026-09-28T06:57:17Z,src_20260928_fts_plan-1186-p1;src_20260928_fts_plan-1156-p1;src_20260928_fts_plan-1156-p2;src_20260928_fts_plan-1273-p1;src_20260928_fts_plan-1273-p2;src_20260928_fts_plan-1510-p1;src_20260928_fts_plan-1510-p2;src_20260928_fts_locations
UZB,2025-01-01,2025-12-31,0,1186;1156;1273;1510,2026-09-28T06:57:17Z,src_20260928_fts_plan-1186-p1;src_20260928_fts_plan-1156-p1;src_20260928_fts_plan-1156-p2;src_20260928_fts_plan-1273-p1;src_20260928_fts_plan-1273-p2;src_20260928_fts_plan-1510-p1;src_20260928_fts_plan-1510-p2;src_20260928_fts_locations
UZB,2025-02-01,2026-01-31,0,1186;1156;1273;1510,2026-09-28T06:57:17Z,src_20260928_fts_plan-1186-p1;src_20260928_fts_plan-1156-p1;src_20260928_fts_plan-1156-p2;src_20260928_fts_plan-1273-p1;src_20260928_fts_plan-1273-p2;src_20260928_fts_plan-1510-p1;src_20260928_fts_plan-1510-p2;src_20260928_fts_locations
UZB,2025-03-01,2026-02-28,0,1186;1156;1273;1510,2026-09-28T06:57:17Z,src_20260928_fts_plan-1186-p1;src_20260928_fts_plan-1156-p1;src_20260928_fts_plan-1156-p2;src_20260928_fts_plan-1273-p1;src_20260928_fts_plan-1273-p2;src_20260928_fts_plan-1510-p1;src_20260928_fts_plan-1510-p2;src_20260928_fts_locations
UZB,2025-04-01,2026-03-31,0,1186;1156;1273;1510,2026-09-28T06:57:17Z,src_20260928_fts_plan-1186-p1;src_20260928_fts_plan-1156-p1;src_20260928_fts_plan-1156-p2;src_20260928_fts_plan-1273-p1;src_20260928_fts_plan-1273-p2;src_20260928_fts_plan-1510-p1;src_20260928_fts_plan-1510-p2;src_20260928_fts_locations
UZB,2025-05-01,2026-04-30,0,1186;1156;1273;1510,2026-09-28T06:57:17Z,src_20260928_fts_plan-1186-p1;src_20260928_fts_plan-1156-p1;src_20260928_fts_plan-1156-p2;src_20260928_fts_plan-1273-p1;src_20260928_fts_plan-1273-p2;src_20260928_fts_plan-1510-p1;src_20260928_fts_plan-1510-p2;src_20260928_fts_locations
UZB,2025-06-01,2026-05-31,0,1186;1156;1273;1510,2026-09-28T06:57:17Z,src_20260928_fts_plan-1186-p1;src_20260928_fts_plan-1156-p1;src_20260928_fts_plan-1156-p2;src_20260928_fts_plan-1273-p1;src_20260928_fts_plan-1273-p2;src_20260928_fts_plan-1510-p1;src_20260928_fts_plan-1510-p2;src_20260928_fts_locations
UZB,2025-07-01,2026-06-30,0,1186;1156;1273;1510,2026-09-28T06:57:17Z,src_20260928_fts_plan-1186-p1;src_20260928_fts_plan-1156-p1;src_20260928_fts_plan-1156-p2;src_20260928_fts_plan-1273-p1;src_20260928_fts_plan-1273-p2;src_20260928_fts_plan-1510-p1;src_20260928_fts_plan-1510-p2;src_20260928_fts_locations
UZB,2025-08-01,2026-07-31,0,1186;1156;1273;1510,2026-09-28T06:57:17Z,src_20260928_fts_plan-1186-p1;src_20260928_fts_plan-1156-p1;src_20260928_fts_plan-1156-p2;src_20260928_fts_plan-1273-p1;src_20260928_fts_plan-1273-p2;src_20260928_fts_plan-1510-p1;src_20260928_fts_plan-1510-p2;src_20260928_fts_locations
UZB,2025-09-01,2026-08-31,0,1186;1156;1273;1510,2026-09-28T06:57:17Z,src_20260928_fts_plan-1186-p1;src_20260928_fts_plan-1156-p1;src_20260928_fts_plan-1156-p2;src_20260928_fts_plan-1273-p1;src_20260928_fts_plan-1273-p2;src_20260928_fts_plan-1510-p1;src_20260928_fts_plan-1510-p2;src_20260928_fts_locations
VNM,2022-10-01,2023-09-30,0,1186;1156;1273;1510,2026-09-28T06:57:17Z,src_20260928_fts_plan-1186-p1;src_20260928_fts_plan-1156-p1;src_20260928_fts_plan-1156-p2;src_20260928_fts_plan-1273-p1;src_20260928_fts_plan-1273-p2;src_20260928_fts_plan-1510-p1;src_20260928_fts_plan-1510-p2;src_20260928_fts_locations
VNM,2022-11-01,2023-10-31,0,1186;1156;1273;1510,2026-09-28T06:57:17Z,src_20260928_fts_plan-1186-p1;src_20260928_fts_plan-1156-p1;src_20260928_fts_plan-1156-p2;src_20260928_fts_plan-1273-p1;src_20260928_fts_plan-1273-p2;src_20260928_fts_plan-1510-p1;src_20260928_fts_plan-1510-p2;src_20260928_fts_locations
VNM,2022-12-01,2023-11-30,0,1186;1156;1273;1510,2026-09-28T06:57:17Z,src_20260928_fts_plan-1186-p1;src_20260928_fts_plan-1156-p1;src_20260928_fts_plan-1156-p2;src_20260928_fts_plan-1273-p1;src_20260928_fts_plan-1273-p2;src_20260928_fts_plan-1510-p1;src_20260928_fts_plan-1510-p2;src_20260928_fts_locations
VNM,2023-01-01,2023-12-31,0,1186;1156;1273;1510,2026-09-28T06:57:17Z,src_20260928_fts_plan-1186-p1;src_20260928_fts_plan-1156-p1;src_20260928_fts_plan-1156-p2;src_20260928_fts_plan-1273-p1;src_20260928_fts_plan-1273-p2;src_20260928_fts_plan-1510-p1;src_20260928_fts_plan-1510-p2;src_20260928_fts_locations
VNM,2023-02-01,2024-01-31,0,1186;1156;1273;1510,2026-09-28T06:57:17Z,src_20260928_fts_plan-1186-p1;src_20260928_fts_plan-1156-p1;src_20260928_fts_plan-1156-p2;src_20260928_fts_plan-1273-p1;src_20260928_fts_plan-1273-p2;src_20260928_fts_plan-1510-p1;src_20260928_fts_plan-1510-p2;src_20260928_fts_locations
VNM,2023-03-01,2024-02-29,0,1186;1156;1273;1510,2026-09-28T06:57:17Z,src_20260928_fts_plan-1186-p1;src_20260928_fts_plan-1156-p1;src_20260928_fts_plan-1156-p2;src_20260928_fts_plan-1273-p1;src_20260928_fts_plan-1273-p2;src_20260928_fts_plan-1510-p1;src_20260928_fts_plan-1510-p2;src_20260928_fts_locations
VNM,2023-04-01,2024-03-31,0,1186;1156;1273;1510,2026-09-28T06:57:17Z,src_20260928_fts_plan-1186-p1;src_20260928_fts_plan-1156-p1;src_20260928_fts_plan-1156-p2;src_20260928_fts_plan-1273-p1;src_20260928_fts_plan-1273-p2;src_20260928_fts_plan-1510-p1;src_20260928_fts_plan-1510-p2;src_20260928_fts_locations
VNM,2023-05-01,2024-04-30,0,1186;1156;1273;1510,2026-09-28T06:57:17Z,src_20260928_fts_plan-1186-p1;src_20260928_fts_plan-1156-p1;src_20260928_fts_plan-1156-p2;src_20260928_fts_plan-1273-p1;src_20260928_fts_plan-1273-p2;src_20260928_fts_plan-1510-p1;src_20260928_fts_plan-1510-p2;src_20260928_fts_locations
VNM,2023-06-01,2024-05-31,0,1186;1156;1273;1510,2026-09-28T06:57:17Z,src_20260928_fts_plan-1186-p1;src_20260928_fts_plan-1156-p1;src_20260928_fts_plan-1156-p2;src_20260928_fts_plan-1273-p1;src_20260928_fts_plan-1273-p2;src_20260928_fts_plan-1510-p1;src_20260928_fts_plan-1510-p2;src_20260928_fts_locations
VNM,2023-07-01,2024-06-30,0,1186;1156;1273;1510,2026-09-28T06:57:17Z,src_20260928_fts_plan-1186-p1;src_20260928_fts_plan-1156-p1;src_20260928_fts_plan-1156-p2;src_20260928_fts_plan-1273-p1;src_20260928_fts_plan-1273-p2;src_20260928_fts_plan-1510-p1;src_20260928_fts_plan-1510-p2;src_20260928_fts_locations
VNM,2023-08-01,2024-07-31,0,1186;1156;1273;1510,2026-09-28T06:57:17Z,src_20260928_fts_plan-1186-p1;src_20260928_fts_plan-1156-p1;src_20260928_fts_plan-1156-p2;src_20260928_fts_plan-1273-p1;src_20260928_fts_plan-1273-p2;src_20260928_fts_plan-1510-p1;src_20260928_fts_plan-1510-p2;src_20260928_fts_locations
VNM,2023-09-01,2024-08-31,0,1186;1156;1273;1510,2026-09-28T06:57:17Z,src_20260928_fts_plan-1186-p1;src_20260928_fts_plan-1156-p1;src_20260928_fts_plan-1156-p2;src_20260928_fts_plan-1273-p1;src_20260928_fts_plan-1273-p2;src_20260928_fts_plan-1510-p1;src_20260928_fts_plan-1510-p2;src_20260928_fts_locations
VNM,2023-10-01,2024-09-30,0,1186;1156;1273;1510,2026-09-28T06:57:17Z,src_20260928_fts_plan-1186-p1;src_20260928_fts_plan-1156-p1;src_20260928_fts_plan-1156-p2;src_20260928_fts_plan-1273-p1;src_20260928_fts_plan-1273-p2;src_20260928_fts_plan-1510-p1;src_20260928_fts_plan-1510-p2;src_20260928_fts_locations
VNM,2023-11-01,2024-10-31,0,1186;1156;1273;1510,2026-09-28T06:57:17Z,src_20260928_fts_plan-1186-p1;src_20260928_fts_plan-1156-p1;src_20260928_fts_plan-1156-p2;src_20260928_fts_plan-1273-p1;src_20260928_fts_plan-1273-p2;src_20260928_fts_plan-1510-p1;src_20260928_fts_plan-1510-p2;src_20260928_fts_locations
VNM,2023-12-01,2024-11-30,0,1186;1156;1273;1510,2026-09-28T06:57:17Z,src_20260928_fts_plan-1186-p1;src_20260928_fts_plan-1156-p1;src_20260928_fts_plan-1156-p2;src_20260928_fts_plan-1273-p1;src_20260928_fts_plan-1273-p2;src_20260928_fts_plan-1510-p1;src_20260928_fts_plan-1510-p2;src_20260928_fts_locations
VNM,2024-01-01,2024-12-31,0,1186;1156;1273;1510,2026-09-28T06:57:17Z,src_20260928_fts_plan-1186-p1;src_20260928_fts_plan-1156-p1;src_20260928_fts_plan-1156-p2;src_20260928_fts_plan-1273-p1;src_20260928_fts_plan-1273-p2;src_20260928_fts_plan-1510-p1;src_20260928_fts_plan-1510-p2;src_20260928_fts_locations
VNM,2024-02-01,2025-01-31,0,1186;1156;1273;1510,2026-09-28T06:57:17Z,src_20260928_fts_plan-1186-p1;src_20260928_fts_plan-1156-p1;src_20260928_fts_plan-1156-p2;src_20260928_fts_plan-1273-p1;src_20260928_fts_plan-1273-p2;src_20260928_fts_plan-1510-p1;src_20260928_fts_plan-1510-p2;src_20260928_fts_locations
VNM,2024-03-01,2025-02-28,0,1186;1156;1273;1510,2026-09-28T06:57:17Z,src_20260928_fts_plan-1186-p1;src_20260928_fts_plan-1156-p1;src_20260928_fts_plan-1156-p2;src_20260928_fts_plan-1273-p1;src_20260928_fts_plan-1273-p2;src_20260928_fts_plan-1510-p1;src_20260928_fts_plan-1510-p2;src_20260928_fts_locations
VNM,2024-04-01,2025-03-31,0,1186;1156;1273;1510,2026-09-28T06:57:17Z,src_20260928_fts_plan-1186-p1;src_20260928_fts_plan-1156-p1;src_20260928_fts_plan-1156-p2;src_20260928_fts_plan-1273-p1;src_20260928_fts_plan-1273-p2;src_20260928_fts_plan-1510-p1;src_20260928_fts_plan-1510-p2;src_20260928_fts_locations
VNM,2024-05-01,2025-04-30,0,1186;1156;1273;1510,2026-09-28T06:57:17Z,src_20260928_fts_plan-1186-p1;src_20260928_fts_plan-1156-p1;src_20260928_fts_plan-1156-p2;src_20260928_fts_plan-1273-p1;src_20260928_fts_plan-1273-p2;src_20260928_fts_plan-1510-p1;src_20260928_fts_plan-1510-p2;src_20260928_fts_locations
VNM,2024-06-01,2025-05-31,500000,1186;1156;1273;1510,2026-09-28T06:57:17Z,src_20260928_fts_plan-1186-p1;src_20260928_fts_plan-1156-p1;src_20260928_fts_plan-1156-p2;src_20260928_fts_plan-1273-p1;src_20260928_fts_plan-1273-p2;src_20260928_fts_plan-1510-p1;src_20260928_fts_plan-1510-p2;src_20260928_fts_locations
VNM,2024-07-01,2025-06-30,500000,1186;1156;1273;1510,2026-09-28T06:57:17Z,src_20260928_fts_plan-1186-p1;src_20260928_fts_plan-1156-p1;src_20260928_fts_plan-1156-p2;src_20260928_fts_plan-1273-p1;src_20260928_fts_plan-1273-p2;src_20260928_fts_plan-1510-p1;src_20260928_fts_plan-1510-p2;src_20260928_fts_locations
VNM,2024-08-01,2025-07-31,500000,1186;1156;1273;1510,2026-09-28T06:57:17Z,src_20260928_fts_plan-1186-p1;src_20260928_fts_plan-1156-p1;src_20260928_fts_plan-1156-p2;src_20260928_fts_plan-1273-p1;src_20260928_fts_plan-1273-p2;src_20260928_fts_plan-1510-p1;src_20260928_fts_plan-1510-p2;src_20260928_fts_locations
VNM,2024-09-01,2025-08-31,500000,1186;1156;1273;1510,2026-09-28T06:57:17Z,src_20260928_fts_plan-1186-p1;src_20260928_fts_plan-1156-p1;src_20260928_fts_plan-1156-p2;src_20260928_fts_plan-1273-p1;src_20260928_fts_plan-1273-p2;src_20260928_fts_plan-1510-p1;src_20260928_fts_plan-1510-p2;src_20260928_fts_locations
VNM,2024-10-01,2025-09-30,500000,1186;1156;1273;1510,2026-09-28T06:57:17Z,src_20260928_fts_plan-1186-p1;src_20260928_fts_plan-1156-p1;src_20260928_fts_plan-1156-p2;src_20260928_fts_plan-1273-p1;src_20260928_fts_plan-1273-p2;src_20260928_fts_plan-1510-p1;src_20260928_fts_plan-1510-p2;src_20260928_fts_locations
VNM,2024-11-01,2025-10-31,500000,1186;1156;1273;1510,2026-09-28T06:57:17Z,src_20260928_fts_plan-1186-p1;src_20260928_fts_plan-1156-p1;src_20260928_fts_plan-1156-p2;src_20260928_fts_plan-1273-p1;src_20260928_fts_plan-1273-p2;src_20260928_fts_plan-1510-p1;src_20260928_fts_plan-1510-p2;src_20260928_fts_locations
VNM,2024-12-01,2025-11-30,500000,1186;1156;1273;1510,2026-09-28T06:57:17Z,src_20260928_fts_plan-1186-p1;src_20260928_fts_plan-1156-p1;src_20260928_fts_plan-1156-p2;src_20260928_fts_plan-1273-p1;src_20260928_fts_plan-1273-p2;src_20260928_fts_plan-1510-p1;src_20260928_fts_plan-1510-p2;src_20260928_fts_locations
VNM,2025-01-01,2025-12-31,500000,1186;1156;1273;1510,2026-09-28T06:57:17Z,src_20260928_fts_plan-1186-p1;src_20260928_fts_plan-1156-p1;src_20260928_fts_plan-1156-p2;src_20260928_fts_plan-1273-p1;src_20260928_fts_plan-1273-p2;src_20260928_fts_plan-1510-p1;src_20260928_fts_plan-1510-p2;src_20260928_fts_locations
VNM,2025-02-01,2026-01-31,500000,1186;1156;1273;1510,2026-09-28T06:57:17Z,src_20260928_fts_plan-1186-p1;src_20260928_fts_plan-1156-p1;src_20260928_fts_plan-1156-p2;src_20260928_fts_plan-1273-p1;src_20260928_fts_plan-1273-p2;src_20260928_fts_plan-1510-p1;src_20260928_fts_plan-1510-p2;src_20260928_fts_locations
VNM,2025-03-01,2026-02-28,500000,1186;1156;1273;1510,2026-09-28T06:57:17Z,src_20260928_fts_plan-1186-p1;src_20260928_fts_plan-1156-p1;src_20260928_fts_plan-1156-p2;src_20260928_fts_plan-1273-p1;src_20260928_fts_plan-1273-p2;src_20260928_fts_plan-1510-p1;src_20260928_fts_plan-1510-p2;src_20260928_fts_locations
VNM,2025-04-01,2026-03-31,500000,1186;1156;1273;1510,2026-09-28T06:57:17Z,src_20260928_fts_plan-1186-p1;src_20260928_fts_plan-1156-p1;src_20260928_fts_plan-1156-p2;src_20260928_fts_plan-1273-p1;src_20260928_fts_plan-1273-p2;src_20260928_fts_plan-1510-p1;src_20260928_fts_plan-1510-p2;src_20260928_fts_locations
VNM,2025-05-01,2026-04-30,500000,1186;1156;1273;1510,2026-09-28T06:57:17Z,src_20260928_fts_plan-1186-p1;src_20260928_fts_plan-1156-p1;src_20260928_fts_plan-1156-p2;src_20260928_fts_plan-1273-p1;src_20260928_fts_plan-1273-p2;src_20260928_fts_plan-1510-p1;src_20260928_fts_plan-1510-p2;src_20260928_fts_locations
VNM,2025-06-01,2026-05-31,0,1186;1156;1273;1510,2026-09-28T06:57:17Z,src_20260928_fts_plan-1186-p1;src_20260928_fts_plan-1156-p1;src_20260928_fts_plan-1156-p2;src_20260928_fts_plan-1273-p1;src_20260928_fts_plan-1273-p2;src_20260928_fts_plan-1510-p1;src_20260928_fts_plan-1510-p2;src_20260928_fts_locations
VNM,2025-07-01,2026-06-30,0,1186;1156;1273;1510,2026-09-28T06:57:17Z,src_20260928_fts_plan-1186-p1;src_20260928_fts_plan-1156-p1;src_20260928_fts_plan-1156-p2;src_20260928_fts_plan-1273-p1;src_20260928_fts_plan-1273-p2;src_20260928_fts_plan-1510-p1;src_20260928_fts_plan-1510-p2;src_20260928_fts_locations
VNM,2025-08-01,2026-07-31,299379,1186;1156;1273;1510,2026-09-28T06:57:17Z,src_20260928_fts_plan-1186-p1;src_20260928_fts_plan-1156-p1;src_20260928_fts_plan-1156-p2;src_20260928_fts_plan-1273-p1;src_20260928_fts_plan-1273-p2;src_20260928_fts_plan-1510-p1;src_20260928_fts_plan-1510-p2;src_20260928_fts_locations
VNM,2025-09-01,2026-08-31,299379,1186;1156;1273;1510,2026-09-28T06:57:17Z,src_20260928_fts_plan-1186-p1;src_20260928_fts_plan-1156-p1;src_20260928_fts_plan-1156-p2;src_20260928_fts_plan-1273-p1;src_20260928_fts_plan-1273-p2;src_20260928_fts_plan-1510-p1;src_20260928_fts_plan-1510-p2;src_20260928_fts_locations
ZAF,2022-10-01,2023-09-30,0,1186;1156;1273;1510,2026-09-28T06:57:17Z,src_20260928_fts_plan-1186-p1;src_20260928_fts_plan-1156-p1;src_20260928_fts_plan-1156-p2;src_20260928_fts_plan-1273-p1;src_20260928_fts_plan-1273-p2;src_20260928_fts_plan-1510-p1;src_20260928_fts_plan-1510-p2;src_20260928_fts_locations
ZAF,2022-11-01,2023-10-31,0,1186;1156;1273;1510,2026-09-28T06:57:17Z,src_20260928_fts_plan-1186-p1;src_20260928_fts_plan-1156-p1;src_20260928_fts_plan-1156-p2;src_20260928_fts_plan-1273-p1;src_20260928_fts_plan-1273-p2;src_20260928_fts_plan-1510-p1;src_20260928_fts_plan-1510-p2;src_20260928_fts_locations
ZAF,2022-12-01,2023-11-30,0,1186;1156;1273;1510,2026-09-28T06:57:17Z,src_20260928_fts_plan-1186-p1;src_20260928_fts_plan-1156-p1;src_20260928_fts_plan-1156-p2;src_20260928_fts_plan-1273-p1;src_20260928_fts_plan-1273-p2;src_20260928_fts_plan-1510-p1;src_20260928_fts_plan-1510-p2;src_20260928_fts_locations
ZAF,2023-01-01,2023-12-31,0,1186;1156;1273;1510,2026-09-28T06:57:17Z,src_20260928_fts_plan-1186-p1;src_20260928_fts_plan-1156-p1;src_20260928_fts_plan-1156-p2;src_20260928_fts_plan-1273-p1;src_20260928_fts_plan-1273-p2;src_20260928_fts_plan-1510-p1;src_20260928_fts_plan-1510-p2;src_20260928_fts_locations
ZAF,2023-02-01,2024-01-31,0,1186;1156;1273;1510,2026-09-28T06:57:17Z,src_20260928_fts_plan-1186-p1;src_20260928_fts_plan-1156-p1;src_20260928_fts_plan-1156-p2;src_20260928_fts_plan-1273-p1;src_20260928_fts_plan-1273-p2;src_20260928_fts_plan-1510-p1;src_20260928_fts_plan-1510-p2;src_20260928_fts_locations
ZAF,2023-03-01,2024-02-29,0,1186;1156;1273;1510,2026-09-28T06:57:17Z,src_20260928_fts_plan-1186-p1;src_20260928_fts_plan-1156-p1;src_20260928_fts_plan-1156-p2;src_20260928_fts_plan-1273-p1;src_20260928_fts_plan-1273-p2;src_20260928_fts_plan-1510-p1;src_20260928_fts_plan-1510-p2;src_20260928_fts_locations
ZAF,2023-04-01,2024-03-31,0,1186;1156;1273;1510,2026-09-28T06:57:17Z,src_20260928_fts_plan-1186-p1;src_20260928_fts_plan-1156-p1;src_20260928_fts_plan-1156-p2;src_20260928_fts_plan-1273-p1;src_20260928_fts_plan-1273-p2;src_20260928_fts_plan-1510-p1;src_20260928_fts_plan-1510-p2;src_20260928_fts_locations
ZAF,2023-05-01,2024-04-30,0,1186;1156;1273;1510,2026-09-28T06:57:17Z,src_20260928_fts_plan-1186-p1;src_20260928_fts_plan-1156-p1;src_20260928_fts_plan-1156-p2;src_20260928_fts_plan-1273-p1;src_20260928_fts_plan-1273-p2;src_20260928_fts_plan-1510-p1;src_20260928_fts_plan-1510-p2;src_20260928_fts_locations
ZAF,2023-06-01,2024-05-31,0,1186;1156;1273;1510,2026-09-28T06:57:17Z,src_20260928_fts_plan-1186-p1;src_20260928_fts_plan-1156-p1;src_20260928_fts_plan-1156-p2;src_20260928_fts_plan-1273-p1;src_20260928_fts_plan-1273-p2;src_20260928_fts_plan-1510-p1;src_20260928_fts_plan-1510-p2;src_20260928_fts_locations
ZAF,2023-07-01,2024-06-30,0,1186;1156;1273;1510,2026-09-28T06:57:17Z,src_20260928_fts_plan-1186-p1;src_20260928_fts_plan-1156-p1;src_20260928_fts_plan-1156-p2;src_20260928_fts_plan-1273-p1;src_20260928_fts_plan-1273-p2;src_20260928_fts_plan-1510-p1;src_20260928_fts_plan-1510-p2;src_20260928_fts_locations
ZAF,2023-08-01,2024-07-31,0,1186;1156;1273;1510,2026-09-28T06:57:17Z,src_20260928_fts_plan-1186-p1;src_20260928_fts_plan-1156-p1;src_20260928_fts_plan-1156-p2;src_20260928_fts_plan-1273-p1;src_20260928_fts_plan-1273-p2;src_20260928_fts_plan-1510-p1;src_20260928_fts_plan-1510-p2;src_20260928_fts_locations
ZAF,2023-09-01,2024-08-31,0,1186;1156;1273;1510,2026-09-28T06:57:17Z,src_20260928_fts_plan-1186-p1;src_20260928_fts_plan-1156-p1;src_20260928_fts_plan-1156-p2;src_20260928_fts_plan-1273-p1;src_20260928_fts_plan-1273-p2;src_20260928_fts_plan-1510-p1;src_20260928_fts_plan-1510-p2;src_20260928_fts_locations
ZAF,2023-10-01,2024-09-30,0,1186;1156;1273;1510,2026-09-28T06:57:17Z,src_20260928_fts_plan-1186-p1;src_20260928_fts_plan-1156-p1;src_20260928_fts_plan-1156-p2;src_20260928_fts_plan-1273-p1;src_20260928_fts_plan-1273-p2;src_20260928_fts_plan-1510-p1;src_20260928_fts_plan-1510-p2;src_20260928_fts_locations
ZAF,2023-11-01,2024-10-31,0,1186;1156;1273;1510,2026-09-28T06:57:17Z,src_20260928_fts_plan-1186-p1;src_20260928_fts_plan-1156-p1;src_20260928_fts_plan-1156-p2;src_20260928_fts_plan-1273-p1;src_20260928_fts_plan-1273-p2;src_20260928_fts_plan-1510-p1;src_20260928_fts_plan-1510-p2;src_20260928_fts_locations
ZAF,2023-12-01,2024-11-30,0,1186;1156;1273;1510,2026-09-28T06:57:17Z,src_20260928_fts_plan-1186-p1;src_20260928_fts_plan-1156-p1;src_20260928_fts_plan-1156-p2;src_20260928_fts_plan-1273-p1;src_20260928_fts_plan-1273-p2;src_20260928_fts_plan-1510-p1;src_20260928_fts_plan-1510-p2;src_20260928_fts_locations
ZAF,2024-01-01,2024-12-31,0,1186;1156;1273;1510,2026-09-28T06:57:17Z,src_20260928_fts_plan-1186-p1;src_20260928_fts_plan-1156-p1;src_20260928_fts_plan-1156-p2;src_20260928_fts_plan-1273-p1;src_20260928_fts_plan-1273-p2;src_20260928_fts_plan-1510-p1;src_20260928_fts_plan-1510-p2;src_20260928_fts_locations
ZAF,2024-02-01,2025-01-31,0,1186;1156;1273;1510,2026-09-28T06:57:17Z,src_20260928_fts_plan-1186-p1;src_20260928_fts_plan-1156-p1;src_20260928_fts_plan-1156-p2;src_20260928_fts_plan-1273-p1;src_20260928_fts_plan-1273-p2;src_20260928_fts_plan-1510-p1;src_20260928_fts_plan-1510-p2;src_20260928_fts_locations
ZAF,2024-03-01,2025-02-28,0,1186;1156;1273;1510,2026-09-28T06:57:17Z,src_20260928_fts_plan-1186-p1;src_20260928_fts_plan-1156-p1;src_20260928_fts_plan-1156-p2;src_20260928_fts_plan-1273-p1;src_20260928_fts_plan-1273-p2;src_20260928_fts_plan-1510-p1;src_20260928_fts_plan-1510-p2;src_20260928_fts_locations
ZAF,2024-04-01,2025-03-31,0,1186;1156;1273;1510,2026-09-28T06:57:17Z,src_20260928_fts_plan-1186-p1;src_20260928_fts_plan-1156-p1;src_20260928_fts_plan-1156-p2;src_20260928_fts_plan-1273-p1;src_20260928_fts_plan-1273-p2;src_20260928_fts_plan-1510-p1;src_20260928_fts_plan-1510-p2;src_20260928_fts_locations
ZAF,2024-05-01,2025-04-30,0,1186;1156;1273;1510,2026-09-28T06:57:17Z,src_20260928_fts_plan-1186-p1;src_20260928_fts_plan-1156-p1;src_20260928_fts_plan-1156-p2;src_20260928_fts_plan-1273-p1;src_20260928_fts_plan-1273-p2;src_20260928_fts_plan-1510-p1;src_20260928_fts_plan-1510-p2;src_20260928_fts_locations
ZAF,2024-06-01,2025-05-31,2754821,1186;1156;1273;1510,2026-09-28T06:57:17Z,src_20260928_fts_plan-1186-p1;src_20260928_fts_plan-1156-p1;src_20260928_fts_plan-1156-p2;src_20260928_fts_plan-1273-p1;src_20260928_fts_plan-1273-p2;src_20260928_fts_plan-1510-p1;src_20260928_fts_plan-1510-p2;src_20260928_fts_locations
ZAF,2024-07-01,2025-06-30,2754821,1186;1156;1273;1510,2026-09-28T06:57:17Z,src_20260928_fts_plan-1186-p1;src_20260928_fts_plan-1156-p1;src_20260928_fts_plan-1156-p2;src_20260928_fts_plan-1273-p1;src_20260928_fts_plan-1273-p2;src_20260928_fts_plan-1510-p1;src_20260928_fts_plan-1510-p2;src_20260928_fts_locations
ZAF,2024-08-01,2025-07-31,2754821,1186;1156;1273;1510,2026-09-28T06:57:17Z,src_20260928_fts_plan-1186-p1;src_20260928_fts_plan-1156-p1;src_20260928_fts_plan-1156-p2;src_20260928_fts_plan-1273-p1;src_20260928_fts_plan-1273-p2;src_20260928_fts_plan-1510-p1;src_20260928_fts_plan-1510-p2;src_20260928_fts_locations
ZAF,2024-09-01,2025-08-31,2754821,1186;1156;1273;1510,2026-09-28T06:57:17Z,src_20260928_fts_plan-1186-p1;src_20260928_fts_plan-1156-p1;src_20260928_fts_plan-1156-p2;src_20260928_fts_plan-1273-p1;src_20260928_fts_plan-1273-p2;src_20260928_fts_plan-1510-p1;src_20260928_fts_plan-1510-p2;src_20260928_fts_locations
ZAF,2024-10-01,2025-09-30,2754821,1186;1156;1273;1510,2026-09-28T06:57:17Z,src_20260928_fts_plan-1186-p1;src_20260928_fts_plan-1156-p1;src_20260928_fts_plan-1156-p2;src_20260928_fts_plan-1273-p1;src_20260928_fts_plan-1273-p2;src_20260928_fts_plan-1510-p1;src_20260928_fts_plan-1510-p2;src_20260928_fts_locations
ZAF,2024-11-01,2025-10-31,2754821,1186;1156;1273;1510,2026-09-28T06:57:17Z,src_20260928_fts_plan-1186-p1;src_20260928_fts_plan-1156-p1;src_20260928_fts_plan-1156-p2;src_20260928_fts_plan-1273-p1;src_20260928_fts_plan-1273-p2;src_20260928_fts_plan-1510-p1;src_20260928_fts_plan-1510-p2;src_20260928_fts_locations
ZAF,2024-12-01,2025-11-30,2754821,1186;1156;1273;1510,2026-09-28T06:57:17Z,src_20260928_fts_plan-1186-p1;src_20260928_fts_plan-1156-p1;src_20260928_fts_plan-1156-p2;src_20260928_fts_plan-1273-p1;src_20260928_fts_plan-1273-p2;src_20260928_fts_plan-1510-p1;src_20260928_fts_plan-1510-p2;src_20260928_fts_locations
ZAF,2025-01-01,2025-12-31,2754821,1186;1156;1273;1510,2026-09-28T06:57:17Z,src_20260928_fts_plan-1186-p1;src_20260928_fts_plan-1156-p1;src_20260928_fts_plan-1156-p2;src_20260928_fts_plan-1273-p1;src_20260928_fts_plan-1273-p2;src_20260928_fts_plan-1510-p1;src_20260928_fts_plan-1510-p2;src_20260928_fts_locations
ZAF,2025-02-01,2026-01-31,2754821,1186;1156;1273;1510,2026-09-28T06:57:17Z,src_20260928_fts_plan-1186-p1;src_20260928_fts_plan-1156-p1;src_20260928_fts_plan-1156-p2;src_20260928_fts_plan-1273-p1;src_20260928_fts_plan-1273-p2;src_20260928_fts_plan-1510-p1;src_20260928_fts_plan-1510-p2;src_20260928_fts_locations
ZAF,2025-03-01,2026-02-28,2754821,1186;1156;1273;1510,2026-09-28T06:57:17Z,src_20260928_fts_plan-1186-p1;src_20260928_fts_plan-1156-p1;src_20260928_fts_plan-1156-p2;src_20260928_fts_plan-1273-p1;src_20260928_fts_plan-1273-p2;src_20260928_fts_plan-1510-p1;src_20260928_fts_plan-1510-p2;src_20260928_fts_locations
ZAF,2025-04-01,2026-03-31,2754821,1186;1156;1273;1510,2026-09-28T06:57:17Z,src_20260928_fts_plan-1186-p1;src_20260928_fts_plan-1156-p1;src_20260928_fts_plan-1156-p2;src_20260928_fts_plan-1273-p1;src_20260928_fts_plan-1273-p2;src_20260928_fts_plan-1510-p1;src_20260928_fts_plan-1510-p2;src_20260928_fts_locations
ZAF,2025-05-01,2026-04-30,2754821,1186;1156;1273;1510,2026-09-28T06:57:17Z,src_20260928_fts_plan-1186-p1;src_20260928_fts_plan-1156-p1;src_20260928_fts_plan-1156-p2;src_20260928_fts_plan-1273-p1;src_20260928_fts_plan-1273-p2;src_20260928_fts_plan-1510-p1;src_20260928_fts_plan-1510-p2;src_20260928_fts_locations
ZAF,2025-06-01,2026-05-31,0,1186;1156;1273;1510,2026-09-28T06:57:17Z,src_20260928_fts_plan-1186-p1;src_20260928_fts_plan-1156-p1;src_20260928_fts_plan-1156-p2;src_20260928_fts_plan-1273-p1;src_20260928_fts_plan-1273-p2;src_20260928_fts_plan-1510-p1;src_20260928_fts_plan-1510-p2;src_20260928_fts_locations
ZAF,2025-07-01,2026-06-30,2884200,1186;1156;1273;1510,2026-09-28T06:57:17Z,src_20260928_fts_plan-1186-p1;src_20260928_fts_plan-1156-p1;src_20260928_fts_plan-1156-p2;src_20260928_fts_plan-1273-p1;src_20260928_fts_plan-1273-p2;src_20260928_fts_plan-1510-p1;src_20260928_fts_plan-1510-p2;src_20260928_fts_locations
ZAF,2025-08-01,2026-07-31,2884200,1186;1156;1273;1510,2026-09-28T06:57:17Z,src_20260928_fts_plan-1186-p1;src_20260928_fts_plan-1156-p1;src_20260928_fts_plan-1156-p2;src_20260928_fts_plan-1273-p1;src_20260928_fts_plan-1273-p2;src_20260928_fts_plan-1510-p1;src_20260928_fts_plan-1510-p2;src_20260928_fts_locations
ZAF,2025-09-01,2026-08-31,2884200,1186;1156;1273;1510,2026-09-28T06:57:17Z,src_20260928_fts_plan-1186-p1;src_20260928_fts_plan-1156-p1;src_20260928_fts_plan-1156-p2;src_20260928_fts_plan-1273-p1;src_20260928_fts_plan-1273-p2;src_20260928_fts_plan-1510-p1;src_20260928_fts_plan-1510-p2;src_20260928_fts_locations
