resolution,date,iso3,vote,source
A/RES/ES-10/21,2023-10-27,AFG,Y,src_20260928_undl_ga-voting-2025-03-31-corr1
A/RES/ES-10/21,2023-10-27,AGO,Y,src_20260928_undl_ga-voting-2025-03-31-corr1
A/RES/ES-10/21,2023-10-27,ALB,A,src_20260928_undl_ga-voting-2025-03-31-corr1
A/RES/ES-10/21,2023-10-27,AND,Y,src_20260928_undl_ga-voting-2025-03-31-corr1
A/RES/ES-10/21,2023-10-27,ARE,Y,src_20260928_undl_ga-voting-2025-03-31-corr1
A/RES/ES-10/21,2023-10-27,ARG,Y,src_20260928_undl_ga-voting-2025-03-31-corr1
A/RES/ES-10/21,2023-10-27,ARM,Y,src_20260928_undl_ga-voting-2025-03-31-corr1
A/RES/ES-10/21,2023-10-27,ATG,Y,src_20260928_undl_ga-voting-2025-03-31-corr1
A/RES/ES-10/21,2023-10-27,AUS,A,src_20260928_undl_ga-voting-2025-03-31-corr1
A/RES/ES-10/21,2023-10-27,AUT,N,src_20260928_undl_ga-voting-2025-03-31-corr1
A/RES/ES-10/21,2023-10-27,AZE,Y,src_20260928_undl_ga-voting-2025-03-31-corr1
A/RES/ES-10/21,2023-10-27,BDI,X,src_20260928_undl_ga-voting-2025-03-31-corr1
A/RES/ES-10/21,2023-10-27,BEL,Y,src_20260928_undl_ga-voting-2025-03-31-corr1
A/RES/ES-10/21,2023-10-27,BEN,X,src_20260928_undl_ga-voting-2025-03-31-corr1
A/RES/ES-10/21,2023-10-27,BFA,X,src_20260928_undl_ga-voting-2025-03-31-corr1
A/RES/ES-10/21,2023-10-27,BGD,Y,src_20260928_undl_ga-voting-2025-03-31-corr1
A/RES/ES-10/21,2023-10-27,BGR,A,src_20260928_undl_ga-voting-2025-03-31-corr1
A/RES/ES-10/21,2023-10-27,BHR,Y,src_20260928_undl_ga-voting-2025-03-31-corr1
A/RES/ES-10/21,2023-10-27,BHS,Y,src_20260928_undl_ga-voting-2025-03-31-corr1
A/RES/ES-10/21,2023-10-27,BIH,Y,src_20260928_undl_ga-voting-2025-03-31-corr1
A/RES/ES-10/21,2023-10-27,BLR,Y,src_20260928_undl_ga-voting-2025-03-31-corr1
A/RES/ES-10/21,2023-10-27,BLZ,Y,src_20260928_undl_ga-voting-2025-03-31-corr1
A/RES/ES-10/21,2023-10-27,BOL,Y,src_20260928_undl_ga-voting-2025-03-31-corr1
A/RES/ES-10/21,2023-10-27,BRA,Y,src_20260928_undl_ga-voting-2025-03-31-corr1
A/RES/ES-10/21,2023-10-27,BRB,Y,src_20260928_undl_ga-voting-2025-03-31-corr1
A/RES/ES-10/21,2023-10-27,BRN,Y,src_20260928_undl_ga-voting-2025-03-31-corr1
A/RES/ES-10/21,2023-10-27,BTN,Y,src_20260928_undl_ga-voting-2025-03-31-corr1
A/RES/ES-10/21,2023-10-27,BWA,Y,src_20260928_undl_ga-voting-2025-03-31-corr1
A/RES/ES-10/21,2023-10-27,CAF,Y,src_20260928_undl_ga-voting-2025-03-31-corr1
A/RES/ES-10/21,2023-10-27,CAN,A,src_20260928_undl_ga-voting-2025-03-31-corr1
A/RES/ES-10/21,2023-10-27,CHE,Y,src_20260928_undl_ga-voting-2025-03-31-corr1
A/RES/ES-10/21,2023-10-27,CHL,Y,src_20260928_undl_ga-voting-2025-03-31-corr1
A/RES/ES-10/21,2023-10-27,CHN,Y,src_20260928_undl_ga-voting-2025-03-31-corr1
A/RES/ES-10/21,2023-10-27,CIV,Y,src_20260928_undl_ga-voting-2025-03-31-corr1
A/RES/ES-10/21,2023-10-27,CMR,A,src_20260928_undl_ga-voting-2025-03-31-corr1
A/RES/ES-10/21,2023-10-27,COD,Y,src_20260928_undl_ga-voting-2025-03-31-corr1
A/RES/ES-10/21,2023-10-27,COG,Y,src_20260928_undl_ga-voting-2025-03-31-corr1
A/RES/ES-10/21,2023-10-27,COL,Y,src_20260928_undl_ga-voting-2025-03-31-corr1
A/RES/ES-10/21,2023-10-27,COM,Y,src_20260928_undl_ga-voting-2025-03-31-corr1
A/RES/ES-10/21,2023-10-27,CPV,A,src_20260928_undl_ga-voting-2025-03-31-corr1
A/RES/ES-10/21,2023-10-27,CRI,Y,src_20260928_undl_ga-voting-2025-03-31-corr1
A/RES/ES-10/21,2023-10-27,CUB,Y,src_20260928_undl_ga-voting-2025-03-31-corr1
A/RES/ES-10/21,2023-10-27,CYP,A,src_20260928_undl_ga-voting-2025-03-31-corr1
A/RES/ES-10/21,2023-10-27,CZE,N,src_20260928_undl_ga-voting-2025-03-31-corr1
A/RES/ES-10/21,2023-10-27,DEU,A,src_20260928_undl_ga-voting-2025-03-31-corr1
A/RES/ES-10/21,2023-10-27,DJI,Y,src_20260928_undl_ga-voting-2025-03-31-corr1
A/RES/ES-10/21,2023-10-27,DMA,Y,src_20260928_undl_ga-voting-2025-03-31-corr1
A/RES/ES-10/21,2023-10-27,DNK,A,src_20260928_undl_ga-voting-2025-03-31-corr1
A/RES/ES-10/21,2023-10-27,DOM,Y,src_20260928_undl_ga-voting-2025-03-31-corr1
A/RES/ES-10/21,2023-10-27,DZA,Y,src_20260928_undl_ga-voting-2025-03-31-corr1
A/RES/ES-10/21,2023-10-27,ECU,Y,src_20260928_undl_ga-voting-2025-03-31-corr1
A/RES/ES-10/21,2023-10-27,EGY,Y,src_20260928_undl_ga-voting-2025-03-31-corr1
A/RES/ES-10/21,2023-10-27,ERI,Y,src_20260928_undl_ga-voting-2025-03-31-corr1
A/RES/ES-10/21,2023-10-27,ESP,Y,src_20260928_undl_ga-voting-2025-03-31-corr1
A/RES/ES-10/21,2023-10-27,EST,A,src_20260928_undl_ga-voting-2025-03-31-corr1
A/RES/ES-10/21,2023-10-27,ETH,A,src_20260928_undl_ga-voting-2025-03-31-corr1
A/RES/ES-10/21,2023-10-27,FIN,A,src_20260928_undl_ga-voting-2025-03-31-corr1
A/RES/ES-10/21,2023-10-27,FJI,N,src_20260928_undl_ga-voting-2025-03-31-corr1
A/RES/ES-10/21,2023-10-27,FRA,Y,src_20260928_undl_ga-voting-2025-03-31-corr1
A/RES/ES-10/21,2023-10-27,FSM,N,src_20260928_undl_ga-voting-2025-03-31-corr1
A/RES/ES-10/21,2023-10-27,GAB,Y,src_20260928_undl_ga-voting-2025-03-31-corr1
A/RES/ES-10/21,2023-10-27,GBR,A,src_20260928_undl_ga-voting-2025-03-31-corr1
A/RES/ES-10/21,2023-10-27,GEO,A,src_20260928_undl_ga-voting-2025-03-31-corr1
A/RES/ES-10/21,2023-10-27,GHA,Y,src_20260928_undl_ga-voting-2025-03-31-corr1
A/RES/ES-10/21,2023-10-27,GIN,Y,src_20260928_undl_ga-voting-2025-03-31-corr1
A/RES/ES-10/21,2023-10-27,GMB,Y,src_20260928_undl_ga-voting-2025-03-31-corr1
A/RES/ES-10/21,2023-10-27,GNB,Y,src_20260928_undl_ga-voting-2025-03-31-corr1
A/RES/ES-10/21,2023-10-27,GNQ,Y,src_20260928_undl_ga-voting-2025-03-31-corr1
A/RES/ES-10/21,2023-10-27,GRC,A,src_20260928_undl_ga-voting-2025-03-31-corr1
A/RES/ES-10/21,2023-10-27,GRD,Y,src_20260928_undl_ga-voting-2025-03-31-corr1
A/RES/ES-10/21,2023-10-27,GTM,N,src_20260928_undl_ga-voting-2025-03-31-corr1
A/RES/ES-10/21,2023-10-27,GUY,Y,src_20260928_undl_ga-voting-2025-03-31-corr1
A/RES/ES-10/21,2023-10-27,HND,Y,src_20260928_undl_ga-voting-2025-03-31-corr1
A/RES/ES-10/21,2023-10-27,HRV,N,src_20260928_undl_ga-voting-2025-03-31-corr1
A/RES/ES-10/21,2023-10-27,HTI,A,src_20260928_undl_ga-voting-2025-03-31-corr1
A/RES/ES-10/21,2023-10-27,HUN,N,src_20260928_undl_ga-voting-2025-03-31-corr1
A/RES/ES-10/21,2023-10-27,IDN,Y,src_20260928_undl_ga-voting-2025-03-31-corr1
A/RES/ES-10/21,2023-10-27,IND,A,src_20260928_undl_ga-voting-2025-03-31-corr1
A/RES/ES-10/21,2023-10-27,IRL,Y,src_20260928_undl_ga-voting-2025-03-31-corr1
A/RES/ES-10/21,2023-10-27,IRN,Y,src_20260928_undl_ga-voting-2025-03-31-corr1
A/RES/ES-10/21,2023-10-27,IRQ,A,src_20260928_undl_ga-voting-2025-03-31-corr1
A/RES/ES-10/21,2023-10-27,ISL,A,src_20260928_undl_ga-voting-2025-03-31-corr1
A/RES/ES-10/21,2023-10-27,ISR,N,src_20260928_undl_ga-voting-2025-03-31-corr1
A/RES/ES-10/21,2023-10-27,ITA,A,src_20260928_undl_ga-voting-2025-03-31-corr1
A/RES/ES-10/21,2023-10-27,JAM,X,src_20260928_undl_ga-voting-2025-03-31-corr1
A/RES/ES-10/21,2023-10-27,JOR,Y,src_20260928_undl_ga-voting-2025-03-31-corr1
A/RES/ES-10/21,2023-10-27,JPN,A,src_20260928_undl_ga-voting-2025-03-31-corr1
A/RES/ES-10/21,2023-10-27,KAZ,Y,src_20260928_undl_ga-voting-2025-03-31-corr1
A/RES/ES-10/21,2023-10-27,KEN,Y,src_20260928_undl_ga-voting-2025-03-31-corr1
A/RES/ES-10/21,2023-10-27,KGZ,Y,src_20260928_undl_ga-voting-2025-03-31-corr1
A/RES/ES-10/21,2023-10-27,KHM,X,src_20260928_undl_ga-voting-2025-03-31-corr1
A/RES/ES-10/21,2023-10-27,KIR,A,src_20260928_undl_ga-voting-2025-03-31-corr1
A/RES/ES-10/21,2023-10-27,KNA,Y,src_20260928_undl_ga-voting-2025-03-31-corr1
A/RES/ES-10/21,2023-10-27,KOR,A,src_20260928_undl_ga-voting-2025-03-31-corr1
A/RES/ES-10/21,2023-10-27,KWT,Y,src_20260928_undl_ga-voting-2025-03-31-corr1
A/RES/ES-10/21,2023-10-27,LAO,Y,src_20260928_undl_ga-voting-2025-03-31-corr1
A/RES/ES-10/21,2023-10-27,LBN,Y,src_20260928_undl_ga-voting-2025-03-31-corr1
A/RES/ES-10/21,2023-10-27,LBR,X,src_20260928_undl_ga-voting-2025-03-31-corr1
A/RES/ES-10/21,2023-10-27,LBY,Y,src_20260928_undl_ga-voting-2025-03-31-corr1
A/RES/ES-10/21,2023-10-27,LCA,Y,src_20260928_undl_ga-voting-2025-03-31-corr1
A/RES/ES-10/21,2023-10-27,LIE,Y,src_20260928_undl_ga-voting-2025-03-31-corr1
A/RES/ES-10/21,2023-10-27,LKA,Y,src_20260928_undl_ga-voting-2025-03-31-corr1
A/RES/ES-10/21,2023-10-27,LSO,Y,src_20260928_undl_ga-voting-2025-03-31-corr1
A/RES/ES-10/21,2023-10-27,LTU,A,src_20260928_undl_ga-voting-2025-03-31-corr1
A/RES/ES-10/21,2023-10-27,LUX,Y,src_20260928_undl_ga-voting-2025-03-31-corr1
A/RES/ES-10/21,2023-10-27,LVA,A,src_20260928_undl_ga-voting-2025-03-31-corr1
A/RES/ES-10/21,2023-10-27,MAR,Y,src_20260928_undl_ga-voting-2025-03-31-corr1
A/RES/ES-10/21,2023-10-27,MCO,A,src_20260928_undl_ga-voting-2025-03-31-corr1
A/RES/ES-10/21,2023-10-27,MDA,A,src_20260928_undl_ga-voting-2025-03-31-corr1
A/RES/ES-10/21,2023-10-27,MDG,Y,src_20260928_undl_ga-voting-2025-03-31-corr1
A/RES/ES-10/21,2023-10-27,MDV,Y,src_20260928_undl_ga-voting-2025-03-31-corr1
A/RES/ES-10/21,2023-10-27,MEX,Y,src_20260928_undl_ga-voting-2025-03-31-corr1
A/RES/ES-10/21,2023-10-27,MHL,N,src_20260928_undl_ga-voting-2025-03-31-corr1
A/RES/ES-10/21,2023-10-27,MKD,A,src_20260928_undl_ga-voting-2025-03-31-corr1
A/RES/ES-10/21,2023-10-27,MLI,Y,src_20260928_undl_ga-voting-2025-03-31-corr1
A/RES/ES-10/21,2023-10-27,MLT,Y,src_20260928_undl_ga-voting-2025-03-31-corr1
A/RES/ES-10/21,2023-10-27,MMR,Y,src_20260928_undl_ga-voting-2025-03-31-corr1
A/RES/ES-10/21,2023-10-27,MNE,Y,src_20260928_undl_ga-voting-2025-03-31-corr1
A/RES/ES-10/21,2023-10-27,MNG,Y,src_20260928_undl_ga-voting-2025-03-31-corr1
A/RES/ES-10/21,2023-10-27,MOZ,Y,src_20260928_undl_ga-voting-2025-03-31-corr1
A/RES/ES-10/21,2023-10-27,MRT,Y,src_20260928_undl_ga-voting-2025-03-31-corr1
A/RES/ES-10/21,2023-10-27,MUS,Y,src_20260928_undl_ga-voting-2025-03-31-corr1
A/RES/ES-10/21,2023-10-27,MWI,Y,src_20260928_undl_ga-voting-2025-03-31-corr1
A/RES/ES-10/21,2023-10-27,MYS,Y,src_20260928_undl_ga-voting-2025-03-31-corr1
A/RES/ES-10/21,2023-10-27,NAM,Y,src_20260928_undl_ga-voting-2025-03-31-corr1
A/RES/ES-10/21,2023-10-27,NER,Y,src_20260928_undl_ga-voting-2025-03-31-corr1
A/RES/ES-10/21,2023-10-27,NGA,Y,src_20260928_undl_ga-voting-2025-03-31-corr1
A/RES/ES-10/21,2023-10-27,NIC,Y,src_20260928_undl_ga-voting-2025-03-31-corr1
A/RES/ES-10/21,2023-10-27,NLD,A,src_20260928_undl_ga-voting-2025-03-31-corr1
A/RES/ES-10/21,2023-10-27,NOR,Y,src_20260928_undl_ga-voting-2025-03-31-corr1
A/RES/ES-10/21,2023-10-27,NPL,Y,src_20260928_undl_ga-voting-2025-03-31-corr1
A/RES/ES-10/21,2023-10-27,NRU,N,src_20260928_undl_ga-voting-2025-03-31-corr1
A/RES/ES-10/21,2023-10-27,NZL,Y,src_20260928_undl_ga-voting-2025-03-31-corr1
A/RES/ES-10/21,2023-10-27,OMN,Y,src_20260928_undl_ga-voting-2025-03-31-corr1
A/RES/ES-10/21,2023-10-27,PAK,Y,src_20260928_undl_ga-voting-2025-03-31-corr1
A/RES/ES-10/21,2023-10-27,PAN,A,src_20260928_undl_ga-voting-2025-03-31-corr1
A/RES/ES-10/21,2023-10-27,PER,Y,src_20260928_undl_ga-voting-2025-03-31-corr1
A/RES/ES-10/21,2023-10-27,PHL,A,src_20260928_undl_ga-voting-2025-03-31-corr1
A/RES/ES-10/21,2023-10-27,PLW,A,src_20260928_undl_ga-voting-2025-03-31-corr1
A/RES/ES-10/21,2023-10-27,PNG,N,src_20260928_undl_ga-voting-2025-03-31-corr1
A/RES/ES-10/21,2023-10-27,POL,A,src_20260928_undl_ga-voting-2025-03-31-corr1
A/RES/ES-10/21,2023-10-27,PRK,Y,src_20260928_undl_ga-voting-2025-03-31-corr1
A/RES/ES-10/21,2023-10-27,PRT,Y,src_20260928_undl_ga-voting-2025-03-31-corr1
A/RES/ES-10/21,2023-10-27,PRY,N,src_20260928_undl_ga-voting-2025-03-31-corr1
A/RES/ES-10/21,2023-10-27,QAT,Y,src_20260928_undl_ga-voting-2025-03-31-corr1
A/RES/ES-10/21,2023-10-27,ROU,A,src_20260928_undl_ga-voting-2025-03-31-corr1
A/RES/ES-10/21,2023-10-27,RUS,Y,src_20260928_undl_ga-voting-2025-03-31-corr1
A/RES/ES-10/21,2023-10-27,RWA,X,src_20260928_undl_ga-voting-2025-03-31-corr1
A/RES/ES-10/21,2023-10-27,SAU,Y,src_20260928_undl_ga-voting-2025-03-31-corr1
A/RES/ES-10/21,2023-10-27,SDN,Y,src_20260928_undl_ga-voting-2025-03-31-corr1
A/RES/ES-10/21,2023-10-27,SEN,Y,src_20260928_undl_ga-voting-2025-03-31-corr1
A/RES/ES-10/21,2023-10-27,SGP,Y,src_20260928_undl_ga-voting-2025-03-31-corr1
A/RES/ES-10/21,2023-10-27,SLB,Y,src_20260928_undl_ga-voting-2025-03-31-corr1
A/RES/ES-10/21,2023-10-27,SLE,Y,src_20260928_undl_ga-voting-2025-03-31-corr1
A/RES/ES-10/21,2023-10-27,SLV,Y,src_20260928_undl_ga-voting-2025-03-31-corr1
A/RES/ES-10/21,2023-10-27,SMR,A,src_20260928_undl_ga-voting-2025-03-31-corr1
A/RES/ES-10/21,2023-10-27,SOM,Y,src_20260928_undl_ga-voting-2025-03-31-corr1
A/RES/ES-10/21,2023-10-27,SRB,A,src_20260928_undl_ga-voting-2025-03-31-corr1
A/RES/ES-10/21,2023-10-27,SSD,A,src_20260928_undl_ga-voting-2025-03-31-corr1
A/RES/ES-10/21,2023-10-27,STP,X,src_20260928_undl_ga-voting-2025-03-31-corr1
A/RES/ES-10/21,2023-10-27,SUR,Y,src_20260928_undl_ga-voting-2025-03-31-corr1
A/RES/ES-10/21,2023-10-27,SVK,A,src_20260928_undl_ga-voting-2025-03-31-corr1
A/RES/ES-10/21,2023-10-27,SVN,Y,src_20260928_undl_ga-voting-2025-03-31-corr1
A/RES/ES-10/21,2023-10-27,SWE,A,src_20260928_undl_ga-voting-2025-03-31-corr1
A/RES/ES-10/21,2023-10-27,SWZ,X,src_20260928_undl_ga-voting-2025-03-31-corr1
A/RES/ES-10/21,2023-10-27,SYC,X,src_20260928_undl_ga-voting-2025-03-31-corr1
A/RES/ES-10/21,2023-10-27,SYR,Y,src_20260928_undl_ga-voting-2025-03-31-corr1
A/RES/ES-10/21,2023-10-27,TCD,Y,src_20260928_undl_ga-voting-2025-03-31-corr1
A/RES/ES-10/21,2023-10-27,TGO,X,src_20260928_undl_ga-voting-2025-03-31-corr1
A/RES/ES-10/21,2023-10-27,THA,Y,src_20260928_undl_ga-voting-2025-03-31-corr1
A/RES/ES-10/21,2023-10-27,TJK,Y,src_20260928_undl_ga-voting-2025-03-31-corr1
A/RES/ES-10/21,2023-10-27,TKM,X,src_20260928_undl_ga-voting-2025-03-31-corr1
A/RES/ES-10/21,2023-10-27,TLS,Y,src_20260928_undl_ga-voting-2025-03-31-corr1
A/RES/ES-10/21,2023-10-27,TON,N,src_20260928_undl_ga-voting-2025-03-31-corr1
A/RES/ES-10/21,2023-10-27,TTO,Y,src_20260928_undl_ga-voting-2025-03-31-corr1
A/RES/ES-10/21,2023-10-27,TUN,A,src_20260928_undl_ga-voting-2025-03-31-corr1
A/RES/ES-10/21,2023-10-27,TUR,Y,src_20260928_undl_ga-voting-2025-03-31-corr1
A/RES/ES-10/21,2023-10-27,TUV,A,src_20260928_undl_ga-voting-2025-03-31-corr1
A/RES/ES-10/21,2023-10-27,TZA,Y,src_20260928_undl_ga-voting-2025-03-31-corr1
A/RES/ES-10/21,2023-10-27,UGA,Y,src_20260928_undl_ga-voting-2025-03-31-corr1
A/RES/ES-10/21,2023-10-27,UKR,A,src_20260928_undl_ga-voting-2025-03-31-corr1
A/RES/ES-10/21,2023-10-27,URY,A,src_20260928_undl_ga-voting-2025-03-31-corr1
A/RES/ES-10/21,2023-10-27,USA,N,src_20260928_undl_ga-voting-2025-03-31-corr1
A/RES/ES-10/21,2023-10-27,UZB,Y,src_20260928_undl_ga-voting-2025-03-31-corr1
A/RES/ES-10/21,2023-10-27,VCT,Y,src_20260928_undl_ga-voting-2025-03-31-corr1
A/RES/ES-10/21,2023-10-27,VEN,X,src_20260928_undl_ga-voting-2025-03-31-corr1
A/RES/ES-10/21,2023-10-27,VNM,Y,src_20260928_undl_ga-voting-2025-03-31-corr1
A/RES/ES-10/21,2023-10-27,VUT,A,src_20260928_undl_ga-voting-2025-03-31-corr1
A/RES/ES-10/21,2023-10-27,WSM,X,src_20260928_undl_ga-voting-2025-03-31-corr1
A/RES/ES-10/21,2023-10-27,YEM,Y,src_20260928_undl_ga-voting-2025-03-31-corr1
A/RES/ES-10/21,2023-10-27,ZAF,Y,src_20260928_undl_ga-voting-2025-03-31-corr1
A/RES/ES-10/21,2023-10-27,ZMB,A,src_20260928_undl_ga-voting-2025-03-31-corr1
A/RES/ES-10/21,2023-10-27,ZWE,Y,src_20260928_undl_ga-voting-2025-03-31-corr1
A/RES/ES-10/22,2023-12-12,AFG,Y,src_20260928_undl_ga-voting-2025-03-31-corr1
A/RES/ES-10/22,2023-12-12,AGO,Y,src_20260928_undl_ga-voting-2025-03-31-corr1
A/RES/ES-10/22,2023-12-12,ALB,Y,src_20260928_undl_ga-voting-2025-03-31-corr1
A/RES/ES-10/22,2023-12-12,AND,Y,src_20260928_undl_ga-voting-2025-03-31-corr1
A/RES/ES-10/22,2023-12-12,ARE,Y,src_20260928_undl_ga-voting-2025-03-31-corr1
A/RES/ES-10/22,2023-12-12,ARG,A,src_20260928_undl_ga-voting-2025-03-31-corr1
A/RES/ES-10/22,2023-12-12,ARM,Y,src_20260928_undl_ga-voting-2025-03-31-corr1
A/RES/ES-10/22,2023-12-12,ATG,Y,src_20260928_undl_ga-voting-2025-03-31-corr1
A/RES/ES-10/22,2023-12-12,AUS,Y,src_20260928_undl_ga-voting-2025-03-31-corr1
A/RES/ES-10/22,2023-12-12,AUT,N,src_20260928_undl_ga-voting-2025-03-31-corr1
A/RES/ES-10/22,2023-12-12,AZE,Y,src_20260928_undl_ga-voting-2025-03-31-corr1
A/RES/ES-10/22,2023-12-12,BDI,Y,src_20260928_undl_ga-voting-2025-03-31-corr1
A/RES/ES-10/22,2023-12-12,BEL,Y,src_20260928_undl_ga-voting-2025-03-31-corr1
A/RES/ES-10/22,2023-12-12,BEN,Y,src_20260928_undl_ga-voting-2025-03-31-corr1
A/RES/ES-10/22,2023-12-12,BFA,X,src_20260928_undl_ga-voting-2025-03-31-corr1
A/RES/ES-10/22,2023-12-12,BGD,Y,src_20260928_undl_ga-voting-2025-03-31-corr1
A/RES/ES-10/22,2023-12-12,BGR,A,src_20260928_undl_ga-voting-2025-03-31-corr1
A/RES/ES-10/22,2023-12-12,BHR,Y,src_20260928_undl_ga-voting-2025-03-31-corr1
A/RES/ES-10/22,2023-12-12,BHS,Y,src_20260928_undl_ga-voting-2025-03-31-corr1
A/RES/ES-10/22,2023-12-12,BIH,Y,src_20260928_undl_ga-voting-2025-03-31-corr1
A/RES/ES-10/22,2023-12-12,BLR,Y,src_20260928_undl_ga-voting-2025-03-31-corr1
A/RES/ES-10/22,2023-12-12,BLZ,Y,src_20260928_undl_ga-voting-2025-03-31-corr1
A/RES/ES-10/22,2023-12-12,BOL,Y,src_20260928_undl_ga-voting-2025-03-31-corr1
A/RES/ES-10/22,2023-12-12,BRA,Y,src_20260928_undl_ga-voting-2025-03-31-corr1
A/RES/ES-10/22,2023-12-12,BRB,Y,src_20260928_undl_ga-voting-2025-03-31-corr1
A/RES/ES-10/22,2023-12-12,BRN,Y,src_20260928_undl_ga-voting-2025-03-31-corr1
A/RES/ES-10/22,2023-12-12,BTN,Y,src_20260928_undl_ga-voting-2025-03-31-corr1
A/RES/ES-10/22,2023-12-12,BWA,Y,src_20260928_undl_ga-voting-2025-03-31-corr1
A/RES/ES-10/22,2023-12-12,CAF,Y,src_20260928_undl_ga-voting-2025-03-31-corr1
A/RES/ES-10/22,2023-12-12,CAN,Y,src_20260928_undl_ga-voting-2025-03-31-corr1
A/RES/ES-10/22,2023-12-12,CHE,Y,src_20260928_undl_ga-voting-2025-03-31-corr1
A/RES/ES-10/22,2023-12-12,CHL,Y,src_20260928_undl_ga-voting-2025-03-31-corr1
A/RES/ES-10/22,2023-12-12,CHN,Y,src_20260928_undl_ga-voting-2025-03-31-corr1
A/RES/ES-10/22,2023-12-12,CIV,Y,src_20260928_undl_ga-voting-2025-03-31-corr1
A/RES/ES-10/22,2023-12-12,CMR,A,src_20260928_undl_ga-voting-2025-03-31-corr1
A/RES/ES-10/22,2023-12-12,COD,Y,src_20260928_undl_ga-voting-2025-03-31-corr1
A/RES/ES-10/22,2023-12-12,COG,Y,src_20260928_undl_ga-voting-2025-03-31-corr1
A/RES/ES-10/22,2023-12-12,COL,Y,src_20260928_undl_ga-voting-2025-03-31-corr1
A/RES/ES-10/22,2023-12-12,COM,Y,src_20260928_undl_ga-voting-2025-03-31-corr1
A/RES/ES-10/22,2023-12-12,CPV,A,src_20260928_undl_ga-voting-2025-03-31-corr1
A/RES/ES-10/22,2023-12-12,CRI,Y,src_20260928_undl_ga-voting-2025-03-31-corr1
A/RES/ES-10/22,2023-12-12,CUB,Y,src_20260928_undl_ga-voting-2025-03-31-corr1
A/RES/ES-10/22,2023-12-12,CYP,Y,src_20260928_undl_ga-voting-2025-03-31-corr1
A/RES/ES-10/22,2023-12-12,CZE,N,src_20260928_undl_ga-voting-2025-03-31-corr1
A/RES/ES-10/22,2023-12-12,DEU,A,src_20260928_undl_ga-voting-2025-03-31-corr1
A/RES/ES-10/22,2023-12-12,DJI,Y,src_20260928_undl_ga-voting-2025-03-31-corr1
A/RES/ES-10/22,2023-12-12,DMA,Y,src_20260928_undl_ga-voting-2025-03-31-corr1
A/RES/ES-10/22,2023-12-12,DNK,Y,src_20260928_undl_ga-voting-2025-03-31-corr1
A/RES/ES-10/22,2023-12-12,DOM,Y,src_20260928_undl_ga-voting-2025-03-31-corr1
A/RES/ES-10/22,2023-12-12,DZA,Y,src_20260928_undl_ga-voting-2025-03-31-corr1
A/RES/ES-10/22,2023-12-12,ECU,Y,src_20260928_undl_ga-voting-2025-03-31-corr1
A/RES/ES-10/22,2023-12-12,EGY,Y,src_20260928_undl_ga-voting-2025-03-31-corr1
A/RES/ES-10/22,2023-12-12,ERI,Y,src_20260928_undl_ga-voting-2025-03-31-corr1
A/RES/ES-10/22,2023-12-12,ESP,Y,src_20260928_undl_ga-voting-2025-03-31-corr1
A/RES/ES-10/22,2023-12-12,EST,Y,src_20260928_undl_ga-voting-2025-03-31-corr1
A/RES/ES-10/22,2023-12-12,ETH,Y,src_20260928_undl_ga-voting-2025-03-31-corr1
A/RES/ES-10/22,2023-12-12,FIN,Y,src_20260928_undl_ga-voting-2025-03-31-corr1
A/RES/ES-10/22,2023-12-12,FJI,Y,src_20260928_undl_ga-voting-2025-03-31-corr1
A/RES/ES-10/22,2023-12-12,FRA,Y,src_20260928_undl_ga-voting-2025-03-31-corr1
A/RES/ES-10/22,2023-12-12,FSM,N,src_20260928_undl_ga-voting-2025-03-31-corr1
A/RES/ES-10/22,2023-12-12,GAB,Y,src_20260928_undl_ga-voting-2025-03-31-corr1
A/RES/ES-10/22,2023-12-12,GBR,A,src_20260928_undl_ga-voting-2025-03-31-corr1
A/RES/ES-10/22,2023-12-12,GEO,A,src_20260928_undl_ga-voting-2025-03-31-corr1
A/RES/ES-10/22,2023-12-12,GHA,Y,src_20260928_undl_ga-voting-2025-03-31-corr1
A/RES/ES-10/22,2023-12-12,GIN,Y,src_20260928_undl_ga-voting-2025-03-31-corr1
A/RES/ES-10/22,2023-12-12,GMB,Y,src_20260928_undl_ga-voting-2025-03-31-corr1
A/RES/ES-10/22,2023-12-12,GNB,Y,src_20260928_undl_ga-voting-2025-03-31-corr1
A/RES/ES-10/22,2023-12-12,GNQ,A,src_20260928_undl_ga-voting-2025-03-31-corr1
A/RES/ES-10/22,2023-12-12,GRC,Y,src_20260928_undl_ga-voting-2025-03-31-corr1
A/RES/ES-10/22,2023-12-12,GRD,Y,src_20260928_undl_ga-voting-2025-03-31-corr1
A/RES/ES-10/22,2023-12-12,GTM,N,src_20260928_undl_ga-voting-2025-03-31-corr1
A/RES/ES-10/22,2023-12-12,GUY,Y,src_20260928_undl_ga-voting-2025-03-31-corr1
A/RES/ES-10/22,2023-12-12,HND,Y,src_20260928_undl_ga-voting-2025-03-31-corr1
A/RES/ES-10/22,2023-12-12,HRV,Y,src_20260928_undl_ga-voting-2025-03-31-corr1
A/RES/ES-10/22,2023-12-12,HTI,X,src_20260928_undl_ga-voting-2025-03-31-corr1
A/RES/ES-10/22,2023-12-12,HUN,A,src_20260928_undl_ga-voting-2025-03-31-corr1
A/RES/ES-10/22,2023-12-12,IDN,Y,src_20260928_undl_ga-voting-2025-03-31-corr1
A/RES/ES-10/22,2023-12-12,IND,Y,src_20260928_undl_ga-voting-2025-03-31-corr1
A/RES/ES-10/22,2023-12-12,IRL,Y,src_20260928_undl_ga-voting-2025-03-31-corr1
A/RES/ES-10/22,2023-12-12,IRN,Y,src_20260928_undl_ga-voting-2025-03-31-corr1
A/RES/ES-10/22,2023-12-12,IRQ,Y,src_20260928_undl_ga-voting-2025-03-31-corr1
A/RES/ES-10/22,2023-12-12,ISL,Y,src_20260928_undl_ga-voting-2025-03-31-corr1
A/RES/ES-10/22,2023-12-12,ISR,N,src_20260928_undl_ga-voting-2025-03-31-corr1
A/RES/ES-10/22,2023-12-12,ITA,A,src_20260928_undl_ga-voting-2025-03-31-corr1
A/RES/ES-10/22,2023-12-12,JAM,Y,src_20260928_undl_ga-voting-2025-03-31-corr1
A/RES/ES-10/22,2023-12-12,JOR,Y,src_20260928_undl_ga-voting-2025-03-31-corr1
A/RES/ES-10/22,2023-12-12,JPN,Y,src_20260928_undl_ga-voting-2025-03-31-corr1
A/RES/ES-10/22,2023-12-12,KAZ,Y,src_20260928_undl_ga-voting-2025-03-31-corr1
A/RES/ES-10/22,2023-12-12,KEN,Y,src_20260928_undl_ga-voting-2025-03-31-corr1
A/RES/ES-10/22,2023-12-12,KGZ,Y,src_20260928_undl_ga-voting-2025-03-31-corr1
A/RES/ES-10/22,2023-12-12,KHM,Y,src_20260928_undl_ga-voting-2025-03-31-corr1
A/RES/ES-10/22,2023-12-12,KIR,X,src_20260928_undl_ga-voting-2025-03-31-corr1
A/RES/ES-10/22,2023-12-12,KNA,Y,src_20260928_undl_ga-voting-2025-03-31-corr1
A/RES/ES-10/22,2023-12-12,KOR,Y,src_20260928_undl_ga-voting-2025-03-31-corr1
A/RES/ES-10/22,2023-12-12,KWT,Y,src_20260928_undl_ga-voting-2025-03-31-corr1
A/RES/ES-10/22,2023-12-12,LAO,Y,src_20260928_undl_ga-voting-2025-03-31-corr1
A/RES/ES-10/22,2023-12-12,LBN,Y,src_20260928_undl_ga-voting-2025-03-31-corr1
A/RES/ES-10/22,2023-12-12,LBR,N,src_20260928_undl_ga-voting-2025-03-31-corr1
A/RES/ES-10/22,2023-12-12,LBY,Y,src_20260928_undl_ga-voting-2025-03-31-corr1
A/RES/ES-10/22,2023-12-12,LCA,Y,src_20260928_undl_ga-voting-2025-03-31-corr1
A/RES/ES-10/22,2023-12-12,LIE,Y,src_20260928_undl_ga-voting-2025-03-31-corr1
A/RES/ES-10/22,2023-12-12,LKA,Y,src_20260928_undl_ga-voting-2025-03-31-corr1
A/RES/ES-10/22,2023-12-12,LSO,Y,src_20260928_undl_ga-voting-2025-03-31-corr1
A/RES/ES-10/22,2023-12-12,LTU,A,src_20260928_undl_ga-voting-2025-03-31-corr1
A/RES/ES-10/22,2023-12-12,LUX,Y,src_20260928_undl_ga-voting-2025-03-31-corr1
A/RES/ES-10/22,2023-12-12,LVA,Y,src_20260928_undl_ga-voting-2025-03-31-corr1
A/RES/ES-10/22,2023-12-12,MAR,Y,src_20260928_undl_ga-voting-2025-03-31-corr1
A/RES/ES-10/22,2023-12-12,MCO,Y,src_20260928_undl_ga-voting-2025-03-31-corr1
A/RES/ES-10/22,2023-12-12,MDA,Y,src_20260928_undl_ga-voting-2025-03-31-corr1
A/RES/ES-10/22,2023-12-12,MDG,Y,src_20260928_undl_ga-voting-2025-03-31-corr1
A/RES/ES-10/22,2023-12-12,MDV,Y,src_20260928_undl_ga-voting-2025-03-31-corr1
A/RES/ES-10/22,2023-12-12,MEX,Y,src_20260928_undl_ga-voting-2025-03-31-corr1
A/RES/ES-10/22,2023-12-12,MHL,A,src_20260928_undl_ga-voting-2025-03-31-corr1
A/RES/ES-10/22,2023-12-12,MKD,Y,src_20260928_undl_ga-voting-2025-03-31-corr1
A/RES/ES-10/22,2023-12-12,MLI,Y,src_20260928_undl_ga-voting-2025-03-31-corr1
A/RES/ES-10/22,2023-12-12,MLT,Y,src_20260928_undl_ga-voting-2025-03-31-corr1
A/RES/ES-10/22,2023-12-12,MMR,Y,src_20260928_undl_ga-voting-2025-03-31-corr1
A/RES/ES-10/22,2023-12-12,MNE,Y,src_20260928_undl_ga-voting-2025-03-31-corr1
A/RES/ES-10/22,2023-12-12,MNG,Y,src_20260928_undl_ga-voting-2025-03-31-corr1
A/RES/ES-10/22,2023-12-12,MOZ,Y,src_20260928_undl_ga-voting-2025-03-31-corr1
A/RES/ES-10/22,2023-12-12,MRT,Y,src_20260928_undl_ga-voting-2025-03-31-corr1
A/RES/ES-10/22,2023-12-12,MUS,Y,src_20260928_undl_ga-voting-2025-03-31-corr1
A/RES/ES-10/22,2023-12-12,MWI,A,src_20260928_undl_ga-voting-2025-03-31-corr1
A/RES/ES-10/22,2023-12-12,MYS,Y,src_20260928_undl_ga-voting-2025-03-31-corr1
A/RES/ES-10/22,2023-12-12,NAM,Y,src_20260928_undl_ga-voting-2025-03-31-corr1
A/RES/ES-10/22,2023-12-12,NER,Y,src_20260928_undl_ga-voting-2025-03-31-corr1
A/RES/ES-10/22,2023-12-12,NGA,Y,src_20260928_undl_ga-voting-2025-03-31-corr1
A/RES/ES-10/22,2023-12-12,NIC,Y,src_20260928_undl_ga-voting-2025-03-31-corr1
A/RES/ES-10/22,2023-12-12,NLD,A,src_20260928_undl_ga-voting-2025-03-31-corr1
A/RES/ES-10/22,2023-12-12,NOR,Y,src_20260928_undl_ga-voting-2025-03-31-corr1
A/RES/ES-10/22,2023-12-12,NPL,Y,src_20260928_undl_ga-voting-2025-03-31-corr1
A/RES/ES-10/22,2023-12-12,NRU,N,src_20260928_undl_ga-voting-2025-03-31-corr1
A/RES/ES-10/22,2023-12-12,NZL,Y,src_20260928_undl_ga-voting-2025-03-31-corr1
A/RES/ES-10/22,2023-12-12,OMN,Y,src_20260928_undl_ga-voting-2025-03-31-corr1
A/RES/ES-10/22,2023-12-12,PAK,Y,src_20260928_undl_ga-voting-2025-03-31-corr1
A/RES/ES-10/22,2023-12-12,PAN,A,src_20260928_undl_ga-voting-2025-03-31-corr1
A/RES/ES-10/22,2023-12-12,PER,Y,src_20260928_undl_ga-voting-2025-03-31-corr1
A/RES/ES-10/22,2023-12-12,PHL,Y,src_20260928_undl_ga-voting-2025-03-31-corr1
A/RES/ES-10/22,2023-12-12,PLW,A,src_20260928_undl_ga-voting-2025-03-31-corr1
A/RES/ES-10/22,2023-12-12,PNG,N,src_20260928_undl_ga-voting-2025-03-31-corr1
A/RES/ES-10/22,2023-12-12,POL,Y,src_20260928_undl_ga-voting-2025-03-31-corr1
A/RES/ES-10/22,2023-12-12,PRK,Y,src_20260928_undl_ga-voting-2025-03-31-corr1
A/RES/ES-10/22,2023-12-12,PRT,Y,src_20260928_undl_ga-voting-2025-03-31-corr1
A/RES/ES-10/22,2023-12-12,PRY,N,src_20260928_undl_ga-voting-2025-03-31-corr1
A/RES/ES-10/22,2023-12-12,QAT,Y,src_20260928_undl_ga-voting-2025-03-31-corr1
A/RES/ES-10/22,2023-12-12,ROU,A,src_20260928_undl_ga-voting-2025-03-31-corr1
A/RES/ES-10/22,2023-12-12,RUS,Y,src_20260928_undl_ga-voting-2025-03-31-corr1
A/RES/ES-10/22,2023-12-12,RWA,Y,src_20260928_undl_ga-voting-2025-03-31-corr1
A/RES/ES-10/22,2023-12-12,SAU,Y,src_20260928_undl_ga-voting-2025-03-31-corr1
A/RES/ES-10/22,2023-12-12,SDN,Y,src_20260928_undl_ga-voting-2025-03-31-corr1
A/RES/ES-10/22,2023-12-12,SEN,Y,src_20260928_undl_ga-voting-2025-03-31-corr1
A/RES/ES-10/22,2023-12-12,SGP,Y,src_20260928_undl_ga-voting-2025-03-31-corr1
A/RES/ES-10/22,2023-12-12,SLB,Y,src_20260928_undl_ga-voting-2025-03-31-corr1
A/RES/ES-10/22,2023-12-12,SLE,Y,src_20260928_undl_ga-voting-2025-03-31-corr1
A/RES/ES-10/22,2023-12-12,SLV,Y,src_20260928_undl_ga-voting-2025-03-31-corr1
A/RES/ES-10/22,2023-12-12,SMR,Y,src_20260928_undl_ga-voting-2025-03-31-corr1
A/RES/ES-10/22,2023-12-12,SOM,Y,src_20260928_undl_ga-voting-2025-03-31-corr1
A/RES/ES-10/22,2023-12-12,SRB,Y,src_20260928_undl_ga-voting-2025-03-31-corr1
A/RES/ES-10/22,2023-12-12,SSD,A,src_20260928_undl_ga-voting-2025-03-31-corr1
A/RES/ES-10/22,2023-12-12,STP,X,src_20260928_undl_ga-voting-2025-03-31-corr1
A/RES/ES-10/22,2023-12-12,SUR,Y,src_20260928_undl_ga-voting-2025-03-31-corr1
A/RES/ES-10/22,2023-12-12,SVK,A,src_20260928_undl_ga-voting-2025-03-31-corr1
A/RES/ES-10/22,2023-12-12,SVN,Y,src_20260928_undl_ga-voting-2025-03-31-corr1
A/RES/ES-10/22,2023-12-12,SWE,Y,src_20260928_undl_ga-voting-2025-03-31-corr1
A/RES/ES-10/22,2023-12-12,SWZ,X,src_20260928_undl_ga-voting-2025-03-31-corr1
A/RES/ES-10/22,2023-12-12,SYC,Y,src_20260928_undl_ga-voting-2025-03-31-corr1
A/RES/ES-10/22,2023-12-12,SYR,Y,src_20260928_undl_ga-voting-2025-03-31-corr1
A/RES/ES-10/22,2023-12-12,TCD,Y,src_20260928_undl_ga-voting-2025-03-31-corr1
A/RES/ES-10/22,2023-12-12,TGO,A,src_20260928_undl_ga-voting-2025-03-31-corr1
A/RES/ES-10/22,2023-12-12,THA,Y,src_20260928_undl_ga-voting-2025-03-31-corr1
A/RES/ES-10/22,2023-12-12,TJK,Y,src_20260928_undl_ga-voting-2025-03-31-corr1
A/RES/ES-10/22,2023-12-12,TKM,X,src_20260928_undl_ga-voting-2025-03-31-corr1
A/RES/ES-10/22,2023-12-12,TLS,Y,src_20260928_undl_ga-voting-2025-03-31-corr1
A/RES/ES-10/22,2023-12-12,TON,A,src_20260928_undl_ga-voting-2025-03-31-corr1
A/RES/ES-10/22,2023-12-12,TTO,Y,src_20260928_undl_ga-voting-2025-03-31-corr1
A/RES/ES-10/22,2023-12-12,TUN,Y,src_20260928_undl_ga-voting-2025-03-31-corr1
A/RES/ES-10/22,2023-12-12,TUR,Y,src_20260928_undl_ga-voting-2025-03-31-corr1
A/RES/ES-10/22,2023-12-12,TUV,Y,src_20260928_undl_ga-voting-2025-03-31-corr1
A/RES/ES-10/22,2023-12-12,TZA,Y,src_20260928_undl_ga-voting-2025-03-31-corr1
A/RES/ES-10/22,2023-12-12,UGA,Y,src_20260928_undl_ga-voting-2025-03-31-corr1
A/RES/ES-10/22,2023-12-12,UKR,A,src_20260928_undl_ga-voting-2025-03-31-corr1
A/RES/ES-10/22,2023-12-12,URY,A,src_20260928_undl_ga-voting-2025-03-31-corr1
A/RES/ES-10/22,2023-12-12,USA,N,src_20260928_undl_ga-voting-2025-03-31-corr1
A/RES/ES-10/22,2023-12-12,UZB,Y,src_20260928_undl_ga-voting-2025-03-31-corr1
A/RES/ES-10/22,2023-12-12,VCT,Y,src_20260928_undl_ga-voting-2025-03-31-corr1
A/RES/ES-10/22,2023-12-12,VEN,X,src_20260928_undl_ga-voting-2025-03-31-corr1
A/RES/ES-10/22,2023-12-12,VNM,Y,src_20260928_undl_ga-voting-2025-03-31-corr1
A/RES/ES-10/22,2023-12-12,VUT,Y,src_20260928_undl_ga-voting-2025-03-31-corr1
A/RES/ES-10/22,2023-12-12,WSM,Y,src_20260928_undl_ga-voting-2025-03-31-corr1
A/RES/ES-10/22,2023-12-12,YEM,Y,src_20260928_undl_ga-voting-2025-03-31-corr1
A/RES/ES-10/22,2023-12-12,ZAF,Y,src_20260928_undl_ga-voting-2025-03-31-corr1
A/RES/ES-10/22,2023-12-12,ZMB,Y,src_20260928_undl_ga-voting-2025-03-31-corr1
A/RES/ES-10/22,2023-12-12,ZWE,Y,src_20260928_undl_ga-voting-2025-03-31-corr1
A/RES/ES-10/23,2024-05-10,AFG,X,src_20260928_undl_ga-voting-2025-03-31-corr1
A/RES/ES-10/23,2024-05-10,AGO,Y,src_20260928_undl_ga-voting-2025-03-31-corr1
A/RES/ES-10/23,2024-05-10,ALB,A,src_20260928_undl_ga-voting-2025-03-31-corr1
A/RES/ES-10/23,2024-05-10,AND,Y,src_20260928_undl_ga-voting-2025-03-31-corr1
A/RES/ES-10/23,2024-05-10,ARE,Y,src_20260928_undl_ga-voting-2025-03-31-corr1
A/RES/ES-10/23,2024-05-10,ARG,N,src_20260928_undl_ga-voting-2025-03-31-corr1
A/RES/ES-10/23,2024-05-10,ARM,Y,src_20260928_undl_ga-voting-2025-03-31-corr1
A/RES/ES-10/23,2024-05-10,ATG,Y,src_20260928_undl_ga-voting-2025-03-31-corr1
A/RES/ES-10/23,2024-05-10,AUS,Y,src_20260928_undl_ga-voting-2025-03-31-corr1
A/RES/ES-10/23,2024-05-10,AUT,A,src_20260928_undl_ga-voting-2025-03-31-corr1
A/RES/ES-10/23,2024-05-10,AZE,Y,src_20260928_undl_ga-voting-2025-03-31-corr1
A/RES/ES-10/23,2024-05-10,BDI,Y,src_20260928_undl_ga-voting-2025-03-31-corr1
A/RES/ES-10/23,2024-05-10,BEL,Y,src_20260928_undl_ga-voting-2025-03-31-corr1
A/RES/ES-10/23,2024-05-10,BEN,Y,src_20260928_undl_ga-voting-2025-03-31-corr1
A/RES/ES-10/23,2024-05-10,BFA,Y,src_20260928_undl_ga-voting-2025-03-31-corr1
A/RES/ES-10/23,2024-05-10,BGD,Y,src_20260928_undl_ga-voting-2025-03-31-corr1
A/RES/ES-10/23,2024-05-10,BGR,A,src_20260928_undl_ga-voting-2025-03-31-corr1
A/RES/ES-10/23,2024-05-10,BHR,Y,src_20260928_undl_ga-voting-2025-03-31-corr1
A/RES/ES-10/23,2024-05-10,BHS,Y,src_20260928_undl_ga-voting-2025-03-31-corr1
A/RES/ES-10/23,2024-05-10,BIH,Y,src_20260928_undl_ga-voting-2025-03-31-corr1
A/RES/ES-10/23,2024-05-10,BLR,Y,src_20260928_undl_ga-voting-2025-03-31-corr1
A/RES/ES-10/23,2024-05-10,BLZ,Y,src_20260928_undl_ga-voting-2025-03-31-corr1
A/RES/ES-10/23,2024-05-10,BOL,Y,src_20260928_undl_ga-voting-2025-03-31-corr1
A/RES/ES-10/23,2024-05-10,BRA,Y,src_20260928_undl_ga-voting-2025-03-31-corr1
A/RES/ES-10/23,2024-05-10,BRB,Y,src_20260928_undl_ga-voting-2025-03-31-corr1
A/RES/ES-10/23,2024-05-10,BRN,Y,src_20260928_undl_ga-voting-2025-03-31-corr1
A/RES/ES-10/23,2024-05-10,BTN,Y,src_20260928_undl_ga-voting-2025-03-31-corr1
A/RES/ES-10/23,2024-05-10,BWA,Y,src_20260928_undl_ga-voting-2025-03-31-corr1
A/RES/ES-10/23,2024-05-10,CAF,Y,src_20260928_undl_ga-voting-2025-03-31-corr1
A/RES/ES-10/23,2024-05-10,CAN,A,src_20260928_undl_ga-voting-2025-03-31-corr1
A/RES/ES-10/23,2024-05-10,CHE,A,src_20260928_undl_ga-voting-2025-03-31-corr1
A/RES/ES-10/23,2024-05-10,CHL,Y,src_20260928_undl_ga-voting-2025-03-31-corr1
A/RES/ES-10/23,2024-05-10,CHN,Y,src_20260928_undl_ga-voting-2025-03-31-corr1
A/RES/ES-10/23,2024-05-10,CIV,Y,src_20260928_undl_ga-voting-2025-03-31-corr1
A/RES/ES-10/23,2024-05-10,CMR,X,src_20260928_undl_ga-voting-2025-03-31-corr1
A/RES/ES-10/23,2024-05-10,COD,X,src_20260928_undl_ga-voting-2025-03-31-corr1
A/RES/ES-10/23,2024-05-10,COG,X,src_20260928_undl_ga-voting-2025-03-31-corr1
A/RES/ES-10/23,2024-05-10,COL,Y,src_20260928_undl_ga-voting-2025-03-31-corr1
A/RES/ES-10/23,2024-05-10,COM,Y,src_20260928_undl_ga-voting-2025-03-31-corr1
A/RES/ES-10/23,2024-05-10,CPV,Y,src_20260928_undl_ga-voting-2025-03-31-corr1
A/RES/ES-10/23,2024-05-10,CRI,Y,src_20260928_undl_ga-voting-2025-03-31-corr1
A/RES/ES-10/23,2024-05-10,CUB,Y,src_20260928_undl_ga-voting-2025-03-31-corr1
A/RES/ES-10/23,2024-05-10,CYP,Y,src_20260928_undl_ga-voting-2025-03-31-corr1
A/RES/ES-10/23,2024-05-10,CZE,N,src_20260928_undl_ga-voting-2025-03-31-corr1
A/RES/ES-10/23,2024-05-10,DEU,A,src_20260928_undl_ga-voting-2025-03-31-corr1
A/RES/ES-10/23,2024-05-10,DJI,Y,src_20260928_undl_ga-voting-2025-03-31-corr1
A/RES/ES-10/23,2024-05-10,DMA,Y,src_20260928_undl_ga-voting-2025-03-31-corr1
A/RES/ES-10/23,2024-05-10,DNK,Y,src_20260928_undl_ga-voting-2025-03-31-corr1
A/RES/ES-10/23,2024-05-10,DOM,Y,src_20260928_undl_ga-voting-2025-03-31-corr1
A/RES/ES-10/23,2024-05-10,DZA,Y,src_20260928_undl_ga-voting-2025-03-31-corr1
A/RES/ES-10/23,2024-05-10,ECU,X,src_20260928_undl_ga-voting-2025-03-31-corr1
A/RES/ES-10/23,2024-05-10,EGY,Y,src_20260928_undl_ga-voting-2025-03-31-corr1
A/RES/ES-10/23,2024-05-10,ERI,Y,src_20260928_undl_ga-voting-2025-03-31-corr1
A/RES/ES-10/23,2024-05-10,ESP,Y,src_20260928_undl_ga-voting-2025-03-31-corr1
A/RES/ES-10/23,2024-05-10,EST,Y,src_20260928_undl_ga-voting-2025-03-31-corr1
A/RES/ES-10/23,2024-05-10,ETH,Y,src_20260928_undl_ga-voting-2025-03-31-corr1
A/RES/ES-10/23,2024-05-10,FIN,A,src_20260928_undl_ga-voting-2025-03-31-corr1
A/RES/ES-10/23,2024-05-10,FJI,A,src_20260928_undl_ga-voting-2025-03-31-corr1
A/RES/ES-10/23,2024-05-10,FRA,Y,src_20260928_undl_ga-voting-2025-03-31-corr1
A/RES/ES-10/23,2024-05-10,FSM,N,src_20260928_undl_ga-voting-2025-03-31-corr1
A/RES/ES-10/23,2024-05-10,GAB,Y,src_20260928_undl_ga-voting-2025-03-31-corr1
A/RES/ES-10/23,2024-05-10,GBR,A,src_20260928_undl_ga-voting-2025-03-31-corr1
A/RES/ES-10/23,2024-05-10,GEO,A,src_20260928_undl_ga-voting-2025-03-31-corr1
A/RES/ES-10/23,2024-05-10,GHA,Y,src_20260928_undl_ga-voting-2025-03-31-corr1
A/RES/ES-10/23,2024-05-10,GIN,Y,src_20260928_undl_ga-voting-2025-03-31-corr1
A/RES/ES-10/23,2024-05-10,GMB,Y,src_20260928_undl_ga-voting-2025-03-31-corr1
A/RES/ES-10/23,2024-05-10,GNB,Y,src_20260928_undl_ga-voting-2025-03-31-corr1
A/RES/ES-10/23,2024-05-10,GNQ,Y,src_20260928_undl_ga-voting-2025-03-31-corr1
A/RES/ES-10/23,2024-05-10,GRC,Y,src_20260928_undl_ga-voting-2025-03-31-corr1
A/RES/ES-10/23,2024-05-10,GRD,Y,src_20260928_undl_ga-voting-2025-03-31-corr1
A/RES/ES-10/23,2024-05-10,GTM,Y,src_20260928_undl_ga-voting-2025-03-31-corr1
A/RES/ES-10/23,2024-05-10,GUY,Y,src_20260928_undl_ga-voting-2025-03-31-corr1
A/RES/ES-10/23,2024-05-10,HND,Y,src_20260928_undl_ga-voting-2025-03-31-corr1
A/RES/ES-10/23,2024-05-10,HRV,A,src_20260928_undl_ga-voting-2025-03-31-corr1
A/RES/ES-10/23,2024-05-10,HTI,Y,src_20260928_undl_ga-voting-2025-03-31-corr1
A/RES/ES-10/23,2024-05-10,HUN,N,src_20260928_undl_ga-voting-2025-03-31-corr1
A/RES/ES-10/23,2024-05-10,IDN,Y,src_20260928_undl_ga-voting-2025-03-31-corr1
A/RES/ES-10/23,2024-05-10,IND,Y,src_20260928_undl_ga-voting-2025-03-31-corr1
A/RES/ES-10/23,2024-05-10,IRL,Y,src_20260928_undl_ga-voting-2025-03-31-corr1
A/RES/ES-10/23,2024-05-10,IRN,Y,src_20260928_undl_ga-voting-2025-03-31-corr1
A/RES/ES-10/23,2024-05-10,IRQ,Y,src_20260928_undl_ga-voting-2025-03-31-corr1
A/RES/ES-10/23,2024-05-10,ISL,Y,src_20260928_undl_ga-voting-2025-03-31-corr1
A/RES/ES-10/23,2024-05-10,ISR,N,src_20260928_undl_ga-voting-2025-03-31-corr1
A/RES/ES-10/23,2024-05-10,ITA,A,src_20260928_undl_ga-voting-2025-03-31-corr1
A/RES/ES-10/23,2024-05-10,JAM,Y,src_20260928_undl_ga-voting-2025-03-31-corr1
A/RES/ES-10/23,2024-05-10,JOR,Y,src_20260928_undl_ga-voting-2025-03-31-corr1
A/RES/ES-10/23,2024-05-10,JPN,Y,src_20260928_undl_ga-voting-2025-03-31-corr1
A/RES/ES-10/23,2024-05-10,KAZ,Y,src_20260928_undl_ga-voting-2025-03-31-corr1
A/RES/ES-10/23,2024-05-10,KEN,Y,src_20260928_undl_ga-voting-2025-03-31-corr1
A/RES/ES-10/23,2024-05-10,KGZ,Y,src_20260928_undl_ga-voting-2025-03-31-corr1
A/RES/ES-10/23,2024-05-10,KHM,Y,src_20260928_undl_ga-voting-2025-03-31-corr1
A/RES/ES-10/23,2024-05-10,KIR,X,src_20260928_undl_ga-voting-2025-03-31-corr1
A/RES/ES-10/23,2024-05-10,KNA,Y,src_20260928_undl_ga-voting-2025-03-31-corr1
A/RES/ES-10/23,2024-05-10,KOR,Y,src_20260928_undl_ga-voting-2025-03-31-corr1
A/RES/ES-10/23,2024-05-10,KWT,Y,src_20260928_undl_ga-voting-2025-03-31-corr1
A/RES/ES-10/23,2024-05-10,LAO,Y,src_20260928_undl_ga-voting-2025-03-31-corr1
A/RES/ES-10/23,2024-05-10,LBN,Y,src_20260928_undl_ga-voting-2025-03-31-corr1
A/RES/ES-10/23,2024-05-10,LBR,X,src_20260928_undl_ga-voting-2025-03-31-corr1
A/RES/ES-10/23,2024-05-10,LBY,Y,src_20260928_undl_ga-voting-2025-03-31-corr1
A/RES/ES-10/23,2024-05-10,LCA,Y,src_20260928_undl_ga-voting-2025-03-31-corr1
A/RES/ES-10/23,2024-05-10,LIE,Y,src_20260928_undl_ga-voting-2025-03-31-corr1
A/RES/ES-10/23,2024-05-10,LKA,Y,src_20260928_undl_ga-voting-2025-03-31-corr1
A/RES/ES-10/23,2024-05-10,LSO,Y,src_20260928_undl_ga-voting-2025-03-31-corr1
A/RES/ES-10/23,2024-05-10,LTU,A,src_20260928_undl_ga-voting-2025-03-31-corr1
A/RES/ES-10/23,2024-05-10,LUX,Y,src_20260928_undl_ga-voting-2025-03-31-corr1
A/RES/ES-10/23,2024-05-10,LVA,A,src_20260928_undl_ga-voting-2025-03-31-corr1
A/RES/ES-10/23,2024-05-10,MAR,Y,src_20260928_undl_ga-voting-2025-03-31-corr1
A/RES/ES-10/23,2024-05-10,MCO,A,src_20260928_undl_ga-voting-2025-03-31-corr1
A/RES/ES-10/23,2024-05-10,MDA,A,src_20260928_undl_ga-voting-2025-03-31-corr1
A/RES/ES-10/23,2024-05-10,MDG,Y,src_20260928_undl_ga-voting-2025-03-31-corr1
A/RES/ES-10/23,2024-05-10,MDV,Y,src_20260928_undl_ga-voting-2025-03-31-corr1
A/RES/ES-10/23,2024-05-10,MEX,Y,src_20260928_undl_ga-voting-2025-03-31-corr1
A/RES/ES-10/23,2024-05-10,MHL,A,src_20260928_undl_ga-voting-2025-03-31-corr1
A/RES/ES-10/23,2024-05-10,MKD,A,src_20260928_undl_ga-voting-2025-03-31-corr1
A/RES/ES-10/23,2024-05-10,MLI,Y,src_20260928_undl_ga-voting-2025-03-31-corr1
A/RES/ES-10/23,2024-05-10,MLT,Y,src_20260928_undl_ga-voting-2025-03-31-corr1
A/RES/ES-10/23,2024-05-10,MMR,Y,src_20260928_undl_ga-voting-2025-03-31-corr1
A/RES/ES-10/23,2024-05-10,MNE,Y,src_20260928_undl_ga-voting-2025-03-31-corr1
A/RES/ES-10/23,2024-05-10,MNG,Y,src_20260928_undl_ga-voting-2025-03-31-corr1
A/RES/ES-10/23,2024-05-10,MOZ,Y,src_20260928_undl_ga-voting-2025-03-31-corr1
A/RES/ES-10/23,2024-05-10,MRT,Y,src_20260928_undl_ga-voting-2025-03-31-corr1
A/RES/ES-10/23,2024-05-10,MUS,Y,src_20260928_undl_ga-voting-2025-03-31-corr1
A/RES/ES-10/23,2024-05-10,MWI,A,src_20260928_undl_ga-voting-2025-03-31-corr1
A/RES/ES-10/23,2024-05-10,MYS,Y,src_20260928_undl_ga-voting-2025-03-31-corr1
A/RES/ES-10/23,2024-05-10,NAM,Y,src_20260928_undl_ga-voting-2025-03-31-corr1
A/RES/ES-10/23,2024-05-10,NER,Y,src_20260928_undl_ga-voting-2025-03-31-corr1
A/RES/ES-10/23,2024-05-10,NGA,Y,src_20260928_undl_ga-voting-2025-03-31-corr1
A/RES/ES-10/23,2024-05-10,NIC,Y,src_20260928_undl_ga-voting-2025-03-31-corr1
A/RES/ES-10/23,2024-05-10,NLD,A,src_20260928_undl_ga-voting-2025-03-31-corr1
A/RES/ES-10/23,2024-05-10,NOR,Y,src_20260928_undl_ga-voting-2025-03-31-corr1
A/RES/ES-10/23,2024-05-10,NPL,Y,src_20260928_undl_ga-voting-2025-03-31-corr1
A/RES/ES-10/23,2024-05-10,NRU,N,src_20260928_undl_ga-voting-2025-03-31-corr1
A/RES/ES-10/23,2024-05-10,NZL,Y,src_20260928_undl_ga-voting-2025-03-31-corr1
A/RES/ES-10/23,2024-05-10,OMN,Y,src_20260928_undl_ga-voting-2025-03-31-corr1
A/RES/ES-10/23,2024-05-10,PAK,Y,src_20260928_undl_ga-voting-2025-03-31-corr1
A/RES/ES-10/23,2024-05-10,PAN,Y,src_20260928_undl_ga-voting-2025-03-31-corr1
A/RES/ES-10/23,2024-05-10,PER,Y,src_20260928_undl_ga-voting-2025-03-31-corr1
A/RES/ES-10/23,2024-05-10,PHL,Y,src_20260928_undl_ga-voting-2025-03-31-corr1
A/RES/ES-10/23,2024-05-10,PLW,N,src_20260928_undl_ga-voting-2025-03-31-corr1
A/RES/ES-10/23,2024-05-10,PNG,N,src_20260928_undl_ga-voting-2025-03-31-corr1
A/RES/ES-10/23,2024-05-10,POL,Y,src_20260928_undl_ga-voting-2025-03-31-corr1
A/RES/ES-10/23,2024-05-10,PRK,Y,src_20260928_undl_ga-voting-2025-03-31-corr1
A/RES/ES-10/23,2024-05-10,PRT,Y,src_20260928_undl_ga-voting-2025-03-31-corr1
A/RES/ES-10/23,2024-05-10,PRY,A,src_20260928_undl_ga-voting-2025-03-31-corr1
A/RES/ES-10/23,2024-05-10,QAT,Y,src_20260928_undl_ga-voting-2025-03-31-corr1
A/RES/ES-10/23,2024-05-10,ROU,A,src_20260928_undl_ga-voting-2025-03-31-corr1
A/RES/ES-10/23,2024-05-10,RUS,Y,src_20260928_undl_ga-voting-2025-03-31-corr1
A/RES/ES-10/23,2024-05-10,RWA,Y,src_20260928_undl_ga-voting-2025-03-31-corr1
A/RES/ES-10/23,2024-05-10,SAU,Y,src_20260928_undl_ga-voting-2025-03-31-corr1
A/RES/ES-10/23,2024-05-10,SDN,Y,src_20260928_undl_ga-voting-2025-03-31-corr1
A/RES/ES-10/23,2024-05-10,SEN,Y,src_20260928_undl_ga-voting-2025-03-31-corr1
A/RES/ES-10/23,2024-05-10,SGP,Y,src_20260928_undl_ga-voting-2025-03-31-corr1
A/RES/ES-10/23,2024-05-10,SLB,X,src_20260928_undl_ga-voting-2025-03-31-corr1
A/RES/ES-10/23,2024-05-10,SLE,Y,src_20260928_undl_ga-voting-2025-03-31-corr1
A/RES/ES-10/23,2024-05-10,SLV,Y,src_20260928_undl_ga-voting-2025-03-31-corr1
A/RES/ES-10/23,2024-05-10,SMR,Y,src_20260928_undl_ga-voting-2025-03-31-corr1
A/RES/ES-10/23,2024-05-10,SOM,Y,src_20260928_undl_ga-voting-2025-03-31-corr1
A/RES/ES-10/23,2024-05-10,SRB,Y,src_20260928_undl_ga-voting-2025-03-31-corr1
A/RES/ES-10/23,2024-05-10,SSD,X,src_20260928_undl_ga-voting-2025-03-31-corr1
A/RES/ES-10/23,2024-05-10,STP,X,src_20260928_undl_ga-voting-2025-03-31-corr1
A/RES/ES-10/23,2024-05-10,SUR,Y,src_20260928_undl_ga-voting-2025-03-31-corr1
A/RES/ES-10/23,2024-05-10,SVK,Y,src_20260928_undl_ga-voting-2025-03-31-corr1
A/RES/ES-10/23,2024-05-10,SVN,Y,src_20260928_undl_ga-voting-2025-03-31-corr1
A/RES/ES-10/23,2024-05-10,SWE,A,src_20260928_undl_ga-voting-2025-03-31-corr1
A/RES/ES-10/23,2024-05-10,SWZ,X,src_20260928_undl_ga-voting-2025-03-31-corr1
A/RES/ES-10/23,2024-05-10,SYC,Y,src_20260928_undl_ga-voting-2025-03-31-corr1
A/RES/ES-10/23,2024-05-10,SYR,Y,src_20260928_undl_ga-voting-2025-03-31-corr1
A/RES/ES-10/23,2024-05-10,TCD,Y,src_20260928_undl_ga-voting-2025-03-31-corr1
A/RES/ES-10/23,2024-05-10,TGO,X,src_20260928_undl_ga-voting-2025-03-31-corr1
A/RES/ES-10/23,2024-05-10,THA,Y,src_20260928_undl_ga-voting-2025-03-31-corr1
A/RES/ES-10/23,2024-05-10,TJK,Y,src_20260928_undl_ga-voting-2025-03-31-corr1
A/RES/ES-10/23,2024-05-10,TKM,Y,src_20260928_undl_ga-voting-2025-03-31-corr1
A/RES/ES-10/23,2024-05-10,TLS,Y,src_20260928_undl_ga-voting-2025-03-31-corr1
A/RES/ES-10/23,2024-05-10,TON,X,src_20260928_undl_ga-voting-2025-03-31-corr1
A/RES/ES-10/23,2024-05-10,TTO,Y,src_20260928_undl_ga-voting-2025-03-31-corr1
A/RES/ES-10/23,2024-05-10,TUN,Y,src_20260928_undl_ga-voting-2025-03-31-corr1
A/RES/ES-10/23,2024-05-10,TUR,Y,src_20260928_undl_ga-voting-2025-03-31-corr1
A/RES/ES-10/23,2024-05-10,TUV,X,src_20260928_undl_ga-voting-2025-03-31-corr1
A/RES/ES-10/23,2024-05-10,TZA,Y,src_20260928_undl_ga-voting-2025-03-31-corr1
A/RES/ES-10/23,2024-05-10,UGA,Y,src_20260928_undl_ga-voting-2025-03-31-corr1
A/RES/ES-10/23,2024-05-10,UKR,A,src_20260928_undl_ga-voting-2025-03-31-corr1
A/RES/ES-10/23,2024-05-10,URY,Y,src_20260928_undl_ga-voting-2025-03-31-corr1
A/RES/ES-10/23,2024-05-10,USA,N,src_20260928_undl_ga-voting-2025-03-31-corr1
A/RES/ES-10/23,2024-05-10,UZB,Y,src_20260928_undl_ga-voting-2025-03-31-corr1
A/RES/ES-10/23,2024-05-10,VCT,Y,src_20260928_undl_ga-voting-2025-03-31-corr1
A/RES/ES-10/23,2024-05-10,VEN,X,src_20260928_undl_ga-voting-2025-03-31-corr1
A/RES/ES-10/23,2024-05-10,VNM,Y,src_20260928_undl_ga-voting-2025-03-31-corr1
A/RES/ES-10/23,2024-05-10,VUT,A,src_20260928_undl_ga-voting-2025-03-31-corr1
A/RES/ES-10/23,2024-05-10,WSM,X,src_20260928_undl_ga-voting-2025-03-31-corr1
A/RES/ES-10/23,2024-05-10,YEM,Y,src_20260928_undl_ga-voting-2025-03-31-corr1
A/RES/ES-10/23,2024-05-10,ZAF,Y,src_20260928_undl_ga-voting-2025-03-31-corr1
A/RES/ES-10/23,2024-05-10,ZMB,Y,src_20260928_undl_ga-voting-2025-03-31-corr1
A/RES/ES-10/23,2024-05-10,ZWE,Y,src_20260928_undl_ga-voting-2025-03-31-corr1
A/RES/ES-10/24,2024-09-18,AFG,X,src_20260928_undl_ga-voting-2025-03-31-corr1
A/RES/ES-10/24,2024-09-18,AGO,Y,src_20260928_undl_ga-voting-2025-03-31-corr1
A/RES/ES-10/24,2024-09-18,ALB,A,src_20260928_undl_ga-voting-2025-03-31-corr1
A/RES/ES-10/24,2024-09-18,AND,Y,src_20260928_undl_ga-voting-2025-03-31-corr1
A/RES/ES-10/24,2024-09-18,ARE,Y,src_20260928_undl_ga-voting-2025-03-31-corr1
A/RES/ES-10/24,2024-09-18,ARG,N,src_20260928_undl_ga-voting-2025-03-31-corr1
A/RES/ES-10/24,2024-09-18,ARM,Y,src_20260928_undl_ga-voting-2025-03-31-corr1
A/RES/ES-10/24,2024-09-18,ATG,Y,src_20260928_undl_ga-voting-2025-03-31-corr1
A/RES/ES-10/24,2024-09-18,AUS,A,src_20260928_undl_ga-voting-2025-03-31-corr1
A/RES/ES-10/24,2024-09-18,AUT,A,src_20260928_undl_ga-voting-2025-03-31-corr1
A/RES/ES-10/24,2024-09-18,AZE,Y,src_20260928_undl_ga-voting-2025-03-31-corr1
A/RES/ES-10/24,2024-09-18,BDI,Y,src_20260928_undl_ga-voting-2025-03-31-corr1
A/RES/ES-10/24,2024-09-18,BEL,Y,src_20260928_undl_ga-voting-2025-03-31-corr1
A/RES/ES-10/24,2024-09-18,BEN,X,src_20260928_undl_ga-voting-2025-03-31-corr1
A/RES/ES-10/24,2024-09-18,BFA,Y,src_20260928_undl_ga-voting-2025-03-31-corr1
A/RES/ES-10/24,2024-09-18,BGD,Y,src_20260928_undl_ga-voting-2025-03-31-corr1
A/RES/ES-10/24,2024-09-18,BGR,A,src_20260928_undl_ga-voting-2025-03-31-corr1
A/RES/ES-10/24,2024-09-18,BHR,Y,src_20260928_undl_ga-voting-2025-03-31-corr1
A/RES/ES-10/24,2024-09-18,BHS,Y,src_20260928_undl_ga-voting-2025-03-31-corr1
A/RES/ES-10/24,2024-09-18,BIH,Y,src_20260928_undl_ga-voting-2025-03-31-corr1
A/RES/ES-10/24,2024-09-18,BLR,Y,src_20260928_undl_ga-voting-2025-03-31-corr1
A/RES/ES-10/24,2024-09-18,BLZ,Y,src_20260928_undl_ga-voting-2025-03-31-corr1
A/RES/ES-10/24,2024-09-18,BOL,Y,src_20260928_undl_ga-voting-2025-03-31-corr1
A/RES/ES-10/24,2024-09-18,BRA,Y,src_20260928_undl_ga-voting-2025-03-31-corr1
A/RES/ES-10/24,2024-09-18,BRB,Y,src_20260928_undl_ga-voting-2025-03-31-corr1
A/RES/ES-10/24,2024-09-18,BRN,Y,src_20260928_undl_ga-voting-2025-03-31-corr1
A/RES/ES-10/24,2024-09-18,BTN,Y,src_20260928_undl_ga-voting-2025-03-31-corr1
A/RES/ES-10/24,2024-09-18,BWA,Y,src_20260928_undl_ga-voting-2025-03-31-corr1
A/RES/ES-10/24,2024-09-18,CAF,X,src_20260928_undl_ga-voting-2025-03-31-corr1
A/RES/ES-10/24,2024-09-18,CAN,A,src_20260928_undl_ga-voting-2025-03-31-corr1
A/RES/ES-10/24,2024-09-18,CHE,A,src_20260928_undl_ga-voting-2025-03-31-corr1
A/RES/ES-10/24,2024-09-18,CHL,Y,src_20260928_undl_ga-voting-2025-03-31-corr1
A/RES/ES-10/24,2024-09-18,CHN,Y,src_20260928_undl_ga-voting-2025-03-31-corr1
A/RES/ES-10/24,2024-09-18,CIV,Y,src_20260928_undl_ga-voting-2025-03-31-corr1
A/RES/ES-10/24,2024-09-18,CMR,A,src_20260928_undl_ga-voting-2025-03-31-corr1
A/RES/ES-10/24,2024-09-18,COD,A,src_20260928_undl_ga-voting-2025-03-31-corr1
A/RES/ES-10/24,2024-09-18,COG,X,src_20260928_undl_ga-voting-2025-03-31-corr1
A/RES/ES-10/24,2024-09-18,COL,Y,src_20260928_undl_ga-voting-2025-03-31-corr1
A/RES/ES-10/24,2024-09-18,COM,Y,src_20260928_undl_ga-voting-2025-03-31-corr1
A/RES/ES-10/24,2024-09-18,CPV,Y,src_20260928_undl_ga-voting-2025-03-31-corr1
A/RES/ES-10/24,2024-09-18,CRI,A,src_20260928_undl_ga-voting-2025-03-31-corr1
A/RES/ES-10/24,2024-09-18,CUB,Y,src_20260928_undl_ga-voting-2025-03-31-corr1
A/RES/ES-10/24,2024-09-18,CYP,Y,src_20260928_undl_ga-voting-2025-03-31-corr1
A/RES/ES-10/24,2024-09-18,CZE,N,src_20260928_undl_ga-voting-2025-03-31-corr1
A/RES/ES-10/24,2024-09-18,DEU,A,src_20260928_undl_ga-voting-2025-03-31-corr1
A/RES/ES-10/24,2024-09-18,DJI,Y,src_20260928_undl_ga-voting-2025-03-31-corr1
A/RES/ES-10/24,2024-09-18,DMA,Y,src_20260928_undl_ga-voting-2025-03-31-corr1
A/RES/ES-10/24,2024-09-18,DNK,A,src_20260928_undl_ga-voting-2025-03-31-corr1
A/RES/ES-10/24,2024-09-18,DOM,A,src_20260928_undl_ga-voting-2025-03-31-corr1
A/RES/ES-10/24,2024-09-18,DZA,Y,src_20260928_undl_ga-voting-2025-03-31-corr1
A/RES/ES-10/24,2024-09-18,ECU,A,src_20260928_undl_ga-voting-2025-03-31-corr1
A/RES/ES-10/24,2024-09-18,EGY,Y,src_20260928_undl_ga-voting-2025-03-31-corr1
A/RES/ES-10/24,2024-09-18,ERI,Y,src_20260928_undl_ga-voting-2025-03-31-corr1
A/RES/ES-10/24,2024-09-18,ESP,Y,src_20260928_undl_ga-voting-2025-03-31-corr1
A/RES/ES-10/24,2024-09-18,EST,Y,src_20260928_undl_ga-voting-2025-03-31-corr1
A/RES/ES-10/24,2024-09-18,ETH,A,src_20260928_undl_ga-voting-2025-03-31-corr1
A/RES/ES-10/24,2024-09-18,FIN,Y,src_20260928_undl_ga-voting-2025-03-31-corr1
A/RES/ES-10/24,2024-09-18,FJI,N,src_20260928_undl_ga-voting-2025-03-31-corr1
A/RES/ES-10/24,2024-09-18,FRA,Y,src_20260928_undl_ga-voting-2025-03-31-corr1
A/RES/ES-10/24,2024-09-18,FSM,N,src_20260928_undl_ga-voting-2025-03-31-corr1
A/RES/ES-10/24,2024-09-18,GAB,Y,src_20260928_undl_ga-voting-2025-03-31-corr1
A/RES/ES-10/24,2024-09-18,GBR,A,src_20260928_undl_ga-voting-2025-03-31-corr1
A/RES/ES-10/24,2024-09-18,GEO,A,src_20260928_undl_ga-voting-2025-03-31-corr1
A/RES/ES-10/24,2024-09-18,GHA,Y,src_20260928_undl_ga-voting-2025-03-31-corr1
A/RES/ES-10/24,2024-09-18,GIN,Y,src_20260928_undl_ga-voting-2025-03-31-corr1
A/RES/ES-10/24,2024-09-18,GMB,Y,src_20260928_undl_ga-voting-2025-03-31-corr1
A/RES/ES-10/24,2024-09-18,GNB,Y,src_20260928_undl_ga-voting-2025-03-31-corr1
A/RES/ES-10/24,2024-09-18,GNQ,X,src_20260928_undl_ga-voting-2025-03-31-corr1
A/RES/ES-10/24,2024-09-18,GRC,Y,src_20260928_undl_ga-voting-2025-03-31-corr1
A/RES/ES-10/24,2024-09-18,GRD,Y,src_20260928_undl_ga-voting-2025-03-31-corr1
A/RES/ES-10/24,2024-09-18,GTM,A,src_20260928_undl_ga-voting-2025-03-31-corr1
A/RES/ES-10/24,2024-09-18,GUY,Y,src_20260928_undl_ga-voting-2025-03-31-corr1
A/RES/ES-10/24,2024-09-18,HND,Y,src_20260928_undl_ga-voting-2025-03-31-corr1
A/RES/ES-10/24,2024-09-18,HRV,A,src_20260928_undl_ga-voting-2025-03-31-corr1
A/RES/ES-10/24,2024-09-18,HTI,A,src_20260928_undl_ga-voting-2025-03-31-corr1
A/RES/ES-10/24,2024-09-18,HUN,N,src_20260928_undl_ga-voting-2025-03-31-corr1
A/RES/ES-10/24,2024-09-18,IDN,Y,src_20260928_undl_ga-voting-2025-03-31-corr1
A/RES/ES-10/24,2024-09-18,IND,A,src_20260928_undl_ga-voting-2025-03-31-corr1
A/RES/ES-10/24,2024-09-18,IRL,Y,src_20260928_undl_ga-voting-2025-03-31-corr1
A/RES/ES-10/24,2024-09-18,IRN,Y,src_20260928_undl_ga-voting-2025-03-31-corr1
A/RES/ES-10/24,2024-09-18,IRQ,Y,src_20260928_undl_ga-voting-2025-03-31-corr1
A/RES/ES-10/24,2024-09-18,ISL,Y,src_20260928_undl_ga-voting-2025-03-31-corr1
A/RES/ES-10/24,2024-09-18,ISR,N,src_20260928_undl_ga-voting-2025-03-31-corr1
A/RES/ES-10/24,2024-09-18,ITA,A,src_20260928_undl_ga-voting-2025-03-31-corr1
A/RES/ES-10/24,2024-09-18,JAM,Y,src_20260928_undl_ga-voting-2025-03-31-corr1
A/RES/ES-10/24,2024-09-18,JOR,Y,src_20260928_undl_ga-voting-2025-03-31-corr1
A/RES/ES-10/24,2024-09-18,JPN,Y,src_20260928_undl_ga-voting-2025-03-31-corr1
A/RES/ES-10/24,2024-09-18,KAZ,Y,src_20260928_undl_ga-voting-2025-03-31-corr1
A/RES/ES-10/24,2024-09-18,KEN,A,src_20260928_undl_ga-voting-2025-03-31-corr1
A/RES/ES-10/24,2024-09-18,KGZ,Y,src_20260928_undl_ga-voting-2025-03-31-corr1
A/RES/ES-10/24,2024-09-18,KHM,Y,src_20260928_undl_ga-voting-2025-03-31-corr1
A/RES/ES-10/24,2024-09-18,KIR,A,src_20260928_undl_ga-voting-2025-03-31-corr1
A/RES/ES-10/24,2024-09-18,KNA,Y,src_20260928_undl_ga-voting-2025-03-31-corr1
A/RES/ES-10/24,2024-09-18,KOR,A,src_20260928_undl_ga-voting-2025-03-31-corr1
A/RES/ES-10/24,2024-09-18,KWT,Y,src_20260928_undl_ga-voting-2025-03-31-corr1
A/RES/ES-10/24,2024-09-18,LAO,Y,src_20260928_undl_ga-voting-2025-03-31-corr1
A/RES/ES-10/24,2024-09-18,LBN,Y,src_20260928_undl_ga-voting-2025-03-31-corr1
A/RES/ES-10/24,2024-09-18,LBR,A,src_20260928_undl_ga-voting-2025-03-31-corr1
A/RES/ES-10/24,2024-09-18,LBY,Y,src_20260928_undl_ga-voting-2025-03-31-corr1
A/RES/ES-10/24,2024-09-18,LCA,Y,src_20260928_undl_ga-voting-2025-03-31-corr1
A/RES/ES-10/24,2024-09-18,LIE,A,src_20260928_undl_ga-voting-2025-03-31-corr1
A/RES/ES-10/24,2024-09-18,LKA,Y,src_20260928_undl_ga-voting-2025-03-31-corr1
A/RES/ES-10/24,2024-09-18,LSO,Y,src_20260928_undl_ga-voting-2025-03-31-corr1
A/RES/ES-10/24,2024-09-18,LTU,A,src_20260928_undl_ga-voting-2025-03-31-corr1
A/RES/ES-10/24,2024-09-18,LUX,Y,src_20260928_undl_ga-voting-2025-03-31-corr1
A/RES/ES-10/24,2024-09-18,LVA,Y,src_20260928_undl_ga-voting-2025-03-31-corr1
A/RES/ES-10/24,2024-09-18,MAR,Y,src_20260928_undl_ga-voting-2025-03-31-corr1
A/RES/ES-10/24,2024-09-18,MCO,Y,src_20260928_undl_ga-voting-2025-03-31-corr1
A/RES/ES-10/24,2024-09-18,MDA,A,src_20260928_undl_ga-voting-2025-03-31-corr1
A/RES/ES-10/24,2024-09-18,MDG,X,src_20260928_undl_ga-voting-2025-03-31-corr1
A/RES/ES-10/24,2024-09-18,MDV,Y,src_20260928_undl_ga-voting-2025-03-31-corr1
A/RES/ES-10/24,2024-09-18,MEX,Y,src_20260928_undl_ga-voting-2025-03-31-corr1
A/RES/ES-10/24,2024-09-18,MHL,Y,src_20260928_undl_ga-voting-2025-03-31-corr1
A/RES/ES-10/24,2024-09-18,MKD,A,src_20260928_undl_ga-voting-2025-03-31-corr1
A/RES/ES-10/24,2024-09-18,MLI,Y,src_20260928_undl_ga-voting-2025-03-31-corr1
A/RES/ES-10/24,2024-09-18,MLT,Y,src_20260928_undl_ga-voting-2025-03-31-corr1
A/RES/ES-10/24,2024-09-18,MMR,Y,src_20260928_undl_ga-voting-2025-03-31-corr1
A/RES/ES-10/24,2024-09-18,MNE,Y,src_20260928_undl_ga-voting-2025-03-31-corr1
A/RES/ES-10/24,2024-09-18,MNG,Y,src_20260928_undl_ga-voting-2025-03-31-corr1
A/RES/ES-10/24,2024-09-18,MOZ,Y,src_20260928_undl_ga-voting-2025-03-31-corr1
A/RES/ES-10/24,2024-09-18,MRT,Y,src_20260928_undl_ga-voting-2025-03-31-corr1
A/RES/ES-10/24,2024-09-18,MUS,Y,src_20260928_undl_ga-voting-2025-03-31-corr1
A/RES/ES-10/24,2024-09-18,MWI,N,src_20260928_undl_ga-voting-2025-03-31-corr1
A/RES/ES-10/24,2024-09-18,MYS,Y,src_20260928_undl_ga-voting-2025-03-31-corr1
A/RES/ES-10/24,2024-09-18,NAM,Y,src_20260928_undl_ga-voting-2025-03-31-corr1
A/RES/ES-10/24,2024-09-18,NER,Y,src_20260928_undl_ga-voting-2025-03-31-corr1
A/RES/ES-10/24,2024-09-18,NGA,Y,src_20260928_undl_ga-voting-2025-03-31-corr1
A/RES/ES-10/24,2024-09-18,NIC,Y,src_20260928_undl_ga-voting-2025-03-31-corr1
A/RES/ES-10/24,2024-09-18,NLD,A,src_20260928_undl_ga-voting-2025-03-31-corr1
A/RES/ES-10/24,2024-09-18,NOR,Y,src_20260928_undl_ga-voting-2025-03-31-corr1
A/RES/ES-10/24,2024-09-18,NPL,A,src_20260928_undl_ga-voting-2025-03-31-corr1
A/RES/ES-10/24,2024-09-18,NRU,N,src_20260928_undl_ga-voting-2025-03-31-corr1
A/RES/ES-10/24,2024-09-18,NZL,Y,src_20260928_undl_ga-voting-2025-03-31-corr1
A/RES/ES-10/24,2024-09-18,OMN,Y,src_20260928_undl_ga-voting-2025-03-31-corr1
A/RES/ES-10/24,2024-09-18,PAK,Y,src_20260928_undl_ga-voting-2025-03-31-corr1
A/RES/ES-10/24,2024-09-18,PAN,A,src_20260928_undl_ga-voting-2025-03-31-corr1
A/RES/ES-10/24,2024-09-18,PER,Y,src_20260928_undl_ga-voting-2025-03-31-corr1
A/RES/ES-10/24,2024-09-18,PHL,Y,src_20260928_undl_ga-voting-2025-03-31-corr1
A/RES/ES-10/24,2024-09-18,PLW,N,src_20260928_undl_ga-voting-2025-03-31-corr1
A/RES/ES-10/24,2024-09-18,PNG,N,src_20260928_undl_ga-voting-2025-03-31-corr1
A/RES/ES-10/24,2024-09-18,POL,A,src_20260928_undl_ga-voting-2025-03-31-corr1
A/RES/ES-10/24,2024-09-18,PRK,Y,src_20260928_undl_ga-voting-2025-03-31-corr1
A/RES/ES-10/24,2024-09-18,PRT,Y,src_20260928_undl_ga-voting-2025-03-31-corr1
A/RES/ES-10/24,2024-09-18,PRY,N,src_20260928_undl_ga-voting-2025-03-31-corr1
A/RES/ES-10/24,2024-09-18,QAT,Y,src_20260928_undl_ga-voting-2025-03-31-corr1
A/RES/ES-10/24,2024-09-18,ROU,A,src_20260928_undl_ga-voting-2025-03-31-corr1
A/RES/ES-10/24,2024-09-18,RUS,Y,src_20260928_undl_ga-voting-2025-03-31-corr1
A/RES/ES-10/24,2024-09-18,RWA,A,src_20260928_undl_ga-voting-2025-03-31-corr1
A/RES/ES-10/24,2024-09-18,SAU,Y,src_20260928_undl_ga-voting-2025-03-31-corr1
A/RES/ES-10/24,2024-09-18,SDN,Y,src_20260928_undl_ga-voting-2025-03-31-corr1
A/RES/ES-10/24,2024-09-18,SEN,Y,src_20260928_undl_ga-voting-2025-03-31-corr1
A/RES/ES-10/24,2024-09-18,SGP,Y,src_20260928_undl_ga-voting-2025-03-31-corr1
A/RES/ES-10/24,2024-09-18,SLB,Y,src_20260928_undl_ga-voting-2025-03-31-corr1
A/RES/ES-10/24,2024-09-18,SLE,Y,src_20260928_undl_ga-voting-2025-03-31-corr1
A/RES/ES-10/24,2024-09-18,SLV,Y,src_20260928_undl_ga-voting-2025-03-31-corr1
A/RES/ES-10/24,2024-09-18,SMR,Y,src_20260928_undl_ga-voting-2025-03-31-corr1
A/RES/ES-10/24,2024-09-18,SOM,X,src_20260928_undl_ga-voting-2025-03-31-corr1
A/RES/ES-10/24,2024-09-18,SRB,A,src_20260928_undl_ga-voting-2025-03-31-corr1
A/RES/ES-10/24,2024-09-18,SSD,A,src_20260928_undl_ga-voting-2025-03-31-corr1
A/RES/ES-10/24,2024-09-18,STP,X,src_20260928_undl_ga-voting-2025-03-31-corr1
A/RES/ES-10/24,2024-09-18,SUR,Y,src_20260928_undl_ga-voting-2025-03-31-corr1
A/RES/ES-10/24,2024-09-18,SVK,A,src_20260928_undl_ga-voting-2025-03-31-corr1
A/RES/ES-10/24,2024-09-18,SVN,Y,src_20260928_undl_ga-voting-2025-03-31-corr1
A/RES/ES-10/24,2024-09-18,SWE,A,src_20260928_undl_ga-voting-2025-03-31-corr1
A/RES/ES-10/24,2024-09-18,SWZ,X,src_20260928_undl_ga-voting-2025-03-31-corr1
A/RES/ES-10/24,2024-09-18,SYC,Y,src_20260928_undl_ga-voting-2025-03-31-corr1
A/RES/ES-10/24,2024-09-18,SYR,Y,src_20260928_undl_ga-voting-2025-03-31-corr1
A/RES/ES-10/24,2024-09-18,TCD,Y,src_20260928_undl_ga-voting-2025-03-31-corr1
A/RES/ES-10/24,2024-09-18,TGO,X,src_20260928_undl_ga-voting-2025-03-31-corr1
A/RES/ES-10/24,2024-09-18,THA,Y,src_20260928_undl_ga-voting-2025-03-31-corr1
A/RES/ES-10/24,2024-09-18,TJK,Y,src_20260928_undl_ga-voting-2025-03-31-corr1
A/RES/ES-10/24,2024-09-18,TKM,Y,src_20260928_undl_ga-voting-2025-03-31-corr1
A/RES/ES-10/24,2024-09-18,TLS,Y,src_20260928_undl_ga-voting-2025-03-31-corr1
A/RES/ES-10/24,2024-09-18,TON,N,src_20260928_undl_ga-voting-2025-03-31-corr1
A/RES/ES-10/24,2024-09-18,TTO,Y,src_20260928_undl_ga-voting-2025-03-31-corr1
A/RES/ES-10/24,2024-09-18,TUN,Y,src_20260928_undl_ga-voting-2025-03-31-corr1
A/RES/ES-10/24,2024-09-18,TUR,Y,src_20260928_undl_ga-voting-2025-03-31-corr1
A/RES/ES-10/24,2024-09-18,TUV,N,src_20260928_undl_ga-voting-2025-03-31-corr1
A/RES/ES-10/24,2024-09-18,TZA,Y,src_20260928_undl_ga-voting-2025-03-31-corr1
A/RES/ES-10/24,2024-09-18,UGA,Y,src_20260928_undl_ga-voting-2025-03-31-corr1
A/RES/ES-10/24,2024-09-18,UKR,A,src_20260928_undl_ga-voting-2025-03-31-corr1
A/RES/ES-10/24,2024-09-18,URY,A,src_20260928_undl_ga-voting-2025-03-31-corr1
A/RES/ES-10/24,2024-09-18,USA,N,src_20260928_undl_ga-voting-2025-03-31-corr1
A/RES/ES-10/24,2024-09-18,UZB,Y,src_20260928_undl_ga-voting-2025-03-31-corr1
A/RES/ES-10/24,2024-09-18,VCT,Y,src_20260928_undl_ga-voting-2025-03-31-corr1
A/RES/ES-10/24,2024-09-18,VEN,X,src_20260928_undl_ga-voting-2025-03-31-corr1
A/RES/ES-10/24,2024-09-18,VNM,Y,src_20260928_undl_ga-voting-2025-03-31-corr1
A/RES/ES-10/24,2024-09-18,VUT,A,src_20260928_undl_ga-voting-2025-03-31-corr1
A/RES/ES-10/24,2024-09-18,WSM,A,src_20260928_undl_ga-voting-2025-03-31-corr1
A/RES/ES-10/24,2024-09-18,YEM,Y,src_20260928_undl_ga-voting-2025-03-31-corr1
A/RES/ES-10/24,2024-09-18,ZAF,Y,src_20260928_undl_ga-voting-2025-03-31-corr1
A/RES/ES-10/24,2024-09-18,ZMB,X,src_20260928_undl_ga-voting-2025-03-31-corr1
A/RES/ES-10/24,2024-09-18,ZWE,Y,src_20260928_undl_ga-voting-2025-03-31-corr1
A/RES/ES-10/25,2024-12-11,AFG,X,src_20260928_undl_ga-voting-2025-03-31-corr1
A/RES/ES-10/25,2024-12-11,AGO,Y,src_20260928_undl_ga-voting-2025-03-31-corr1
A/RES/ES-10/25,2024-12-11,ALB,Y,src_20260928_undl_ga-voting-2025-03-31-corr1
A/RES/ES-10/25,2024-12-11,AND,Y,src_20260928_undl_ga-voting-2025-03-31-corr1
A/RES/ES-10/25,2024-12-11,ARE,Y,src_20260928_undl_ga-voting-2025-03-31-corr1
A/RES/ES-10/25,2024-12-11,ARG,N,src_20260928_undl_ga-voting-2025-03-31-corr1
A/RES/ES-10/25,2024-12-11,ARM,Y,src_20260928_undl_ga-voting-2025-03-31-corr1
A/RES/ES-10/25,2024-12-11,ATG,Y,src_20260928_undl_ga-voting-2025-03-31-corr1
A/RES/ES-10/25,2024-12-11,AUS,Y,src_20260928_undl_ga-voting-2025-03-31-corr1
A/RES/ES-10/25,2024-12-11,AUT,A,src_20260928_undl_ga-voting-2025-03-31-corr1
A/RES/ES-10/25,2024-12-11,AZE,Y,src_20260928_undl_ga-voting-2025-03-31-corr1
A/RES/ES-10/25,2024-12-11,BDI,Y,src_20260928_undl_ga-voting-2025-03-31-corr1
A/RES/ES-10/25,2024-12-11,BEL,Y,src_20260928_undl_ga-voting-2025-03-31-corr1
A/RES/ES-10/25,2024-12-11,BEN,X,src_20260928_undl_ga-voting-2025-03-31-corr1
A/RES/ES-10/25,2024-12-11,BFA,X,src_20260928_undl_ga-voting-2025-03-31-corr1
A/RES/ES-10/25,2024-12-11,BGD,Y,src_20260928_undl_ga-voting-2025-03-31-corr1
A/RES/ES-10/25,2024-12-11,BGR,A,src_20260928_undl_ga-voting-2025-03-31-corr1
A/RES/ES-10/25,2024-12-11,BHR,Y,src_20260928_undl_ga-voting-2025-03-31-corr1
A/RES/ES-10/25,2024-12-11,BHS,Y,src_20260928_undl_ga-voting-2025-03-31-corr1
A/RES/ES-10/25,2024-12-11,BIH,Y,src_20260928_undl_ga-voting-2025-03-31-corr1
A/RES/ES-10/25,2024-12-11,BLR,Y,src_20260928_undl_ga-voting-2025-03-31-corr1
A/RES/ES-10/25,2024-12-11,BLZ,Y,src_20260928_undl_ga-voting-2025-03-31-corr1
A/RES/ES-10/25,2024-12-11,BOL,Y,src_20260928_undl_ga-voting-2025-03-31-corr1
A/RES/ES-10/25,2024-12-11,BRA,Y,src_20260928_undl_ga-voting-2025-03-31-corr1
A/RES/ES-10/25,2024-12-11,BRB,Y,src_20260928_undl_ga-voting-2025-03-31-corr1
A/RES/ES-10/25,2024-12-11,BRN,Y,src_20260928_undl_ga-voting-2025-03-31-corr1
A/RES/ES-10/25,2024-12-11,BTN,Y,src_20260928_undl_ga-voting-2025-03-31-corr1
A/RES/ES-10/25,2024-12-11,BWA,Y,src_20260928_undl_ga-voting-2025-03-31-corr1
A/RES/ES-10/25,2024-12-11,CAF,X,src_20260928_undl_ga-voting-2025-03-31-corr1
A/RES/ES-10/25,2024-12-11,CAN,Y,src_20260928_undl_ga-voting-2025-03-31-corr1
A/RES/ES-10/25,2024-12-11,CHE,Y,src_20260928_undl_ga-voting-2025-03-31-corr1
A/RES/ES-10/25,2024-12-11,CHL,Y,src_20260928_undl_ga-voting-2025-03-31-corr1
A/RES/ES-10/25,2024-12-11,CHN,Y,src_20260928_undl_ga-voting-2025-03-31-corr1
A/RES/ES-10/25,2024-12-11,CIV,Y,src_20260928_undl_ga-voting-2025-03-31-corr1
A/RES/ES-10/25,2024-12-11,CMR,A,src_20260928_undl_ga-voting-2025-03-31-corr1
A/RES/ES-10/25,2024-12-11,COD,X,src_20260928_undl_ga-voting-2025-03-31-corr1
A/RES/ES-10/25,2024-12-11,COG,Y,src_20260928_undl_ga-voting-2025-03-31-corr1
A/RES/ES-10/25,2024-12-11,COL,Y,src_20260928_undl_ga-voting-2025-03-31-corr1
A/RES/ES-10/25,2024-12-11,COM,Y,src_20260928_undl_ga-voting-2025-03-31-corr1
A/RES/ES-10/25,2024-12-11,CPV,Y,src_20260928_undl_ga-voting-2025-03-31-corr1
A/RES/ES-10/25,2024-12-11,CRI,Y,src_20260928_undl_ga-voting-2025-03-31-corr1
A/RES/ES-10/25,2024-12-11,CUB,Y,src_20260928_undl_ga-voting-2025-03-31-corr1
A/RES/ES-10/25,2024-12-11,CYP,Y,src_20260928_undl_ga-voting-2025-03-31-corr1
A/RES/ES-10/25,2024-12-11,CZE,A,src_20260928_undl_ga-voting-2025-03-31-corr1
A/RES/ES-10/25,2024-12-11,DEU,Y,src_20260928_undl_ga-voting-2025-03-31-corr1
A/RES/ES-10/25,2024-12-11,DJI,Y,src_20260928_undl_ga-voting-2025-03-31-corr1
A/RES/ES-10/25,2024-12-11,DMA,X,src_20260928_undl_ga-voting-2025-03-31-corr1
A/RES/ES-10/25,2024-12-11,DNK,Y,src_20260928_undl_ga-voting-2025-03-31-corr1
A/RES/ES-10/25,2024-12-11,DOM,Y,src_20260928_undl_ga-voting-2025-03-31-corr1
A/RES/ES-10/25,2024-12-11,DZA,Y,src_20260928_undl_ga-voting-2025-03-31-corr1
A/RES/ES-10/25,2024-12-11,ECU,Y,src_20260928_undl_ga-voting-2025-03-31-corr1
A/RES/ES-10/25,2024-12-11,EGY,Y,src_20260928_undl_ga-voting-2025-03-31-corr1
A/RES/ES-10/25,2024-12-11,ERI,Y,src_20260928_undl_ga-voting-2025-03-31-corr1
A/RES/ES-10/25,2024-12-11,ESP,Y,src_20260928_undl_ga-voting-2025-03-31-corr1
A/RES/ES-10/25,2024-12-11,EST,Y,src_20260928_undl_ga-voting-2025-03-31-corr1
A/RES/ES-10/25,2024-12-11,ETH,Y,src_20260928_undl_ga-voting-2025-03-31-corr1
A/RES/ES-10/25,2024-12-11,FIN,Y,src_20260928_undl_ga-voting-2025-03-31-corr1
A/RES/ES-10/25,2024-12-11,FJI,A,src_20260928_undl_ga-voting-2025-03-31-corr1
A/RES/ES-10/25,2024-12-11,FRA,Y,src_20260928_undl_ga-voting-2025-03-31-corr1
A/RES/ES-10/25,2024-12-11,FSM,N,src_20260928_undl_ga-voting-2025-03-31-corr1
A/RES/ES-10/25,2024-12-11,GAB,Y,src_20260928_undl_ga-voting-2025-03-31-corr1
A/RES/ES-10/25,2024-12-11,GBR,Y,src_20260928_undl_ga-voting-2025-03-31-corr1
A/RES/ES-10/25,2024-12-11,GEO,A,src_20260928_undl_ga-voting-2025-03-31-corr1
A/RES/ES-10/25,2024-12-11,GHA,Y,src_20260928_undl_ga-voting-2025-03-31-corr1
A/RES/ES-10/25,2024-12-11,GIN,Y,src_20260928_undl_ga-voting-2025-03-31-corr1
A/RES/ES-10/25,2024-12-11,GMB,Y,src_20260928_undl_ga-voting-2025-03-31-corr1
A/RES/ES-10/25,2024-12-11,GNB,X,src_20260928_undl_ga-voting-2025-03-31-corr1
A/RES/ES-10/25,2024-12-11,GNQ,Y,src_20260928_undl_ga-voting-2025-03-31-corr1
A/RES/ES-10/25,2024-12-11,GRC,Y,src_20260928_undl_ga-voting-2025-03-31-corr1
A/RES/ES-10/25,2024-12-11,GRD,Y,src_20260928_undl_ga-voting-2025-03-31-corr1
A/RES/ES-10/25,2024-12-11,GTM,Y,src_20260928_undl_ga-voting-2025-03-31-corr1
A/RES/ES-10/25,2024-12-11,GUY,Y,src_20260928_undl_ga-voting-2025-03-31-corr1
A/RES/ES-10/25,2024-12-11,HND,Y,src_20260928_undl_ga-voting-2025-03-31-corr1
A/RES/ES-10/25,2024-12-11,HRV,Y,src_20260928_undl_ga-voting-2025-03-31-corr1
A/RES/ES-10/25,2024-12-11,HTI,X,src_20260928_undl_ga-voting-2025-03-31-corr1
A/RES/ES-10/25,2024-12-11,HUN,A,src_20260928_undl_ga-voting-2025-03-31-corr1
A/RES/ES-10/25,2024-12-11,IDN,Y,src_20260928_undl_ga-voting-2025-03-31-corr1
A/RES/ES-10/25,2024-12-11,IND,Y,src_20260928_undl_ga-voting-2025-03-31-corr1
A/RES/ES-10/25,2024-12-11,IRL,Y,src_20260928_undl_ga-voting-2025-03-31-corr1
A/RES/ES-10/25,2024-12-11,IRN,Y,src_20260928_undl_ga-voting-2025-03-31-corr1
A/RES/ES-10/25,2024-12-11,IRQ,Y,src_20260928_undl_ga-voting-2025-03-31-corr1
A/RES/ES-10/25,2024-12-11,ISL,Y,src_20260928_undl_ga-voting-2025-03-31-corr1
A/RES/ES-10/25,2024-12-11,ISR,N,src_20260928_undl_ga-voting-2025-03-31-corr1
A/RES/ES-10/25,2024-12-11,ITA,Y,src_20260928_undl_ga-voting-2025-03-31-corr1
A/RES/ES-10/25,2024-12-11,JAM,Y,src_20260928_undl_ga-voting-2025-03-31-corr1
A/RES/ES-10/25,2024-12-11,JOR,Y,src_20260928_undl_ga-voting-2025-03-31-corr1
A/RES/ES-10/25,2024-12-11,JPN,Y,src_20260928_undl_ga-voting-2025-03-31-corr1
A/RES/ES-10/25,2024-12-11,KAZ,Y,src_20260928_undl_ga-voting-2025-03-31-corr1
A/RES/ES-10/25,2024-12-11,KEN,Y,src_20260928_undl_ga-voting-2025-03-31-corr1
A/RES/ES-10/25,2024-12-11,KGZ,Y,src_20260928_undl_ga-voting-2025-03-31-corr1
A/RES/ES-10/25,2024-12-11,KHM,Y,src_20260928_undl_ga-voting-2025-03-31-corr1
A/RES/ES-10/25,2024-12-11,KIR,X,src_20260928_undl_ga-voting-2025-03-31-corr1
A/RES/ES-10/25,2024-12-11,KNA,Y,src_20260928_undl_ga-voting-2025-03-31-corr1
A/RES/ES-10/25,2024-12-11,KOR,Y,src_20260928_undl_ga-voting-2025-03-31-corr1
A/RES/ES-10/25,2024-12-11,KWT,Y,src_20260928_undl_ga-voting-2025-03-31-corr1
A/RES/ES-10/25,2024-12-11,LAO,Y,src_20260928_undl_ga-voting-2025-03-31-corr1
A/RES/ES-10/25,2024-12-11,LBN,Y,src_20260928_undl_ga-voting-2025-03-31-corr1
A/RES/ES-10/25,2024-12-11,LBR,Y,src_20260928_undl_ga-voting-2025-03-31-corr1
A/RES/ES-10/25,2024-12-11,LBY,Y,src_20260928_undl_ga-voting-2025-03-31-corr1
A/RES/ES-10/25,2024-12-11,LCA,Y,src_20260928_undl_ga-voting-2025-03-31-corr1
A/RES/ES-10/25,2024-12-11,LIE,Y,src_20260928_undl_ga-voting-2025-03-31-corr1
A/RES/ES-10/25,2024-12-11,LKA,Y,src_20260928_undl_ga-voting-2025-03-31-corr1
A/RES/ES-10/25,2024-12-11,LSO,Y,src_20260928_undl_ga-voting-2025-03-31-corr1
A/RES/ES-10/25,2024-12-11,LTU,Y,src_20260928_undl_ga-voting-2025-03-31-corr1
A/RES/ES-10/25,2024-12-11,LUX,Y,src_20260928_undl_ga-voting-2025-03-31-corr1
A/RES/ES-10/25,2024-12-11,LVA,Y,src_20260928_undl_ga-voting-2025-03-31-corr1
A/RES/ES-10/25,2024-12-11,MAR,Y,src_20260928_undl_ga-voting-2025-03-31-corr1
A/RES/ES-10/25,2024-12-11,MCO,Y,src_20260928_undl_ga-voting-2025-03-31-corr1
A/RES/ES-10/25,2024-12-11,MDA,A,src_20260928_undl_ga-voting-2025-03-31-corr1
A/RES/ES-10/25,2024-12-11,MDG,Y,src_20260928_undl_ga-voting-2025-03-31-corr1
A/RES/ES-10/25,2024-12-11,MDV,Y,src_20260928_undl_ga-voting-2025-03-31-corr1
A/RES/ES-10/25,2024-12-11,MEX,Y,src_20260928_undl_ga-voting-2025-03-31-corr1
A/RES/ES-10/25,2024-12-11,MHL,Y,src_20260928_undl_ga-voting-2025-03-31-corr1
A/RES/ES-10/25,2024-12-11,MKD,Y,src_20260928_undl_ga-voting-2025-03-31-corr1
A/RES/ES-10/25,2024-12-11,MLI,Y,src_20260928_undl_ga-voting-2025-03-31-corr1
A/RES/ES-10/25,2024-12-11,MLT,Y,src_20260928_undl_ga-voting-2025-03-31-corr1
A/RES/ES-10/25,2024-12-11,MMR,Y,src_20260928_undl_ga-voting-2025-03-31-corr1
A/RES/ES-10/25,2024-12-11,MNE,Y,src_20260928_undl_ga-voting-2025-03-31-corr1
A/RES/ES-10/25,2024-12-11,MNG,Y,src_20260928_undl_ga-voting-2025-03-31-corr1
A/RES/ES-10/25,2024-12-11,MOZ,Y,src_20260928_undl_ga-voting-2025-03-31-corr1
A/RES/ES-10/25,2024-12-11,MRT,Y,src_20260928_undl_ga-voting-2025-03-31-corr1
A/RES/ES-10/25,2024-12-11,MUS,Y,src_20260928_undl_ga-voting-2025-03-31-corr1
A/RES/ES-10/25,2024-12-11,MWI,Y,src_20260928_undl_ga-voting-2025-03-31-corr1
A/RES/ES-10/25,2024-12-11,MYS,Y,src_20260928_undl_ga-voting-2025-03-31-corr1
A/RES/ES-10/25,2024-12-11,NAM,Y,src_20260928_undl_ga-voting-2025-03-31-corr1
A/RES/ES-10/25,2024-12-11,NER,Y,src_20260928_undl_ga-voting-2025-03-31-corr1
A/RES/ES-10/25,2024-12-11,NGA,Y,src_20260928_undl_ga-voting-2025-03-31-corr1
A/RES/ES-10/25,2024-12-11,NIC,Y,src_20260928_undl_ga-voting-2025-03-31-corr1
A/RES/ES-10/25,2024-12-11,NLD,A,src_20260928_undl_ga-voting-2025-03-31-corr1
A/RES/ES-10/25,2024-12-11,NOR,Y,src_20260928_undl_ga-voting-2025-03-31-corr1
A/RES/ES-10/25,2024-12-11,NPL,Y,src_20260928_undl_ga-voting-2025-03-31-corr1
A/RES/ES-10/25,2024-12-11,NRU,N,src_20260928_undl_ga-voting-2025-03-31-corr1
A/RES/ES-10/25,2024-12-11,NZL,Y,src_20260928_undl_ga-voting-2025-03-31-corr1
A/RES/ES-10/25,2024-12-11,OMN,Y,src_20260928_undl_ga-voting-2025-03-31-corr1
A/RES/ES-10/25,2024-12-11,PAK,Y,src_20260928_undl_ga-voting-2025-03-31-corr1
A/RES/ES-10/25,2024-12-11,PAN,Y,src_20260928_undl_ga-voting-2025-03-31-corr1
A/RES/ES-10/25,2024-12-11,PER,Y,src_20260928_undl_ga-voting-2025-03-31-corr1
A/RES/ES-10/25,2024-12-11,PHL,Y,src_20260928_undl_ga-voting-2025-03-31-corr1
A/RES/ES-10/25,2024-12-11,PLW,N,src_20260928_undl_ga-voting-2025-03-31-corr1
A/RES/ES-10/25,2024-12-11,PNG,N,src_20260928_undl_ga-voting-2025-03-31-corr1
A/RES/ES-10/25,2024-12-11,POL,Y,src_20260928_undl_ga-voting-2025-03-31-corr1
A/RES/ES-10/25,2024-12-11,PRK,Y,src_20260928_undl_ga-voting-2025-03-31-corr1
A/RES/ES-10/25,2024-12-11,PRT,Y,src_20260928_undl_ga-voting-2025-03-31-corr1
A/RES/ES-10/25,2024-12-11,PRY,N,src_20260928_undl_ga-voting-2025-03-31-corr1
A/RES/ES-10/25,2024-12-11,QAT,Y,src_20260928_undl_ga-voting-2025-03-31-corr1
A/RES/ES-10/25,2024-12-11,ROU,Y,src_20260928_undl_ga-voting-2025-03-31-corr1
A/RES/ES-10/25,2024-12-11,RUS,Y,src_20260928_undl_ga-voting-2025-03-31-corr1
A/RES/ES-10/25,2024-12-11,RWA,Y,src_20260928_undl_ga-voting-2025-03-31-corr1
A/RES/ES-10/25,2024-12-11,SAU,Y,src_20260928_undl_ga-voting-2025-03-31-corr1
A/RES/ES-10/25,2024-12-11,SDN,Y,src_20260928_undl_ga-voting-2025-03-31-corr1
A/RES/ES-10/25,2024-12-11,SEN,Y,src_20260928_undl_ga-voting-2025-03-31-corr1
A/RES/ES-10/25,2024-12-11,SGP,Y,src_20260928_undl_ga-voting-2025-03-31-corr1
A/RES/ES-10/25,2024-12-11,SLB,Y,src_20260928_undl_ga-voting-2025-03-31-corr1
A/RES/ES-10/25,2024-12-11,SLE,Y,src_20260928_undl_ga-voting-2025-03-31-corr1
A/RES/ES-10/25,2024-12-11,SLV,Y,src_20260928_undl_ga-voting-2025-03-31-corr1
A/RES/ES-10/25,2024-12-11,SMR,Y,src_20260928_undl_ga-voting-2025-03-31-corr1
A/RES/ES-10/25,2024-12-11,SOM,Y,src_20260928_undl_ga-voting-2025-03-31-corr1
A/RES/ES-10/25,2024-12-11,SRB,Y,src_20260928_undl_ga-voting-2025-03-31-corr1
A/RES/ES-10/25,2024-12-11,SSD,A,src_20260928_undl_ga-voting-2025-03-31-corr1
A/RES/ES-10/25,2024-12-11,STP,X,src_20260928_undl_ga-voting-2025-03-31-corr1
A/RES/ES-10/25,2024-12-11,SUR,Y,src_20260928_undl_ga-voting-2025-03-31-corr1
A/RES/ES-10/25,2024-12-11,SVK,Y,src_20260928_undl_ga-voting-2025-03-31-corr1
A/RES/ES-10/25,2024-12-11,SVN,Y,src_20260928_undl_ga-voting-2025-03-31-corr1
A/RES/ES-10/25,2024-12-11,SWE,Y,src_20260928_undl_ga-voting-2025-03-31-corr1
A/RES/ES-10/25,2024-12-11,SWZ,X,src_20260928_undl_ga-voting-2025-03-31-corr1
A/RES/ES-10/25,2024-12-11,SYC,Y,src_20260928_undl_ga-voting-2025-03-31-corr1
A/RES/ES-10/25,2024-12-11,SYR,Y,src_20260928_undl_ga-voting-2025-03-31-corr1
A/RES/ES-10/25,2024-12-11,TCD,Y,src_20260928_undl_ga-voting-2025-03-31-corr1
A/RES/ES-10/25,2024-12-11,TGO,A,src_20260928_undl_ga-voting-2025-03-31-corr1
A/RES/ES-10/25,2024-12-11,THA,Y,src_20260928_undl_ga-voting-2025-03-31-corr1
A/RES/ES-10/25,2024-12-11,TJK,Y,src_20260928_undl_ga-voting-2025-03-31-corr1
A/RES/ES-10/25,2024-12-11,TKM,Y,src_20260928_undl_ga-voting-2025-03-31-corr1
A/RES/ES-10/25,2024-12-11,TLS,Y,src_20260928_undl_ga-voting-2025-03-31-corr1
A/RES/ES-10/25,2024-12-11,TON,N,src_20260928_undl_ga-voting-2025-03-31-corr1
A/RES/ES-10/25,2024-12-11,TTO,Y,src_20260928_undl_ga-voting-2025-03-31-corr1
A/RES/ES-10/25,2024-12-11,TUN,Y,src_20260928_undl_ga-voting-2025-03-31-corr1
A/RES/ES-10/25,2024-12-11,TUR,Y,src_20260928_undl_ga-voting-2025-03-31-corr1
A/RES/ES-10/25,2024-12-11,TUV,X,src_20260928_undl_ga-voting-2025-03-31-corr1
A/RES/ES-10/25,2024-12-11,TZA,Y,src_20260928_undl_ga-voting-2025-03-31-corr1
A/RES/ES-10/25,2024-12-11,UGA,Y,src_20260928_undl_ga-voting-2025-03-31-corr1
A/RES/ES-10/25,2024-12-11,UKR,Y,src_20260928_undl_ga-voting-2025-03-31-corr1
A/RES/ES-10/25,2024-12-11,URY,Y,src_20260928_undl_ga-voting-2025-03-31-corr1
A/RES/ES-10/25,2024-12-11,USA,N,src_20260928_undl_ga-voting-2025-03-31-corr1
A/RES/ES-10/25,2024-12-11,UZB,Y,src_20260928_undl_ga-voting-2025-03-31-corr1
A/RES/ES-10/25,2024-12-11,VCT,Y,src_20260928_undl_ga-voting-2025-03-31-corr1
A/RES/ES-10/25,2024-12-11,VEN,X,src_20260928_undl_ga-voting-2025-03-31-corr1
A/RES/ES-10/25,2024-12-11,VNM,Y,src_20260928_undl_ga-voting-2025-03-31-corr1
A/RES/ES-10/25,2024-12-11,VUT,Y,src_20260928_undl_ga-voting-2025-03-31-corr1
A/RES/ES-10/25,2024-12-11,WSM,Y,src_20260928_undl_ga-voting-2025-03-31-corr1
A/RES/ES-10/25,2024-12-11,YEM,Y,src_20260928_undl_ga-voting-2025-03-31-corr1
A/RES/ES-10/25,2024-12-11,ZAF,Y,src_20260928_undl_ga-voting-2025-03-31-corr1
A/RES/ES-10/25,2024-12-11,ZMB,X,src_20260928_undl_ga-voting-2025-03-31-corr1
A/RES/ES-10/25,2024-12-11,ZWE,Y,src_20260928_undl_ga-voting-2025-03-31-corr1
A/RES/ES-10/26,2024-12-11,AFG,X,src_20260928_undl_ga-voting-2025-03-31-corr1
A/RES/ES-10/26,2024-12-11,AGO,Y,src_20260928_undl_ga-voting-2025-03-31-corr1
A/RES/ES-10/26,2024-12-11,ALB,A,src_20260928_undl_ga-voting-2025-03-31-corr1
A/RES/ES-10/26,2024-12-11,AND,Y,src_20260928_undl_ga-voting-2025-03-31-corr1
A/RES/ES-10/26,2024-12-11,ARE,Y,src_20260928_undl_ga-voting-2025-03-31-corr1
A/RES/ES-10/26,2024-12-11,ARG,N,src_20260928_undl_ga-voting-2025-03-31-corr1
A/RES/ES-10/26,2024-12-11,ARM,Y,src_20260928_undl_ga-voting-2025-03-31-corr1
A/RES/ES-10/26,2024-12-11,ATG,Y,src_20260928_undl_ga-voting-2025-03-31-corr1
A/RES/ES-10/26,2024-12-11,AUS,Y,src_20260928_undl_ga-voting-2025-03-31-corr1
A/RES/ES-10/26,2024-12-11,AUT,Y,src_20260928_undl_ga-voting-2025-03-31-corr1
A/RES/ES-10/26,2024-12-11,AZE,Y,src_20260928_undl_ga-voting-2025-03-31-corr1
A/RES/ES-10/26,2024-12-11,BDI,Y,src_20260928_undl_ga-voting-2025-03-31-corr1
A/RES/ES-10/26,2024-12-11,BEL,Y,src_20260928_undl_ga-voting-2025-03-31-corr1
A/RES/ES-10/26,2024-12-11,BEN,X,src_20260928_undl_ga-voting-2025-03-31-corr1
A/RES/ES-10/26,2024-12-11,BFA,Y,src_20260928_undl_ga-voting-2025-03-31-corr1
A/RES/ES-10/26,2024-12-11,BGD,Y,src_20260928_undl_ga-voting-2025-03-31-corr1
A/RES/ES-10/26,2024-12-11,BGR,Y,src_20260928_undl_ga-voting-2025-03-31-corr1
A/RES/ES-10/26,2024-12-11,BHR,Y,src_20260928_undl_ga-voting-2025-03-31-corr1
A/RES/ES-10/26,2024-12-11,BHS,Y,src_20260928_undl_ga-voting-2025-03-31-corr1
A/RES/ES-10/26,2024-12-11,BIH,Y,src_20260928_undl_ga-voting-2025-03-31-corr1
A/RES/ES-10/26,2024-12-11,BLR,Y,src_20260928_undl_ga-voting-2025-03-31-corr1
A/RES/ES-10/26,2024-12-11,BLZ,Y,src_20260928_undl_ga-voting-2025-03-31-corr1
A/RES/ES-10/26,2024-12-11,BOL,Y,src_20260928_undl_ga-voting-2025-03-31-corr1
A/RES/ES-10/26,2024-12-11,BRA,Y,src_20260928_undl_ga-voting-2025-03-31-corr1
A/RES/ES-10/26,2024-12-11,BRB,Y,src_20260928_undl_ga-voting-2025-03-31-corr1
A/RES/ES-10/26,2024-12-11,BRN,Y,src_20260928_undl_ga-voting-2025-03-31-corr1
A/RES/ES-10/26,2024-12-11,BTN,Y,src_20260928_undl_ga-voting-2025-03-31-corr1
A/RES/ES-10/26,2024-12-11,BWA,Y,src_20260928_undl_ga-voting-2025-03-31-corr1
A/RES/ES-10/26,2024-12-11,CAF,X,src_20260928_undl_ga-voting-2025-03-31-corr1
A/RES/ES-10/26,2024-12-11,CAN,Y,src_20260928_undl_ga-voting-2025-03-31-corr1
A/RES/ES-10/26,2024-12-11,CHE,Y,src_20260928_undl_ga-voting-2025-03-31-corr1
A/RES/ES-10/26,2024-12-11,CHL,Y,src_20260928_undl_ga-voting-2025-03-31-corr1
A/RES/ES-10/26,2024-12-11,CHN,Y,src_20260928_undl_ga-voting-2025-03-31-corr1
A/RES/ES-10/26,2024-12-11,CIV,Y,src_20260928_undl_ga-voting-2025-03-31-corr1
A/RES/ES-10/26,2024-12-11,CMR,A,src_20260928_undl_ga-voting-2025-03-31-corr1
A/RES/ES-10/26,2024-12-11,COD,X,src_20260928_undl_ga-voting-2025-03-31-corr1
A/RES/ES-10/26,2024-12-11,COG,Y,src_20260928_undl_ga-voting-2025-03-31-corr1
A/RES/ES-10/26,2024-12-11,COL,Y,src_20260928_undl_ga-voting-2025-03-31-corr1
A/RES/ES-10/26,2024-12-11,COM,Y,src_20260928_undl_ga-voting-2025-03-31-corr1
A/RES/ES-10/26,2024-12-11,CPV,Y,src_20260928_undl_ga-voting-2025-03-31-corr1
A/RES/ES-10/26,2024-12-11,CRI,Y,src_20260928_undl_ga-voting-2025-03-31-corr1
A/RES/ES-10/26,2024-12-11,CUB,Y,src_20260928_undl_ga-voting-2025-03-31-corr1
A/RES/ES-10/26,2024-12-11,CYP,Y,src_20260928_undl_ga-voting-2025-03-31-corr1
A/RES/ES-10/26,2024-12-11,CZE,N,src_20260928_undl_ga-voting-2025-03-31-corr1
A/RES/ES-10/26,2024-12-11,DEU,Y,src_20260928_undl_ga-voting-2025-03-31-corr1
A/RES/ES-10/26,2024-12-11,DJI,Y,src_20260928_undl_ga-voting-2025-03-31-corr1
A/RES/ES-10/26,2024-12-11,DMA,X,src_20260928_undl_ga-voting-2025-03-31-corr1
A/RES/ES-10/26,2024-12-11,DNK,Y,src_20260928_undl_ga-voting-2025-03-31-corr1
A/RES/ES-10/26,2024-12-11,DOM,Y,src_20260928_undl_ga-voting-2025-03-31-corr1
A/RES/ES-10/26,2024-12-11,DZA,Y,src_20260928_undl_ga-voting-2025-03-31-corr1
A/RES/ES-10/26,2024-12-11,ECU,Y,src_20260928_undl_ga-voting-2025-03-31-corr1
A/RES/ES-10/26,2024-12-11,EGY,Y,src_20260928_undl_ga-voting-2025-03-31-corr1
A/RES/ES-10/26,2024-12-11,ERI,Y,src_20260928_undl_ga-voting-2025-03-31-corr1
A/RES/ES-10/26,2024-12-11,ESP,Y,src_20260928_undl_ga-voting-2025-03-31-corr1
A/RES/ES-10/26,2024-12-11,EST,Y,src_20260928_undl_ga-voting-2025-03-31-corr1
A/RES/ES-10/26,2024-12-11,ETH,Y,src_20260928_undl_ga-voting-2025-03-31-corr1
A/RES/ES-10/26,2024-12-11,FIN,Y,src_20260928_undl_ga-voting-2025-03-31-corr1
A/RES/ES-10/26,2024-12-11,FJI,A,src_20260928_undl_ga-voting-2025-03-31-corr1
A/RES/ES-10/26,2024-12-11,FRA,Y,src_20260928_undl_ga-voting-2025-03-31-corr1
A/RES/ES-10/26,2024-12-11,FSM,A,src_20260928_undl_ga-voting-2025-03-31-corr1
A/RES/ES-10/26,2024-12-11,GAB,Y,src_20260928_undl_ga-voting-2025-03-31-corr1
A/RES/ES-10/26,2024-12-11,GBR,Y,src_20260928_undl_ga-voting-2025-03-31-corr1
A/RES/ES-10/26,2024-12-11,GEO,A,src_20260928_undl_ga-voting-2025-03-31-corr1
A/RES/ES-10/26,2024-12-11,GHA,Y,src_20260928_undl_ga-voting-2025-03-31-corr1
A/RES/ES-10/26,2024-12-11,GIN,Y,src_20260928_undl_ga-voting-2025-03-31-corr1
A/RES/ES-10/26,2024-12-11,GMB,Y,src_20260928_undl_ga-voting-2025-03-31-corr1
A/RES/ES-10/26,2024-12-11,GNB,X,src_20260928_undl_ga-voting-2025-03-31-corr1
A/RES/ES-10/26,2024-12-11,GNQ,Y,src_20260928_undl_ga-voting-2025-03-31-corr1
A/RES/ES-10/26,2024-12-11,GRC,Y,src_20260928_undl_ga-voting-2025-03-31-corr1
A/RES/ES-10/26,2024-12-11,GRD,Y,src_20260928_undl_ga-voting-2025-03-31-corr1
A/RES/ES-10/26,2024-12-11,GTM,Y,src_20260928_undl_ga-voting-2025-03-31-corr1
A/RES/ES-10/26,2024-12-11,GUY,Y,src_20260928_undl_ga-voting-2025-03-31-corr1
A/RES/ES-10/26,2024-12-11,HND,Y,src_20260928_undl_ga-voting-2025-03-31-corr1
A/RES/ES-10/26,2024-12-11,HRV,Y,src_20260928_undl_ga-voting-2025-03-31-corr1
A/RES/ES-10/26,2024-12-11,HTI,X,src_20260928_undl_ga-voting-2025-03-31-corr1
A/RES/ES-10/26,2024-12-11,HUN,N,src_20260928_undl_ga-voting-2025-03-31-corr1
A/RES/ES-10/26,2024-12-11,IDN,Y,src_20260928_undl_ga-voting-2025-03-31-corr1
A/RES/ES-10/26,2024-12-11,IND,Y,src_20260928_undl_ga-voting-2025-03-31-corr1
A/RES/ES-10/26,2024-12-11,IRL,Y,src_20260928_undl_ga-voting-2025-03-31-corr1
A/RES/ES-10/26,2024-12-11,IRN,Y,src_20260928_undl_ga-voting-2025-03-31-corr1
A/RES/ES-10/26,2024-12-11,IRQ,Y,src_20260928_undl_ga-voting-2025-03-31-corr1
A/RES/ES-10/26,2024-12-11,ISL,Y,src_20260928_undl_ga-voting-2025-03-31-corr1
A/RES/ES-10/26,2024-12-11,ISR,N,src_20260928_undl_ga-voting-2025-03-31-corr1
A/RES/ES-10/26,2024-12-11,ITA,Y,src_20260928_undl_ga-voting-2025-03-31-corr1
A/RES/ES-10/26,2024-12-11,JAM,Y,src_20260928_undl_ga-voting-2025-03-31-corr1
A/RES/ES-10/26,2024-12-11,JOR,Y,src_20260928_undl_ga-voting-2025-03-31-corr1
A/RES/ES-10/26,2024-12-11,JPN,Y,src_20260928_undl_ga-voting-2025-03-31-corr1
A/RES/ES-10/26,2024-12-11,KAZ,Y,src_20260928_undl_ga-voting-2025-03-31-corr1
A/RES/ES-10/26,2024-12-11,KEN,Y,src_20260928_undl_ga-voting-2025-03-31-corr1
A/RES/ES-10/26,2024-12-11,KGZ,Y,src_20260928_undl_ga-voting-2025-03-31-corr1
A/RES/ES-10/26,2024-12-11,KHM,Y,src_20260928_undl_ga-voting-2025-03-31-corr1
A/RES/ES-10/26,2024-12-11,KIR,X,src_20260928_undl_ga-voting-2025-03-31-corr1
A/RES/ES-10/26,2024-12-11,KNA,Y,src_20260928_undl_ga-voting-2025-03-31-corr1
A/RES/ES-10/26,2024-12-11,KOR,Y,src_20260928_undl_ga-voting-2025-03-31-corr1
A/RES/ES-10/26,2024-12-11,KWT,Y,src_20260928_undl_ga-voting-2025-03-31-corr1
A/RES/ES-10/26,2024-12-11,LAO,Y,src_20260928_undl_ga-voting-2025-03-31-corr1
A/RES/ES-10/26,2024-12-11,LBN,Y,src_20260928_undl_ga-voting-2025-03-31-corr1
A/RES/ES-10/26,2024-12-11,LBR,Y,src_20260928_undl_ga-voting-2025-03-31-corr1
A/RES/ES-10/26,2024-12-11,LBY,Y,src_20260928_undl_ga-voting-2025-03-31-corr1
A/RES/ES-10/26,2024-12-11,LCA,Y,src_20260928_undl_ga-voting-2025-03-31-corr1
A/RES/ES-10/26,2024-12-11,LIE,Y,src_20260928_undl_ga-voting-2025-03-31-corr1
A/RES/ES-10/26,2024-12-11,LKA,Y,src_20260928_undl_ga-voting-2025-03-31-corr1
A/RES/ES-10/26,2024-12-11,LSO,Y,src_20260928_undl_ga-voting-2025-03-31-corr1
A/RES/ES-10/26,2024-12-11,LTU,A,src_20260928_undl_ga-voting-2025-03-31-corr1
A/RES/ES-10/26,2024-12-11,LUX,Y,src_20260928_undl_ga-voting-2025-03-31-corr1
A/RES/ES-10/26,2024-12-11,LVA,Y,src_20260928_undl_ga-voting-2025-03-31-corr1
A/RES/ES-10/26,2024-12-11,MAR,Y,src_20260928_undl_ga-voting-2025-03-31-corr1
A/RES/ES-10/26,2024-12-11,MCO,Y,src_20260928_undl_ga-voting-2025-03-31-corr1
A/RES/ES-10/26,2024-12-11,MDA,Y,src_20260928_undl_ga-voting-2025-03-31-corr1
A/RES/ES-10/26,2024-12-11,MDG,Y,src_20260928_undl_ga-voting-2025-03-31-corr1
A/RES/ES-10/26,2024-12-11,MDV,Y,src_20260928_undl_ga-voting-2025-03-31-corr1
A/RES/ES-10/26,2024-12-11,MEX,Y,src_20260928_undl_ga-voting-2025-03-31-corr1
A/RES/ES-10/26,2024-12-11,MHL,Y,src_20260928_undl_ga-voting-2025-03-31-corr1
A/RES/ES-10/26,2024-12-11,MKD,Y,src_20260928_undl_ga-voting-2025-03-31-corr1
A/RES/ES-10/26,2024-12-11,MLI,Y,src_20260928_undl_ga-voting-2025-03-31-corr1
A/RES/ES-10/26,2024-12-11,MLT,Y,src_20260928_undl_ga-voting-2025-03-31-corr1
A/RES/ES-10/26,2024-12-11,MMR,Y,src_20260928_undl_ga-voting-2025-03-31-corr1
A/RES/ES-10/26,2024-12-11,MNE,Y,src_20260928_undl_ga-voting-2025-03-31-corr1
A/RES/ES-10/26,2024-12-11,MNG,Y,src_20260928_undl_ga-voting-2025-03-31-corr1
A/RES/ES-10/26,2024-12-11,MOZ,Y,src_20260928_undl_ga-voting-2025-03-31-corr1
A/RES/ES-10/26,2024-12-11,MRT,Y,src_20260928_undl_ga-voting-2025-03-31-corr1
A/RES/ES-10/26,2024-12-11,MUS,Y,src_20260928_undl_ga-voting-2025-03-31-corr1
A/RES/ES-10/26,2024-12-11,MWI,A,src_20260928_undl_ga-voting-2025-03-31-corr1
A/RES/ES-10/26,2024-12-11,MYS,Y,src_20260928_undl_ga-voting-2025-03-31-corr1
A/RES/ES-10/26,2024-12-11,NAM,Y,src_20260928_undl_ga-voting-2025-03-31-corr1
A/RES/ES-10/26,2024-12-11,NER,Y,src_20260928_undl_ga-voting-2025-03-31-corr1
A/RES/ES-10/26,2024-12-11,NGA,Y,src_20260928_undl_ga-voting-2025-03-31-corr1
A/RES/ES-10/26,2024-12-11,NIC,Y,src_20260928_undl_ga-voting-2025-03-31-corr1
A/RES/ES-10/26,2024-12-11,NLD,Y,src_20260928_undl_ga-voting-2025-03-31-corr1
A/RES/ES-10/26,2024-12-11,NOR,Y,src_20260928_undl_ga-voting-2025-03-31-corr1
A/RES/ES-10/26,2024-12-11,NPL,Y,src_20260928_undl_ga-voting-2025-03-31-corr1
A/RES/ES-10/26,2024-12-11,NRU,N,src_20260928_undl_ga-voting-2025-03-31-corr1
A/RES/ES-10/26,2024-12-11,NZL,Y,src_20260928_undl_ga-voting-2025-03-31-corr1
A/RES/ES-10/26,2024-12-11,OMN,Y,src_20260928_undl_ga-voting-2025-03-31-corr1
A/RES/ES-10/26,2024-12-11,PAK,Y,src_20260928_undl_ga-voting-2025-03-31-corr1
A/RES/ES-10/26,2024-12-11,PAN,A,src_20260928_undl_ga-voting-2025-03-31-corr1
A/RES/ES-10/26,2024-12-11,PER,Y,src_20260928_undl_ga-voting-2025-03-31-corr1
A/RES/ES-10/26,2024-12-11,PHL,Y,src_20260928_undl_ga-voting-2025-03-31-corr1
A/RES/ES-10/26,2024-12-11,PLW,A,src_20260928_undl_ga-voting-2025-03-31-corr1
A/RES/ES-10/26,2024-12-11,PNG,N,src_20260928_undl_ga-voting-2025-03-31-corr1
A/RES/ES-10/26,2024-12-11,POL,Y,src_20260928_undl_ga-voting-2025-03-31-corr1
A/RES/ES-10/26,2024-12-11,PRK,Y,src_20260928_undl_ga-voting-2025-03-31-corr1
A/RES/ES-10/26,2024-12-11,PRT,Y,src_20260928_undl_ga-voting-2025-03-31-corr1
A/RES/ES-10/26,2024-12-11,PRY,N,src_20260928_undl_ga-voting-2025-03-31-corr1
A/RES/ES-10/26,2024-12-11,QAT,Y,src_20260928_undl_ga-voting-2025-03-31-corr1
A/RES/ES-10/26,2024-12-11,ROU,Y,src_20260928_undl_ga-voting-2025-03-31-corr1
A/RES/ES-10/26,2024-12-11,RUS,Y,src_20260928_undl_ga-voting-2025-03-31-corr1
A/RES/ES-10/26,2024-12-11,RWA,Y,src_20260928_undl_ga-voting-2025-03-31-corr1
A/RES/ES-10/26,2024-12-11,SAU,Y,src_20260928_undl_ga-voting-2025-03-31-corr1
A/RES/ES-10/26,2024-12-11,SDN,Y,src_20260928_undl_ga-voting-2025-03-31-corr1
A/RES/ES-10/26,2024-12-11,SEN,Y,src_20260928_undl_ga-voting-2025-03-31-corr1
A/RES/ES-10/26,2024-12-11,SGP,Y,src_20260928_undl_ga-voting-2025-03-31-corr1
A/RES/ES-10/26,2024-12-11,SLB,Y,src_20260928_undl_ga-voting-2025-03-31-corr1
A/RES/ES-10/26,2024-12-11,SLE,Y,src_20260928_undl_ga-voting-2025-03-31-corr1
A/RES/ES-10/26,2024-12-11,SLV,Y,src_20260928_undl_ga-voting-2025-03-31-corr1
A/RES/ES-10/26,2024-12-11,SMR,Y,src_20260928_undl_ga-voting-2025-03-31-corr1
A/RES/ES-10/26,2024-12-11,SOM,Y,src_20260928_undl_ga-voting-2025-03-31-corr1
A/RES/ES-10/26,2024-12-11,SRB,Y,src_20260928_undl_ga-voting-2025-03-31-corr1
A/RES/ES-10/26,2024-12-11,SSD,A,src_20260928_undl_ga-voting-2025-03-31-corr1
A/RES/ES-10/26,2024-12-11,STP,X,src_20260928_undl_ga-voting-2025-03-31-corr1
A/RES/ES-10/26,2024-12-11,SUR,Y,src_20260928_undl_ga-voting-2025-03-31-corr1
A/RES/ES-10/26,2024-12-11,SVK,A,src_20260928_undl_ga-voting-2025-03-31-corr1
A/RES/ES-10/26,2024-12-11,SVN,Y,src_20260928_undl_ga-voting-2025-03-31-corr1
A/RES/ES-10/26,2024-12-11,SWE,Y,src_20260928_undl_ga-voting-2025-03-31-corr1
A/RES/ES-10/26,2024-12-11,SWZ,X,src_20260928_undl_ga-voting-2025-03-31-corr1
A/RES/ES-10/26,2024-12-11,SYC,Y,src_20260928_undl_ga-voting-2025-03-31-corr1
A/RES/ES-10/26,2024-12-11,SYR,Y,src_20260928_undl_ga-voting-2025-03-31-corr1
A/RES/ES-10/26,2024-12-11,TCD,Y,src_20260928_undl_ga-voting-2025-03-31-corr1
A/RES/ES-10/26,2024-12-11,TGO,A,src_20260928_undl_ga-voting-2025-03-31-corr1
A/RES/ES-10/26,2024-12-11,THA,Y,src_20260928_undl_ga-voting-2025-03-31-corr1
A/RES/ES-10/26,2024-12-11,TJK,Y,src_20260928_undl_ga-voting-2025-03-31-corr1
A/RES/ES-10/26,2024-12-11,TKM,Y,src_20260928_undl_ga-voting-2025-03-31-corr1
A/RES/ES-10/26,2024-12-11,TLS,Y,src_20260928_undl_ga-voting-2025-03-31-corr1
A/RES/ES-10/26,2024-12-11,TON,N,src_20260928_undl_ga-voting-2025-03-31-corr1
A/RES/ES-10/26,2024-12-11,TTO,Y,src_20260928_undl_ga-voting-2025-03-31-corr1
A/RES/ES-10/26,2024-12-11,TUN,Y,src_20260928_undl_ga-voting-2025-03-31-corr1
A/RES/ES-10/26,2024-12-11,TUR,Y,src_20260928_undl_ga-voting-2025-03-31-corr1
A/RES/ES-10/26,2024-12-11,TUV,X,src_20260928_undl_ga-voting-2025-03-31-corr1
A/RES/ES-10/26,2024-12-11,TZA,Y,src_20260928_undl_ga-voting-2025-03-31-corr1
A/RES/ES-10/26,2024-12-11,UGA,Y,src_20260928_undl_ga-voting-2025-03-31-corr1
A/RES/ES-10/26,2024-12-11,UKR,A,src_20260928_undl_ga-voting-2025-03-31-corr1
A/RES/ES-10/26,2024-12-11,URY,Y,src_20260928_undl_ga-voting-2025-03-31-corr1
A/RES/ES-10/26,2024-12-11,USA,N,src_20260928_undl_ga-voting-2025-03-31-corr1
A/RES/ES-10/26,2024-12-11,UZB,Y,src_20260928_undl_ga-voting-2025-03-31-corr1
A/RES/ES-10/26,2024-12-11,VCT,Y,src_20260928_undl_ga-voting-2025-03-31-corr1
A/RES/ES-10/26,2024-12-11,VEN,X,src_20260928_undl_ga-voting-2025-03-31-corr1
A/RES/ES-10/26,2024-12-11,VNM,Y,src_20260928_undl_ga-voting-2025-03-31-corr1
A/RES/ES-10/26,2024-12-11,VUT,Y,src_20260928_undl_ga-voting-2025-03-31-corr1
A/RES/ES-10/26,2024-12-11,WSM,Y,src_20260928_undl_ga-voting-2025-03-31-corr1
A/RES/ES-10/26,2024-12-11,YEM,Y,src_20260928_undl_ga-voting-2025-03-31-corr1
A/RES/ES-10/26,2024-12-11,ZAF,Y,src_20260928_undl_ga-voting-2025-03-31-corr1
A/RES/ES-10/26,2024-12-11,ZMB,X,src_20260928_undl_ga-voting-2025-03-31-corr1
A/RES/ES-10/26,2024-12-11,ZWE,Y,src_20260928_undl_ga-voting-2025-03-31-corr1
A/RES/79/232,2024-12-19,AFG,X,src_20260928_undl_ga-voting-2025-03-31-corr1
A/RES/79/232,2024-12-19,AGO,Y,src_20260928_undl_ga-voting-2025-03-31-corr1
A/RES/79/232,2024-12-19,ALB,Y,src_20260928_undl_ga-voting-2025-03-31-corr1
A/RES/79/232,2024-12-19,AND,Y,src_20260928_undl_ga-voting-2025-03-31-corr1
A/RES/79/232,2024-12-19,ARE,Y,src_20260928_undl_ga-voting-2025-03-31-corr1
A/RES/79/232,2024-12-19,ARG,N,src_20260928_undl_ga-voting-2025-03-31-corr1
A/RES/79/232,2024-12-19,ARM,Y,src_20260928_undl_ga-voting-2025-03-31-corr1
A/RES/79/232,2024-12-19,ATG,Y,src_20260928_undl_ga-voting-2025-03-31-corr1
A/RES/79/232,2024-12-19,AUS,A,src_20260928_undl_ga-voting-2025-03-31-corr1
A/RES/79/232,2024-12-19,AUT,A,src_20260928_undl_ga-voting-2025-03-31-corr1
A/RES/79/232,2024-12-19,AZE,Y,src_20260928_undl_ga-voting-2025-03-31-corr1
A/RES/79/232,2024-12-19,BDI,Y,src_20260928_undl_ga-voting-2025-03-31-corr1
A/RES/79/232,2024-12-19,BEL,Y,src_20260928_undl_ga-voting-2025-03-31-corr1
A/RES/79/232,2024-12-19,BEN,X,src_20260928_undl_ga-voting-2025-03-31-corr1
A/RES/79/232,2024-12-19,BFA,X,src_20260928_undl_ga-voting-2025-03-31-corr1
A/RES/79/232,2024-12-19,BGD,Y,src_20260928_undl_ga-voting-2025-03-31-corr1
A/RES/79/232,2024-12-19,BGR,A,src_20260928_undl_ga-voting-2025-03-31-corr1
A/RES/79/232,2024-12-19,BHR,Y,src_20260928_undl_ga-voting-2025-03-31-corr1
A/RES/79/232,2024-12-19,BHS,Y,src_20260928_undl_ga-voting-2025-03-31-corr1
A/RES/79/232,2024-12-19,BIH,Y,src_20260928_undl_ga-voting-2025-03-31-corr1
A/RES/79/232,2024-12-19,BLR,Y,src_20260928_undl_ga-voting-2025-03-31-corr1
A/RES/79/232,2024-12-19,BLZ,Y,src_20260928_undl_ga-voting-2025-03-31-corr1
A/RES/79/232,2024-12-19,BOL,Y,src_20260928_undl_ga-voting-2025-03-31-corr1
A/RES/79/232,2024-12-19,BRA,Y,src_20260928_undl_ga-voting-2025-03-31-corr1
A/RES/79/232,2024-12-19,BRB,Y,src_20260928_undl_ga-voting-2025-03-31-corr1
A/RES/79/232,2024-12-19,BRN,Y,src_20260928_undl_ga-voting-2025-03-31-corr1
A/RES/79/232,2024-12-19,BTN,Y,src_20260928_undl_ga-voting-2025-03-31-corr1
A/RES/79/232,2024-12-19,BWA,Y,src_20260928_undl_ga-voting-2025-03-31-corr1
A/RES/79/232,2024-12-19,CAF,X,src_20260928_undl_ga-voting-2025-03-31-corr1
A/RES/79/232,2024-12-19,CAN,A,src_20260928_undl_ga-voting-2025-03-31-corr1
A/RES/79/232,2024-12-19,CHE,Y,src_20260928_undl_ga-voting-2025-03-31-corr1
A/RES/79/232,2024-12-19,CHL,Y,src_20260928_undl_ga-voting-2025-03-31-corr1
A/RES/79/232,2024-12-19,CHN,Y,src_20260928_undl_ga-voting-2025-03-31-corr1
A/RES/79/232,2024-12-19,CIV,Y,src_20260928_undl_ga-voting-2025-03-31-corr1
A/RES/79/232,2024-12-19,CMR,A,src_20260928_undl_ga-voting-2025-03-31-corr1
A/RES/79/232,2024-12-19,COD,X,src_20260928_undl_ga-voting-2025-03-31-corr1
A/RES/79/232,2024-12-19,COG,X,src_20260928_undl_ga-voting-2025-03-31-corr1
A/RES/79/232,2024-12-19,COL,Y,src_20260928_undl_ga-voting-2025-03-31-corr1
A/RES/79/232,2024-12-19,COM,X,src_20260928_undl_ga-voting-2025-03-31-corr1
A/RES/79/232,2024-12-19,CPV,Y,src_20260928_undl_ga-voting-2025-03-31-corr1
A/RES/79/232,2024-12-19,CRI,Y,src_20260928_undl_ga-voting-2025-03-31-corr1
A/RES/79/232,2024-12-19,CUB,Y,src_20260928_undl_ga-voting-2025-03-31-corr1
A/RES/79/232,2024-12-19,CYP,Y,src_20260928_undl_ga-voting-2025-03-31-corr1
A/RES/79/232,2024-12-19,CZE,N,src_20260928_undl_ga-voting-2025-03-31-corr1
A/RES/79/232,2024-12-19,DEU,Y,src_20260928_undl_ga-voting-2025-03-31-corr1
A/RES/79/232,2024-12-19,DJI,Y,src_20260928_undl_ga-voting-2025-03-31-corr1
A/RES/79/232,2024-12-19,DMA,X,src_20260928_undl_ga-voting-2025-03-31-corr1
A/RES/79/232,2024-12-19,DNK,Y,src_20260928_undl_ga-voting-2025-03-31-corr1
A/RES/79/232,2024-12-19,DOM,Y,src_20260928_undl_ga-voting-2025-03-31-corr1
A/RES/79/232,2024-12-19,DZA,Y,src_20260928_undl_ga-voting-2025-03-31-corr1
A/RES/79/232,2024-12-19,ECU,Y,src_20260928_undl_ga-voting-2025-03-31-corr1
A/RES/79/232,2024-12-19,EGY,Y,src_20260928_undl_ga-voting-2025-03-31-corr1
A/RES/79/232,2024-12-19,ERI,Y,src_20260928_undl_ga-voting-2025-03-31-corr1
A/RES/79/232,2024-12-19,ESP,Y,src_20260928_undl_ga-voting-2025-03-31-corr1
A/RES/79/232,2024-12-19,EST,A,src_20260928_undl_ga-voting-2025-03-31-corr1
A/RES/79/232,2024-12-19,ETH,A,src_20260928_undl_ga-voting-2025-03-31-corr1
A/RES/79/232,2024-12-19,FIN,Y,src_20260928_undl_ga-voting-2025-03-31-corr1
A/RES/79/232,2024-12-19,FJI,N,src_20260928_undl_ga-voting-2025-03-31-corr1
A/RES/79/232,2024-12-19,FRA,Y,src_20260928_undl_ga-voting-2025-03-31-corr1
A/RES/79/232,2024-12-19,FSM,N,src_20260928_undl_ga-voting-2025-03-31-corr1
A/RES/79/232,2024-12-19,GAB,X,src_20260928_undl_ga-voting-2025-03-31-corr1
A/RES/79/232,2024-12-19,GBR,Y,src_20260928_undl_ga-voting-2025-03-31-corr1
A/RES/79/232,2024-12-19,GEO,A,src_20260928_undl_ga-voting-2025-03-31-corr1
A/RES/79/232,2024-12-19,GHA,Y,src_20260928_undl_ga-voting-2025-03-31-corr1
A/RES/79/232,2024-12-19,GIN,Y,src_20260928_undl_ga-voting-2025-03-31-corr1
A/RES/79/232,2024-12-19,GMB,Y,src_20260928_undl_ga-voting-2025-03-31-corr1
A/RES/79/232,2024-12-19,GNB,Y,src_20260928_undl_ga-voting-2025-03-31-corr1
A/RES/79/232,2024-12-19,GNQ,X,src_20260928_undl_ga-voting-2025-03-31-corr1
A/RES/79/232,2024-12-19,GRC,A,src_20260928_undl_ga-voting-2025-03-31-corr1
A/RES/79/232,2024-12-19,GRD,X,src_20260928_undl_ga-voting-2025-03-31-corr1
A/RES/79/232,2024-12-19,GTM,Y,src_20260928_undl_ga-voting-2025-03-31-corr1
A/RES/79/232,2024-12-19,GUY,Y,src_20260928_undl_ga-voting-2025-03-31-corr1
A/RES/79/232,2024-12-19,HND,Y,src_20260928_undl_ga-voting-2025-03-31-corr1
A/RES/79/232,2024-12-19,HRV,A,src_20260928_undl_ga-voting-2025-03-31-corr1
A/RES/79/232,2024-12-19,HTI,Y,src_20260928_undl_ga-voting-2025-03-31-corr1
A/RES/79/232,2024-12-19,HUN,N,src_20260928_undl_ga-voting-2025-03-31-corr1
A/RES/79/232,2024-12-19,IDN,Y,src_20260928_undl_ga-voting-2025-03-31-corr1
A/RES/79/232,2024-12-19,IND,Y,src_20260928_undl_ga-voting-2025-03-31-corr1
A/RES/79/232,2024-12-19,IRL,Y,src_20260928_undl_ga-voting-2025-03-31-corr1
A/RES/79/232,2024-12-19,IRN,Y,src_20260928_undl_ga-voting-2025-03-31-corr1
A/RES/79/232,2024-12-19,IRQ,Y,src_20260928_undl_ga-voting-2025-03-31-corr1
A/RES/79/232,2024-12-19,ISL,Y,src_20260928_undl_ga-voting-2025-03-31-corr1
A/RES/79/232,2024-12-19,ISR,N,src_20260928_undl_ga-voting-2025-03-31-corr1
A/RES/79/232,2024-12-19,ITA,Y,src_20260928_undl_ga-voting-2025-03-31-corr1
A/RES/79/232,2024-12-19,JAM,Y,src_20260928_undl_ga-voting-2025-03-31-corr1
A/RES/79/232,2024-12-19,JOR,Y,src_20260928_undl_ga-voting-2025-03-31-corr1
A/RES/79/232,2024-12-19,JPN,Y,src_20260928_undl_ga-voting-2025-03-31-corr1
A/RES/79/232,2024-12-19,KAZ,Y,src_20260928_undl_ga-voting-2025-03-31-corr1
A/RES/79/232,2024-12-19,KEN,Y,src_20260928_undl_ga-voting-2025-03-31-corr1
A/RES/79/232,2024-12-19,KGZ,Y,src_20260928_undl_ga-voting-2025-03-31-corr1
A/RES/79/232,2024-12-19,KHM,Y,src_20260928_undl_ga-voting-2025-03-31-corr1
A/RES/79/232,2024-12-19,KIR,X,src_20260928_undl_ga-voting-2025-03-31-corr1
A/RES/79/232,2024-12-19,KNA,Y,src_20260928_undl_ga-voting-2025-03-31-corr1
A/RES/79/232,2024-12-19,KOR,Y,src_20260928_undl_ga-voting-2025-03-31-corr1
A/RES/79/232,2024-12-19,KWT,Y,src_20260928_undl_ga-voting-2025-03-31-corr1
A/RES/79/232,2024-12-19,LAO,Y,src_20260928_undl_ga-voting-2025-03-31-corr1
A/RES/79/232,2024-12-19,LBN,Y,src_20260928_undl_ga-voting-2025-03-31-corr1
A/RES/79/232,2024-12-19,LBR,Y,src_20260928_undl_ga-voting-2025-03-31-corr1
A/RES/79/232,2024-12-19,LBY,Y,src_20260928_undl_ga-voting-2025-03-31-corr1
A/RES/79/232,2024-12-19,LCA,Y,src_20260928_undl_ga-voting-2025-03-31-corr1
A/RES/79/232,2024-12-19,LIE,Y,src_20260928_undl_ga-voting-2025-03-31-corr1
A/RES/79/232,2024-12-19,LKA,Y,src_20260928_undl_ga-voting-2025-03-31-corr1
A/RES/79/232,2024-12-19,LSO,Y,src_20260928_undl_ga-voting-2025-03-31-corr1
A/RES/79/232,2024-12-19,LTU,A,src_20260928_undl_ga-voting-2025-03-31-corr1
A/RES/79/232,2024-12-19,LUX,Y,src_20260928_undl_ga-voting-2025-03-31-corr1
A/RES/79/232,2024-12-19,LVA,Y,src_20260928_undl_ga-voting-2025-03-31-corr1
A/RES/79/232,2024-12-19,MAR,Y,src_20260928_undl_ga-voting-2025-03-31-corr1
A/RES/79/232,2024-12-19,MCO,Y,src_20260928_undl_ga-voting-2025-03-31-corr1
A/RES/79/232,2024-12-19,MDA,A,src_20260928_undl_ga-voting-2025-03-31-corr1
A/RES/79/232,2024-12-19,MDG,X,src_20260928_undl_ga-voting-2025-03-31-corr1
A/RES/79/232,2024-12-19,MDV,Y,src_20260928_undl_ga-voting-2025-03-31-corr1
A/RES/79/232,2024-12-19,MEX,Y,src_20260928_undl_ga-voting-2025-03-31-corr1
A/RES/79/232,2024-12-19,MHL,Y,src_20260928_undl_ga-voting-2025-03-31-corr1
A/RES/79/232,2024-12-19,MKD,Y,src_20260928_undl_ga-voting-2025-03-31-corr1
A/RES/79/232,2024-12-19,MLI,Y,src_20260928_undl_ga-voting-2025-03-31-corr1
A/RES/79/232,2024-12-19,MLT,Y,src_20260928_undl_ga-voting-2025-03-31-corr1
A/RES/79/232,2024-12-19,MMR,Y,src_20260928_undl_ga-voting-2025-03-31-corr1
A/RES/79/232,2024-12-19,MNE,Y,src_20260928_undl_ga-voting-2025-03-31-corr1
A/RES/79/232,2024-12-19,MNG,Y,src_20260928_undl_ga-voting-2025-03-31-corr1
A/RES/79/232,2024-12-19,MOZ,X,src_20260928_undl_ga-voting-2025-03-31-corr1
A/RES/79/232,2024-12-19,MRT,Y,src_20260928_undl_ga-voting-2025-03-31-corr1
A/RES/79/232,2024-12-19,MUS,Y,src_20260928_undl_ga-voting-2025-03-31-corr1
A/RES/79/232,2024-12-19,MWI,X,src_20260928_undl_ga-voting-2025-03-31-corr1
A/RES/79/232,2024-12-19,MYS,Y,src_20260928_undl_ga-voting-2025-03-31-corr1
A/RES/79/232,2024-12-19,NAM,Y,src_20260928_undl_ga-voting-2025-03-31-corr1
A/RES/79/232,2024-12-19,NER,Y,src_20260928_undl_ga-voting-2025-03-31-corr1
A/RES/79/232,2024-12-19,NGA,Y,src_20260928_undl_ga-voting-2025-03-31-corr1
A/RES/79/232,2024-12-19,NIC,Y,src_20260928_undl_ga-voting-2025-03-31-corr1
A/RES/79/232,2024-12-19,NLD,Y,src_20260928_undl_ga-voting-2025-03-31-corr1
A/RES/79/232,2024-12-19,NOR,Y,src_20260928_undl_ga-voting-2025-03-31-corr1
A/RES/79/232,2024-12-19,NPL,Y,src_20260928_undl_ga-voting-2025-03-31-corr1
A/RES/79/232,2024-12-19,NRU,N,src_20260928_undl_ga-voting-2025-03-31-corr1
A/RES/79/232,2024-12-19,NZL,Y,src_20260928_undl_ga-voting-2025-03-31-corr1
A/RES/79/232,2024-12-19,OMN,Y,src_20260928_undl_ga-voting-2025-03-31-corr1
A/RES/79/232,2024-12-19,PAK,Y,src_20260928_undl_ga-voting-2025-03-31-corr1
A/RES/79/232,2024-12-19,PAN,A,src_20260928_undl_ga-voting-2025-03-31-corr1
A/RES/79/232,2024-12-19,PER,Y,src_20260928_undl_ga-voting-2025-03-31-corr1
A/RES/79/232,2024-12-19,PHL,Y,src_20260928_undl_ga-voting-2025-03-31-corr1
A/RES/79/232,2024-12-19,PLW,N,src_20260928_undl_ga-voting-2025-03-31-corr1
A/RES/79/232,2024-12-19,PNG,N,src_20260928_undl_ga-voting-2025-03-31-corr1
A/RES/79/232,2024-12-19,POL,Y,src_20260928_undl_ga-voting-2025-03-31-corr1
A/RES/79/232,2024-12-19,PRK,Y,src_20260928_undl_ga-voting-2025-03-31-corr1
A/RES/79/232,2024-12-19,PRT,Y,src_20260928_undl_ga-voting-2025-03-31-corr1
A/RES/79/232,2024-12-19,PRY,N,src_20260928_undl_ga-voting-2025-03-31-corr1
A/RES/79/232,2024-12-19,QAT,Y,src_20260928_undl_ga-voting-2025-03-31-corr1
A/RES/79/232,2024-12-19,ROU,A,src_20260928_undl_ga-voting-2025-03-31-corr1
A/RES/79/232,2024-12-19,RUS,Y,src_20260928_undl_ga-voting-2025-03-31-corr1
A/RES/79/232,2024-12-19,RWA,A,src_20260928_undl_ga-voting-2025-03-31-corr1
A/RES/79/232,2024-12-19,SAU,Y,src_20260928_undl_ga-voting-2025-03-31-corr1
A/RES/79/232,2024-12-19,SDN,Y,src_20260928_undl_ga-voting-2025-03-31-corr1
A/RES/79/232,2024-12-19,SEN,Y,src_20260928_undl_ga-voting-2025-03-31-corr1
A/RES/79/232,2024-12-19,SGP,Y,src_20260928_undl_ga-voting-2025-03-31-corr1
A/RES/79/232,2024-12-19,SLB,Y,src_20260928_undl_ga-voting-2025-03-31-corr1
A/RES/79/232,2024-12-19,SLE,Y,src_20260928_undl_ga-voting-2025-03-31-corr1
A/RES/79/232,2024-12-19,SLV,Y,src_20260928_undl_ga-voting-2025-03-31-corr1
A/RES/79/232,2024-12-19,SMR,Y,src_20260928_undl_ga-voting-2025-03-31-corr1
A/RES/79/232,2024-12-19,SOM,Y,src_20260928_undl_ga-voting-2025-03-31-corr1
A/RES/79/232,2024-12-19,SRB,A,src_20260928_undl_ga-voting-2025-03-31-corr1
A/RES/79/232,2024-12-19,SSD,A,src_20260928_undl_ga-voting-2025-03-31-corr1
A/RES/79/232,2024-12-19,STP,X,src_20260928_undl_ga-voting-2025-03-31-corr1
A/RES/79/232,2024-12-19,SUR,Y,src_20260928_undl_ga-voting-2025-03-31-corr1
A/RES/79/232,2024-12-19,SVK,A,src_20260928_undl_ga-voting-2025-03-31-corr1
A/RES/79/232,2024-12-19,SVN,Y,src_20260928_undl_ga-voting-2025-03-31-corr1
A/RES/79/232,2024-12-19,SWE,Y,src_20260928_undl_ga-voting-2025-03-31-corr1
A/RES/79/232,2024-12-19,SWZ,X,src_20260928_undl_ga-voting-2025-03-31-corr1
A/RES/79/232,2024-12-19,SYC,Y,src_20260928_undl_ga-voting-2025-03-31-corr1
A/RES/79/232,2024-12-19,SYR,Y,src_20260928_undl_ga-voting-2025-03-31-corr1
A/RES/79/232,2024-12-19,TCD,Y,src_20260928_undl_ga-voting-2025-03-31-corr1
A/RES/79/232,2024-12-19,TGO,A,src_20260928_undl_ga-voting-2025-03-31-corr1
A/RES/79/232,2024-12-19,THA,Y,src_20260928_undl_ga-voting-2025-03-31-corr1
A/RES/79/232,2024-12-19,TJK,Y,src_20260928_undl_ga-voting-2025-03-31-corr1
A/RES/79/232,2024-12-19,TKM,Y,src_20260928_undl_ga-voting-2025-03-31-corr1
A/RES/79/232,2024-12-19,TLS,Y,src_20260928_undl_ga-voting-2025-03-31-corr1
A/RES/79/232,2024-12-19,TON,N,src_20260928_undl_ga-voting-2025-03-31-corr1
A/RES/79/232,2024-12-19,TTO,Y,src_20260928_undl_ga-voting-2025-03-31-corr1
A/RES/79/232,2024-12-19,TUN,Y,src_20260928_undl_ga-voting-2025-03-31-corr1
A/RES/79/232,2024-12-19,TUR,Y,src_20260928_undl_ga-voting-2025-03-31-corr1
A/RES/79/232,2024-12-19,TUV,X,src_20260928_undl_ga-voting-2025-03-31-corr1
A/RES/79/232,2024-12-19,TZA,Y,src_20260928_undl_ga-voting-2025-03-31-corr1
A/RES/79/232,2024-12-19,UGA,Y,src_20260928_undl_ga-voting-2025-03-31-corr1
A/RES/79/232,2024-12-19,UKR,A,src_20260928_undl_ga-voting-2025-03-31-corr1
A/RES/79/232,2024-12-19,URY,A,src_20260928_undl_ga-voting-2025-03-31-corr1
A/RES/79/232,2024-12-19,USA,N,src_20260928_undl_ga-voting-2025-03-31-corr1
A/RES/79/232,2024-12-19,UZB,Y,src_20260928_undl_ga-voting-2025-03-31-corr1
A/RES/79/232,2024-12-19,VCT,X,src_20260928_undl_ga-voting-2025-03-31-corr1
A/RES/79/232,2024-12-19,VEN,X,src_20260928_undl_ga-voting-2025-03-31-corr1
A/RES/79/232,2024-12-19,VNM,Y,src_20260928_undl_ga-voting-2025-03-31-corr1
A/RES/79/232,2024-12-19,VUT,X,src_20260928_undl_ga-voting-2025-03-31-corr1
A/RES/79/232,2024-12-19,WSM,A,src_20260928_undl_ga-voting-2025-03-31-corr1
A/RES/79/232,2024-12-19,YEM,Y,src_20260928_undl_ga-voting-2025-03-31-corr1
A/RES/79/232,2024-12-19,ZAF,Y,src_20260928_undl_ga-voting-2025-03-31-corr1
A/RES/79/232,2024-12-19,ZMB,X,src_20260928_undl_ga-voting-2025-03-31-corr1
A/RES/79/232,2024-12-19,ZWE,Y,src_20260928_undl_ga-voting-2025-03-31-corr1
